id,title,bhg_group,cluster,duration_years,bibb_url,skills,description,x,y
0,Bauwerksabdichter/Bauwerksabdichterin,(Innen-)Ausbauberufe,"Ingenieurwesen, Produktion & Handwerk",3.0,https://www.bibb.de/dienst/berufesuche/de/index_berufesuche.php/profile/apprenticeship/4823301,und Tiefbaus und von Dachdeckereien|Trag|Mauer|Putz|Beton|und Stemmarbeiten,"Profil der beruflichen Handlungsfähigkeit: Prüfen der Zweckmäßigkeit der Abdichtungsmaßnahme vor Ort, insbesondere hinsichtlich des Wärme- und Brandschutzes, Prüfen der Abdichtungsuntergründe auf Beschaffenheit und Eignung, Ausbessern der Abdichtungsuntergründe oder Veranlassen entsprechender Maßnahmen, Prüfen der Abreißfestigkeit des Betons von Verkehrsflächen und Vorbereiten und Beschichten der Betonflächen, Einschätzen der Witterungsverhältnisse im Hinblick auf die Art der Abdichtung und Ergreifen von Schutzmaßnahmen für die Abdichtung bei Arbeitsunterbrechungen, Herstellen von Abdichtungen gegen Bodenfeuchtigkeit, gegen nichtdrückendes und gegen drückendes Wasser bei Dächern, unter Dachbegrünungen, bei Terrassen und Balkonen, Bodenplatten und Kelleraußenwänden, Bädern und Küchen, Großbehältern und Deponien, Parkdecks sowie Tunnel- und Brückenbauwerken, Herstellen von Abdichtungsanschlüssen und Abdichtungsabschlüssen sowie von Bewegungsfugen, Einbauen von Dämmstoffen, Herstellen von Schutzschichten und Belägen, Anfertigen von Bauberichten und Aufmaßskizzen und Dokumentieren der erbrachten Leistungen, Prüfen der fehlerfreien Ausführung und Qualität Abdichtungsarbeiten, Sanieren und Reparieren sowie Warten und Instandhalten von abgedichteten Flächen, Selbständiges Vorbereiten und Durchführen der Arbeiten auf der Grundlage von technischen Unterlagen und von Arbeitsaufträgen allein und in Kooperation mit anderen, Planen und Koordinieren der Arbeit, Abstimmen mit den am Bau Beteiligten, Ergreifen von Maßnahmen zur Sicherstellung des Arbeitsablaufes, zur Sicherheit und zum Gesundheitsschutz bei der Arbeit sowie zum Umweltschutz auf der Baustelle, Einrichten von Baustellen, Sichern des Arbeitsplatzes zur Abwehr von Unfällen und Gefahren, Aufstellen von Arbeits-, Trag- und Schutzgerüsten und Prüfen der Betriebssicherheit, Aufstellen und Bedienen von Gasbrennern, Bitumenschmelzkochern, Schweißautomaten, Abreißprüfgeräten sowie von Bauaufzugsanlagen, Anfertigen von einfachen Skizzen, Zeichnungen und Verlegeplänen und Durchführen von Messungen, Prüfen von Bau- und Bauhilfsstoffen nach Art und Menge und Lagern und Transportieren dieser Stoffe, Ausführen einfacher Holz-, Mauer-, Putz-, Beton- und Stemmarbeiten.

Berufliche Tätigkeitsfelder: Bauwerksabdichter/innen sind in Betrieben der Bauwirtschaft beschäftigt, vor allem in Spezialbauunternehmen für Abdichtungstechnik oder Flachdachabdichtung sowie in Sonderabteilungen von Bauunternehmen des Hoch- und Tiefbaus und von Dachdeckereien.",176.46757333230283,-259.27875559103023
1,Bodenleger/Bodenlegerin,(Innen-)Ausbauberufe,"Ingenieurwesen, Produktion & Handwerk",3.0,https://www.bibb.de/dienst/berufesuche/de/index_berufesuche.php/profile/apprenticeship/89576854,,"Profil der beruflichen Handlungsfähigkeit: Verlegen von Fertigparkett und Schichtwerkstoffen, Prüfen der Verlegebedingungen, Vorbereiten von Untergründen zum Verlegen von textilen und elastischen Bodenbelägen sowie von Fertigparkett und Schichtwerkstoffen, Herstellen von Untergründen, Gestalten und Verlegen von textilen und elastischen Bodenbelägen, Behandeln von Oberflächen von Korkböden und anderen Bodenbelägen, Be- und Verarbeiten und Anbringen von Profilen, Instandsetzen und Instandhalten von textilen und elastischen Bodenbelägen sowie Fertigparkett und Schichtwerkstoffen, Prüfen der Arbeiten auf fehlerfreie Ausführung und Dokumentieren der Arbeit, Durchführen qualitätssichernder Maßnahmen und Berechnen der erbrachten Leistung, Bedienen und Instandhalten von Geräten und Maschinen, Durchführen von Messungen und Dokumentieren der Ergebnisse, Auswählen und Einrichten von Geräten und Maschinen und Durchführen von Wartungsarbeiten, Manuelles und maschinelles Verarbeiten von Holz, Holzwerkstoffen, Kunststoffen und Metallen, Selbständiges und kundenorientiertes Durchführen der Arbeiten auf der Grundlage von technischen Unterlagen und von Arbeitsaufträgen allein, im Team und in Kooperation mit anderen Gewerken, Planen und Koordinieren der Arbeit, Einrichten von Arbeitsplätzen und Ergreifen von Maßnahmen zur Sicherheit und zum Gesundheitsschutz bei der Arbeit sowie zum Umweltschutz.

Berufliche Tätigkeitsfelder: Bodenleger/innen arbeiten insbesondere in Fußbodenverlegebetrieben, in Fachbetrieben des Raumausstatterhandwerks sowie in allen Betrieben, die entsprechende Dienstleistungen anbieten, zum Beispiel in Raumausstattungsabteilungen von Warenhäusern und in Fachgeschäften für Bodenbeläge oder Raumausstattung.",193.4908532758973,-249.59725101185933
2,Estrichleger/Estrichlegerin,(Innen-)Ausbauberufe,"Ingenieurwesen, Produktion & Handwerk",3.0,https://www.bibb.de/dienst/berufesuche/de/index_berufesuche.php/profile/apprenticeship/4861101,Kälte,"Profil der beruflichen Handlungsfähigkeit: Herstellen von Estrichen aus verschiedenen Materialien und Verlegen von Oberböden, Vorbereiten von Untergründen nach unterschiedlichen Verfahren, Herstellen von Estrichmörtel mit unterschiedlichen Bindemitteln, Herstellen von verschiedenen Estrichen, auch als Gefälle- und Ausgleichestriche, mit und ohne Bewehrungen, Einbringen von Verbundestrichen, Estrichen auf Trennschichten und schwimmende Estriche von Hand und maschinell, Einbauen von Fertigteilestrichen unterschiedlicher Systeme, Auftragen von Kunstharzschichten, Einbauen von Hohlraum- und Doppelböden, Herstellen von Böden aus Beton, Auswählen von Platten, Bahnen und Laminaten für Bodenbeläge im Hinblick auf die Gestaltung von Flächen, Verlegen von Belägen aus Platten, Bahnen und Laminaten, Herstellen von Bauteilen im Trockenbau, beispielsweise Sonderkonstruktionen für Böden, Einbauen von Dämmstoffen für den Wärme-, Kälte- und Schallschutz und Prüfen der Estriche und Beläge auf Schäden, Sanieren und Instandsetzen der Estriche und Beläge, Durchführen von angrenzenden Arbeiten in den Gewerben des Hochbaus, Selbständiges Durchführen der Arbeiten auf der Grundlage von technischen Unterlagen und von Arbeitsaufträgen allein und in Kooperation mit anderen, Planen und Koordinieren der Arbeit, Abstimmen mit den am Bau Beteiligten, Einrichten von Baustellen, Ergreifen von Maßnahmen zur Sicherstellung des Arbeitsablaufes, zur Sicherheit und zum Gesundheitsschutz bei der Arbeit sowie zum Umweltschutz auf der Baustelle, Prüfen der Arbeiten auf fehlerfreie Ausführung und Dokumentieren der Arbeit, Durchführen von qualitätssichernden Maßnahmen, Berechnen der erbrachten Leistung und Übergeben der geräumten Baustelle, Einsetzen von Geräten und Maschinen und Einmessen von Bauwerken und Bauteilen.

Berufliche Tätigkeitsfelder: In Estrichlegereien, in Fachbetrieben für Fußbodentechnik, in Betrieben des Bauhauptgewerbes sowie bei Altbausanierungsunternehmen arbeiten Estrichleger/innen. Sie sind auf wechselnden Baustellen tätig.",230.0955571062147,-326.2793531921429
3,Fachkraft für Holz- und Bautenschutzarbeiten,(Innen-)Ausbauberufe,"Ingenieurwesen, Produktion & Handwerk",2.0,https://www.bibb.de/dienst/berufesuche/de/index_berufesuche.php/profile/apprenticeship/0181007,Fachkräfte für Holz|Erkennen von Schäden an Holz,"Profil der beruflichen Handlungsfähigkeit: Erkennen von Schäden an Holz- und Holzbauteilen, Durchführen von vorbeugenden Holzschutzmaßnahmen gegen tierische und pflanzliche Holzzerstörer (Insekten und Pilze), Bekämpfen von holzzerstörende Insekten und Pilzen, Beseitigen von Schäden, welche durch tierische und pflanzliche Holzzerstörer verursacht werden, Erkennen von Schäden an Bauwerken aus Beton, Mauerwerk und Naturstein, Trocknen durchfeuchteter Bauwerke, Durchführen von Außen- und Innenabdichtungen an erdberührten Bauteilen, Durchführen nachträglicher chemischer Horizontalabdichtungen, Aufbringen von Sanierputzen, Instandsetzen von feuchte- und salzgeschädigten Mauerwerken, Planen und Dokumentieren der Arbeit, Ergreifen von Maßnahmen zur Sicherheit und zum Gesundheitsschutz bei der Arbeit sowie zum Umweltschutz am Arbeitsplatz, Einrichten, Sichern und Räumen von Arbeitsplätzen, kunden- und betriebswirtschaftlich orientiertes Arbeiten auf der Grundlage von Arbeitsaufträgen allein und im Team, Durchführen von qualitätssichernden Maßnahmen.

Berufliche Tätigkeitsfelder: Fachkräfte für Holz- und Bautenschutzarbeiten arbeiten in Betrieben des Holz- und Bautenschutzgewerbes des Handwerks und der Industrie.",25.399975622271644,-93.74573216059727
4,"Fliesen-, Platten- und Mosaikleger/ Fliesen-, Platten- und Mosaiklegerin",(Innen-)Ausbauberufe,"Ingenieurwesen, Produktion & Handwerk",3.0,https://www.bibb.de/dienst/berufesuche/de/index_berufesuche.php/profile/apprenticeship/4830101,Ihren Arbeitsplatz haben Fliesen|Platten|und Mosaikleger/innen in Hochbau|Kälte,"Profil der beruflichen Handlungsfähigkeit: Verlegen von Fliesen, Platten, Mosaiken, Natursteinen und Werksteinen im Dick- und Dünnbettverfahren, Auswählen von Fliesen, Platten, Mosaiken, Natursteinen und Werksteinen im Hinblick auf die Gestaltung von Flächen, Vorbereiten von Untergründen nach unterschiedlichen Verfahren, Herstellen von Putzen und Estrichen, Herstellen von Bekleidungen und Belägen für gegliederte, vertikale, horizontale und geneigte Flächen, Bekleiden von Bauteilen, insbesondere Säulen, Treppen, Bögen, Herstellen und Montieren von Ummantelungen und Verkleidungen, Montieren von vorgefertigten Bauteilen, insbesondere Sanitärsystembauteile, Tragkonstruktionen und Montagewände, Ausführen von Abdichtungen im Verbund mit Bekleidungen und Belägen aus Fliesen, Platten und Mosaiken, Einbauen von Dämmstoffen für den Wärme-, Kälte- und Schallschutz, Entfernen von Ausblühungen und Prüfen von Bekleidungen und Belägen auf Schäden, Sanieren und Instandsetzen, Durchführen von angrenzenden Arbeiten in den Gewerben des Hochbaus, Selbständiges Durchführen der Arbeiten auf der Grundlage von technischen Unterlagen und von Arbeitsaufträgen allein und in Kooperation mit anderen, Planen und Koordinieren der Arbeit, Abstimmen mit den am Bau Beteiligten, Einrichten von Baustellen, Ergreifen von Maßnahmen zur Sicherstellung des Arbeitsablaufes, zur Sicherheit und zum Gesundheitsschutz bei der Arbeit sowie zum Umweltschutz auf der Baustelle, Prüfen der Arbeiten auf fehlerfreie Ausführung, Dokumentieren der Arbeiten, Durchführen von qualitätssichernden Maßnahmen, Berechnen der erbrachten Leistung und Übergeben der geräumten Baustelle, Einsetzen von Geräten und Maschinen, Auf- und Abbauen von Arbeitsgerüsten und Einmessen von Bauwerken und Bauteilen.

Berufliche Tätigkeitsfelder: Ihren Arbeitsplatz haben Fliesen-, Platten- und Mosaikleger/innen in Hochbau- und Ausbauunternehmen und Handwerksbetrieben, zum Beispiel bei Verlegebetrieben.",173.20387409989883,-247.97874563696035
5,Industrie-Isolierer/Industrie-Isoliererin,(Innen-)Ausbauberufe,"Ingenieurwesen, Produktion & Handwerk",3.0,https://www.bibb.de/dienst/berufesuche/de/index_berufesuche.php/profile/apprenticeship/4820101,Herstellen von Wärme|Kälte,"Profil der beruflichen Handlungsfähigkeit: Herstellen von Wärme-, Kälte- und Schalldämmungen an Rohrleitungen, Behältern, Einbauten, Decken und Wänden, Aufstellen und Prüfen von Arbeits- und Schutzgerüsten, Montieren von Leichtwänden und abgehängten Decken, Aufreißen, Abwickeln, Herstellen und Montieren von einfachen und komplexen Formteilen aus Blech, Aufmessen von Anlageteilen und Anfertigen von Isometrien, Auswählen von Dämmstoffen, Werkstoffen für Ummantelungen und Befestigungsmitteln nach Anwendungszweck und unter Berücksichtigung schall- und brandschutztechnischer Gesichtspunkte, Anbringen der Dämmstoffe durch Anlegen, Ansetzen, Wickeln, Kleben, Verdrahten und Bandagieren, Einbringen der Dämmstoffe durch Schütten, Blasen, Stopfen und Schäumen, Herstellen und Anbringen von Matratzen aus Dämmstoffen, Herstellen und Anbringen von Stütz- und Tragkonstruktionen, Ummanteln der Dämmungen mit Blechen, Folien, Bahnen, Bandagen und plastischen Hartmänteln und Formstücken, Prüfen der Ausführung von Dämmsystemen und Dampfbremsen sowie Beurteilen ihrer Wirkung, Ergreifen von Maßnahmen zur Qualitätssicherung.

Berufliche Tätigkeitsfelder: Beschäftigungsmöglichkeiten ergeben sich für Industrie-Isolierer/innen sowohl in Betrieben, die sich auf Dämmungen und Isolierungen spezialisiert haben, als auch in großen Industriebetrieben, wie Kraftwerken, Raffinerien, Energieversorgungsunternehmen oder in der chemischen Industrie.",22.53534446086161,-70.34794308347834
6,Isolierfacharbeiter/Isolierfacharbeiterin,(Innen-)Ausbauberufe,"Ingenieurwesen, Produktion & Handwerk",2.0,https://www.bibb.de/dienst/berufesuche/de/index_berufesuche.php/profile/apprenticeship/4820301,Herstellen von Wärme|Kälte,"Profil der beruflichen Handlungsfähigkeit: Herstellen von Wärme-, Kälte- und Schalldämmungen an Rohrleitungen, Behältern, Einbauten, Decken und Wänden, Aufstellen und Prüfen von Arbeits- und Schutzgerüsten, Montieren von Leichtwänden und abgehängten Decken, Aufreißen, Abwickeln und Herstellen von einfachen Formteilen aus Blech, Montieren von Formteilen, Auswählen von Dämmstoffen, Werkstoffen für Ummantelungen und Befestigungsmitteln nach Anwendungszweck und unter Berücksichtigung schall- und brandschutztechnischer Gesichtspunkte, Anbringen der Dämmstoffe durch Anlegen, Ansetzen, Wickeln, Kleben, Verdrahten und Bandagieren, Einbringen der Dämmstoffe durch Schütten, Blasen, Stopfen und Schäumen, Herstellen und Anbringen von Matratzen aus Dämmstoffen, Herstellen und Anbringen von Stütz- und Tragkonstruktionen, Ummanteln der Dämmungen mit Blechen, Folien, Bahnen, Bandagen und plastischen Hartmänteln, Kontrollieren der ausgeführten Arbeiten.

Berufliche Tätigkeitsfelder: Beschäftigungsmöglichkeiten ergeben sich sowohl in Betrieben, die sich auf Dämmungen und Isolierungen spezialisiert haben als auch in großen Industriebetrieben, wie Kraftwerken, Raffinerien, Energieversorgungsunternehmen oder in der chemischen Industrie.",-7.075202209121764,-39.31904517928805
7,Parkettleger/Parkettlegerin,(Innen-)Ausbauberufe,"Ingenieurwesen, Produktion & Handwerk",3.0,https://www.bibb.de/dienst/berufesuche/de/index_berufesuche.php/profile/apprenticeship/89896111,,Parkettleger/Parkettlegerin,-300.0858901306292,249.25006515885727
8,Rollladen- und Sonnenschutzmechatroniker/ Rollladen- und Sonnenschutzmechatroni-kerin,(Innen-)Ausbauberufe,"Ingenieurwesen, Produktion & Handwerk",3.0,https://www.bibb.de/dienst/berufesuche/de/index_berufesuche.php/profile/apprenticeship/gd8798,Rollladen|und Sonnenschutzanlagen|und Hilfsstoffen sowie Halbzeuge be,"Profil der beruflichen Handlungsfähigkeit: Rollpanzer und Behänge aus Halbzeugen herstellen, Rollläden, Markisen und Jalousien herstellen, liefern und montieren, Tore und Rollgitter montieren und dabei die Herstellervorgaben umsetzen, Rollladen- und Fensterkombinationen herstellen und montieren, Antriebe und Steuerungen montieren und nach Kundenanforderungen programmieren, Maßnahmen zur Energieeinsparung planen und durchführen, Sicherheits- und Einbruchschutzmaßnahmen bei Herstellung, Montage und Sanierung von Rollläden, Fenstern und Türen durchführen, Sicherheits- und Funktionsprüfungen durchführen und dokumentieren, Transport von Bauteilen, Baugruppen und Arbeitsmitteln organisieren, Qualitätssichernde Maßnahmen durchführen und dabei Zusammenhänge zwischen Qualität, Kundenzufriedenheit und Betriebserfolg berücksichtigen, Arbeiten auf der Grundlage von Arbeitsaufträgen oder Plänen alleine und im Team durchführen mit anderen Gewerken selbständig und kundenorientiert koordinieren, Arbeitsplätze einrichten, sichern und räumen, Werk- und Hilfsstoffen sowie Halbzeuge be- und verarbeiten, Werkzeuge, Geräte, Maschinen und technische Anlagen handhaben, bedienen und Instand setzen, Wartungs- und Instandsetzungsmaßnahmen vorbereiten, durchführen und dokumentieren, Leistungen übergeben, Kundengespräche führen, weitere Kundenbedarfe erfassen und deren Umsetzbarkeit prüfen, erbrachte Leistungen berechnen und Maßnahmen zur Sicherheit und zum Gesundheitsschutz bei der Arbeit sowie zum Umweltschutz am Arbeitsplatz ergreifen.

Berufliche Tätigkeitsfelder: Rollladen- und Sonnenschutzmechatroniker/innen arbeiten vor allem in Fachbetrieben des Rollladen- und Sonnenschutztechnikerhandwerks und bei industriellen Herstellern von Rollladen- und Sonnenschutzanlagen.",-15.562957757873379,-53.601630903259654
9,Stuckateur/Stuckateurin,(Innen-)Ausbauberufe,"Ingenieurwesen, Produktion & Handwerk",3.0,https://www.bibb.de/dienst/berufesuche/de/index_berufesuche.php/profile/apprenticeship/4810101,und Abbauen von Arbeits|Schutz|Kälte|Schall,"Profil der beruflichen Handlungsfähigkeit: Selbständiges Durchführen der Arbeiten auf der Grundlage von technischen Unterlagen und von Arbeitsaufträgen allein und in Kooperation mit anderen, Planen und Koordinieren der Arbeit und Abstimmen mit den am Bau Beteiligten, Einrichten von Baustellen und Ergreifen von Maßnahmen zur Sicherstellung des Arbeitsablaufes, zur Sicherheit und zum Gesundheitsschutz bei der Arbeit sowie zum Umweltschutz auf der Baustelle, Prüfen der Arbeiten auf fehlerfreie Ausführung, Dokumentieren der Arbeiten, Durchführen von qualitätssichernden Maßnahmen, Berechnen der erbrachten Leistung und Übergeben der geräumte Baustelle, Einsetzen von Geräten und Maschinen, Auf- und Abbauen von Arbeits-, Schutz- und Traggerüsten und Einmessen von Bauwerken und Bauteilen, Einteilen von Flächen unter Berücksichtigung gestalterischer Gesichtspunkte, Vorbereiten von Untergründen, Bekleiden von Flächen mit Wand-Trockenputz, Herstellen von Putzen für unterschiedliche Anwendungszwecke und Durchführen von Drahtputzarbeiten, Gestalten von Putzoberflächen, Herstellen von Wärmedämmverbundsystemen, Herstellen von Estrichen und Einbauen von Fertigteilestrichen, Ziehen von Stukkprofilen am Tisch und vor Ort, Versetzen und Einputzen der Stukkprofile, Herstellen von Antragstuck und Ausführen von Arbeiten in Stuccolustro- und Stuckmarmortechnik, Setzen von Wänden aus Gipswandbauplatten, Herstellen von Montagewänden, Ummantelungen, Bekleidungen und Unterdecken im Rahmen des Trockenbaus, Montieren und Einbauen von vorgefertigten Bauteilen, Einbauen von Dämmstoffen für den Wärme-, Kälte-, Schall- und Brandschutz, Feststellen von Schäden im Rahmen von Instandsetzungs- und Sanierungsarbeiten, Ermitteln der Ursachen und Durchführen von Instandsetzungs- und Sanierungsarbeiten, Durchführen von angrenzende Arbeiten in den Gewerben des Hochbaus.

Berufliche Tätigkeitsfelder: Ihren Arbeitsplatz haben Stuckateure/Stuckateurinnen in Betrieben des Stuckateurhandwerks oder in Industriebetrieben des Ausbaus.",332.765068792951,-392.0829705344722
10,Trockenbaumonteur/Trockenbaumonteurin,(Innen-)Ausbauberufe,"Ingenieurwesen, Produktion & Handwerk",3.0,https://www.bibb.de/dienst/berufesuche/de/index_berufesuche.php/profile/apprenticeship/78opl,Trockenbaumonteurinnen und|Feuchte|Schall|Heiz|Kühl,"Profil der beruflichen Handlungsfähigkeit: Trockenbaumonteurinnen und -monteure sind Fachleute für die Errichtung und Gestaltung von Innenräumen durch Trockenbauverfahren. Sie spielen eine entscheidende Rolle bei der Verbesserung der Energieeffizienz von Gebäuden, indem sie Dämmstoffe für den Wärme-, Feuchte-, Schall- und Brandschutz einbauen. Ihr Tätigkeitsfeld umfasst das Herstellen von Montagewänden, Abschottungen, Bekleidungen und Unterdecken sowie das Montieren von Unterkonstruktionen für Wand- und Deckenkonstruktionen. Darüber hinaus führen sie den Ausbau von Feuchträumen und Dachgeschossen durch und errichten Brandschutzkonstruktionen sowie Sonderdecken wie Akustik-, Heiz-, Kühl- und Klimadecken sowie Strahlenschutzkonstruktionen. Sanierung und Instandhaltung von Trockenbaukonstruktionen gehören ebenfalls zu ihren Aufgaben. In der Ausbildung lernen sie, Aufträge zu übernehmen, die Arbeiten zu planen, Baustellen einzurichten und zu unterhalten, Baustoffe auszuwählen und zu verarbeiten, Zeichnungen zu erstellen, Messungen durchzuführen, Untergründe zu prüfen, Maschinen und Anlagen einzusetzen und qualitätssichernde Maßnahmen durchzuführen.

Berufliche Tätigkeitsfelder: Ihren Arbeitsplatz haben Trockenbaumonteurinnen und Trockenbaumonteure in Trockenbau- und Stuckateurbetrieben, in Spezialbetrieben für Akustikbau und Objektausbau sowie in anderen Betrieben des Bauhauptgewerbes.",-149.00996517966055,45.95412052251857
11,"Wärme-, Kälte- und Schallschutzisolierer/ Wärme-, Kälte- und Schallschutzisoliererin",(Innen-)Ausbauberufe,"Ingenieurwesen, Produktion & Handwerk",3.0,https://www.bibb.de/dienst/berufesuche/de/index_berufesuche.php/profile/apprenticeship/4820401,Beschäftigungsmöglichkeiten finden Wärme|Kälte|und Abbauen von Arbeits|Schutz|Schall,"Profil der beruflichen Handlungsfähigkeit: Planen und Koordinieren der Arbeit, Abstimmen mit den am Bau Beteiligten und Einrichten von Baustellen, Ergreifen von Maßnahmen zur Sicherstellung des Arbeitsablaufes, zur Sicherheit und zum Gesundheitsschutz bei der Arbeit sowie zum Umweltschutz auf der Baustelle, Prüfen der Arbeiten auf fehlerfreie Ausführung, Dokumentieren der Arbeiten und Durchführen von qualitätssichernden Maßnahmen, Berechnen der erbrachten Leistung und Übergeben der geräumten Baustelle, Einsetzen von Geräten und Maschinen, Auf- und Abbauen von Arbeits-, Schutz- und Traggerüsten und Einmessen von Bauwerken und Bauteilen, Bearbeiten von Materialien des Oberflächenschutzes, beispielsweise Blechen aus Stahl und Nichteisenmetallen sowie Kunststoffen, Herstellen und Anbringen von Stütz- und Tragkonstruktionen, Herstellen von Modellen für Formstücke, Herstellen von Aufrissen und Abwicklungen von Schablonen für einfache und komplexe Formteile, Aufmessen von Anlagenteilen und Anfertigen von Isometrien, Prüfen der Voraussetzungen zum Dämmen und Auswählen von Dämmstoffen, Herstellen von Matratzen aus Dämmstoffen, Einbauen von Dämmstoffen für den Wärme-, Kälte-, Schall- und Brandschutz, Vorfertigen und Montieren von Teilen und Formstücken, Ummanteln von Dämmungen mit Blechen, Folien, Bahnen, Bandagen und plastischen Hartmänteln und Formstücken, Herstellen und Montieren von Innenauskleidungen für Kühlräume, Herstellen von Bauteilen im Trockenbau, Prüfen von Dämmsystemen und Beurteilen ihrer Wirkung, Feststellen von Schäden im Rahmen von Instandsetzungs- und Sanierungsarbeiten, Ermitteln der Ursachen und Durchführen von Instandsetzungs- und Sanierungsarbeiten, Durchführen von angrenzenden Arbeiten in den Gewerben des Hochbaus.

Berufliche Tätigkeitsfelder: Beschäftigungsmöglichkeiten finden Wärme-, Kälte- und Schallschutzisolierer/innen in Isolierbaubetrieben, in Spezialbetrieben für Akustikbau und Schallschutz, in Trockenbau- und Stuckateurbetrieben oder in anderen Betrieben des Bauhauptgewerbes.",259.9435917083942,-338.8289501438876
12,Zimmerer/Zimmerin,(Innen-)Ausbauberufe,"Ingenieurwesen, Produktion & Handwerk",3.0,https://www.bibb.de/dienst/berufesuche/de/index_berufesuche.php/profile/apprenticeship/4510401,und Abbauen von Arbeits|Schutz|Kälte|Schall|und Brandschutz Durchführen von Erhaltungs,"Profil der beruflichen Handlungsfähigkeit: Selbständiges Durchführen der Arbeiten auf der Grundlage von technischen Unterlagen und von Arbeitsaufträgen allein und in Kooperation mit anderen, Planen und Koordinieren der Arbeit und Abstimmen mit den am Bau Beteiligten, Einrichten von Baustellen und Ergreifen von Maßnahmen zur Sicherstellung des Arbeitsablaufes, zur Sicherheit und zum Gesundheitsschutz bei der Arbeit sowie zum Umweltschutz auf der Baustelle, Prüfen der Arbeiten auf fehlerfreie Ausführung, Dokumentieren der Arbeiten, Durchführen von qualitätssichernden Maßnahmen, Berechnen der erbrachten Leistung und Übergeben der geräumten Baustelle, Einsetzen von Geräten und Maschinen, Auf- und Abbauen von Arbeits-, Schutz- und Traggerüsten und Einmessen von Bauwerken und Bauteilen, Herstellen von Holzkonstruktionen, beispielsweise für Decken, Dächer, Fachwerk und Holzrahmenbau, in unterschiedlichen Ausführungen, Herstellen des Abbundes und Berücksichtigen dabei des konstruktiven Holzschutzes, Herstellen und Einbauen von Türen, Toren, geraden und gewendelten Treppen, Herstellen von Außenwandbekleidungen, insbesondere unter Berücksichtigung der Hinterlüftung, Einsetzen von stationären Holzbearbeitungsmaschinen, Herstellen von Bauteilen im Trockenbau, Herstellen von Unterkonstruktionen und Bekleidungen, Bearbeiten und Behandeln von Holzoberflächen, Einbauen von Dämmstoffen für den Wärme-, Kälte-, Schall- und Brandschutz, Durchführen von Erhaltungs- und Instandsetzungsmaßnahmen an Holzkonstruktionen, Durchführen von angrenzendev Arbeiten in den Gewerben des Hochbaus.

Berufliche Tätigkeitsfelder: Beschäftigungsmöglichkeiten finden Zimmerer und Zimmerinnen im Handwerk und in der Industrie z.B. in Zimmereibetrieben, Unternehmen des Bauhauptgewerbes oder in der Fertighausindustrie, bei Dachdeckereien oder Altbausanierungsbetrieben.",280.07081287839856,-364.3727008863753
13,Fachkraft für Straßen- und Verkehrstechnik,"Bauplanungs-, Architektur- und Vermessungsberufe","Ingenieurwesen, Produktion & Handwerk",3.0,https://www.bibb.de/dienst/berufesuche/de/index_berufesuche.php/profile/apprenticeship/6236789,Vor allem in Straßen|und Verkehrstechnik beschäftigt,"Profil der beruflichen Handlungsfähigkeit: Ausführen von zeichnerischen, rechnerischen, konstruktiven, kaufmännischen und verwaltenden Tätigkeiten selbständig und in Kooperation mit anderen im Innen- und Außendienst, manuelles Arbeiten und Arbeiten mit der Technik der Daten- und Informationsverarbeitung, Kommunikation und Telematik, Beachten der Gesetze des Straßenrechts und des Straßenverkehrsrechts, des Natur- und Umweltschutzes und der Vorschriften der Straßenverkehrstechnik und der Straßenbautechnik, Ausführen von Vermessungsarbeiten, Darstellen von Geländeplänen und -profilen, Erheben, Auswerten und Darstellen von Daten, Konstruieren und Berechnen von Straßen- und Verkehrsführungen, Erstellen von Entwurfsplänen für Straßen, Rad- und Gehwege, Bauwerke und öffentliche Nahverkehrsanlagen, Berechnen der Lärmbelastungen und Planen von Lärmschutzmaßnahmen, Planen von Anlagen der Straßenentwässerung, Berücksichtigen von Fachbeiträgen der Landespflege, des Städtebaues und des Immissionsschutzes, Bearbeiten von Unterlagen für die Baurechtsbeschaffung, Vorbereiten von Ausschreibungen für Bauleistungen und Aufstellen von Kostenanschläge, Mitwirken bei der Leitung und Überwachung von Baumaßnahmen und Abrechnen von Bauleistungen, Arbeiten in der technischen Organisation des Betriebes, der Erhaltung und Betreuung des Verkehrswegenetzes und der Bauwerke, Aufstellen von Einsatzplänen für Straßenunterhaltungsarbeiten, Planen und Darstellen der Straßen- und Verkehrsausstattung, Ausarbeiten und Darstellen von Maßnahmen zur Verkehrssicherheit und Verkehrssteuerung, Erfassen von Straßen- und Verkehrsbestandsdaten und Auswerten in Straßeninformationssystemen.

Berufliche Tätigkeitsfelder: Vor allem in Straßen- und Verkehrsverwaltungen der Bundesländer, in Bauämtern der Landkreise und Kommunen sowie in Ingenieurbüros und Bauunternehmen sind Fachkräfte für Straßen- und Verkehrstechnik beschäftigt.",73.22776504250791,-114.41108069468554
14,Fachkraft für Wasserwirtschaft,"Bauplanungs-, Architektur- und Vermessungsberufe","Ingenieurwesen, Produktion & Handwerk",3.0,https://www.bibb.de/dienst/berufesuche/de/index_berufesuche.php/profile/apprenticeship/6235678,und Entsorgungsbetrieben beschäftigt|und Bodenschutzrechts des Natur,"Profil der beruflichen Handlungsfähigkeit: Ausführen von fachtechnischen Arbeiten, insbesondere Messen, Zeichnen, Überwachen sowie betriebswirtschaftlichen und verwaltenden Tätigkeiten selbständig und in Kooperation mit Anderen im Innen- und Außendienst, manuelles Arbeiten und Arbeiten mit der Technik der Daten- und Informationsverarbeitung, Kommunikation und Telematik, Beachten der Gesetze des Wasser- und Bodenschutzrechts, des Natur- und Umweltschutzes und der Vorschriften der Wasserwirtschaft, Vermessen von Gelände, Gewässer und Anlagen und Darstellen in Plänen, Durchführen, Auswerten und Darstellen von Wasserstands- und Abflussmessungen, Entnehmen von Proben an Gewässern und Anlagen und Dokumentieren der Proben, Zeichnen, Konstruieren und Berechnen von Plänen für Wasserversorgungs- und Abwasseranlagen sowie zur Gewässerrenaturierung und zum Hochwasser- oder Küstenschutz, Erstellen oder Bearbeiten der Unterlagen für Anzeigen, Genehmigungen und Gewässerbenutzungsverfahren und Mitwirken bei der Durchführung von wasserrechtlichen Verfahren sowie bei der Erstellung von Wasserbewirtschaftungs- und Maßnahmenplänen, Durchführen von örtlichen Ermittlungen und Erstellen von Unterlagen für Festsetzungsverfahren für Wasserschutzgebiete und Feststellungsverfahren für Überschwemmungsgebiete, Abstimmen von wasserwirtschaftlichen Planungen mit anderen Fachplanungen und Trägern öffentlicher Belange, Mitwirken bei Untersuchungen und Sanierung von Boden- und Gewässerverunreinigungen, Vorbereiten von Ausschreibungen für Bauleistungen und Aufstellen von Kostenanschläge, Überwachen der Bauausführung, Erstellen und Prüfen der Aufmaße und Abrechnungen, Überwachen von Wasserschutz- und Überschwemmungsgebieten, Kontrollieren von Wasserversorgungs- und Abwasseranlagen, Gewässerbenutzungen, sowie von Betrieben und Anlagen zum Umgang mit wassergefährdenden Stoffen.

Berufliche Tätigkeitsfelder: Fachkräfte für Wasserwirtschaft sind vor allem in Wasserwirtschafts- und Umweltverwaltungen, in Ingenieurbüros sowie in Ver- und Entsorgungsbetrieben beschäftigt.",81.91829575166469,-138.35624887495183
15,Geomatiker/Geomatikerin,"Bauplanungs-, Architektur- und Vermessungsberufe","Ingenieurwesen, Produktion & Handwerk",3.0,https://www.bibb.de/dienst/berufesuche/de/index_berufesuche.php/profile/apprenticeship/51467,Kataster|und Geoinformationswesens|in Betrieben und Verlagen der Kartographie,"Profil der beruflichen Handlungsfähigkeit: Erfassen und Beschaffen von Geodaten, Verarbeiten, Verwalten und Veranschaulichen von Geodaten, Modellieren von Geodaten und Aufbereiten in unterschiedliche Formate für verschiedene Medien, Nutzen der Informations- und Kommunikationssysteme der Geomatik, kundenorientiertes Durchführen von Aufträgen unter Verwendung von Geodaten, Mitwirken in der Kundenberatung und Anwenden von Marketingstrategien, Anwenden von Methoden der visuellen Kommunikation und grafischen Gestaltung von Karten sowie Vermittlung und Darstellung komplexer räumlicher Sachverhalte, Umsetzen von Geodaten in Karten, Präsentationsgrafiken und multimediale Produkte, Anwenden von Informations- und Kommunikationstechniken, Beachten der berufsbezogenen Rechts- und Verwaltungsvorschriften, Anwenden naturwissenschaftlicher und mathematischer Grundlagen der Geoinformationstechnologie, teamorientiertes und qualitätssicherndes Arbeiten.

Berufliche Tätigkeitsfelder: Geomatiker und Geomatikerinnen arbeiten im öffentlichen Dienst oder in privatwirtschaftlichen Firmen der Geoinformationsbranche, insbesondere in Dienststellen des Vermessungs-, Kataster- und Geoinformationswesens; in Betrieben und Verlagen der Kartographie; in Betrieben der Fernerkundung und in Betrieben und Dienststellen mit Anwendung der Geoinformationssysteme.",-20.179689487813896,-41.72969437332686
16,Bankkaufmann/Bankkauffrau,"Berufe in Finanzdienstleistungen, Rechnungswesen und Steuerberatung","Wirtschaft, Verwaltung & Organisation",3.0,https://www.bibb.de/dienst/berufesuche/de/index_berufesuche.php/profile/apprenticeship/006989,,"Profil der beruflichen Handlungsfähigkeit: Kunden gewinnen und Kundenbeziehungen pflegen, Serviceleistungen anbieten und Kunden ganzheitlich beraten, zu Konten und Zahlungsverkehrsarten beraten, Kundenaufträge im Rahmen der Kontoführung bearbeiten, Vermögen mit verschiedenen Sparformen bilden, Vermögen mit Wertpapieren bilden, zu Vorsorge und Absicherung informieren, Konsumentenkredite anbieten und Abschlüsse vorbereiten, Baufinanzierungen vorbereiten und bearbeiten, über staatliche Förderungen und steuerliche Auswirkungen informieren, an gewerblichen Finanzierungen mitwirken und Kreditrisiken einschätzen, Instrumente der kaufmännischen Steuerung und Kontrolle nutzen, projektorientiert arbeiten, Prozesse und Schnittstellenmanagement einschätzen, Kommunikations- und Kooperationsfähigkeit einsetzen und Techniken für Problemlösung und Entscheidungsfindung anwenden, rechtliche Regelungen und betriebliche Vorgaben einhalten.

Berufliche Tätigkeitsfelder: Bankkaufleute sind in den wesentlichen Geschäftsbereichen von Kreditinstituten tätig. Auch bei Bausparkassen, Versicherungsgesellschaften, Kreditkartengesellschaften, Kapitalanlagegesellschaften, Wirtschaftsberatungsfirmen, Unternehmen für Vermögens- und Anlageberatung sowie Unternehmen der Grundstücks- und Wohnungswirtschaft finden sie Beschäftigungsmöglichkeiten.",-154.06738575687496,58.5282806677807
17,Investmentfondskaufmann/ Investmentfondskauffrau,"Berufe in Finanzdienstleistungen, Rechnungswesen und Steuerberatung","Wirtschaft, Verwaltung & Organisation",3.0,https://www.bibb.de/dienst/berufesuche/de/index_berufesuche.php/profile/apprenticeship/8675764,Kapital|und Wertpapiermärkten Aufzeigen der Vor|prozess|Kooperations|und Problemlösungsfähigkeiten,"Profil der beruflichen Handlungsfähigkeit: Betreuen von Depots und Abwickeln von Kundenaufträgen, Umsetzen der Entscheidungen des Fondsmanagements in der Fondsbuchhaltung, Buchen von Geschäftsvorgängen und Durchführen von Fondsabschlüssen, Berechnen von Inventarwerten und Anteilspreisen von Sondervermögen, Erstellen von Berichten und Meldungen für interne und externe Stellen, Berechnen von Steuern für Fonds und Depots, Analysieren von Geld-, Kapital- und Wertpapiermärkten, Aufzeigen der Vor- und Nachteile von Immobilienstandorten, Vorbereiten von Entscheidungen des Fondsmanagements und Abwickeln von Handelsaufträgen, Pflegen und Betreuen unterschiedlicher Vertriebskanäle, Durchführen von Marketingmaßnahmen, Anwenden fachspezifischer Fremdsprachenkenntnisse, team-, prozess- und projektorientiertes Arbeiten, Moderieren und Präsentieren, Nutzen von aktuellen Systemen der Informations- und Kommunikationstechnik, Einsetzen von Kommunikations-, Kooperations- und Problemlösungsfähigkeiten.

Berufliche Tätigkeitsfelder: Investmentfondskaufleute arbeiten schwerpunktmäßig in der Fondsbuchhaltung, dem Fondscontrolling und dem Depotgeschäft. Sie sind in allen Bereichen von Kapitalanlagengesellschaften einsetzbar. Sie finden aber auch in speziellen Bereichen bei Kreditinstituten, Versicherungsgesellschaften und Wertpapierabwicklungsgesellschaften Beschäftigungsmöglichkeiten.",8.856048902365782,-42.90250925819121
18,Kaufmann für Versicherungen und Finanzanlagen/ Kauffrau für Versicherungen und Finanzanlagen,"Berufe in Finanzdienstleistungen, Rechnungswesen und Steuerberatung","Wirtschaft, Verwaltung & Organisation",3.0,https://www.bibb.de/dienst/berufesuche/de/index_berufesuche.php/profile/apprenticeship/oli7841,,"Profil der beruflichen Handlungsfähigkeit: Kundinnen und Kunden ganzheitlich in verschiedenen Lebenssituationen individuell beraten und betreuen, Individuelle Bedarfe der Kundinnen und Kunden an Versicherungsschutz, Vermögensanlage und Altersvorsorge analysieren und Lösungsansätze durch Versicherungen aufzeigen und zu versicherbaren Risiken beraten in den Bereichen:, Absicherung von Wohnen und Wohneigentum, Berufsausübung und Freizeitgestaltung, Mobilität und Reisen, Förderung der Gesundheit sowie Absicherung von Krankheit und Pflege, Vorsorge für das Alter und Vermögensbildung sowie Einkommensabsicherung und Hinterbliebenenversorgung, Angebote für kundengerechte Versicherungslösungen erstellen und dabei versicherungsrelevante rechtliche Regelungen einhalten, Finanzanlagesituationen der Kundinnen und Kunden analysieren und Angebote für Finanzanlageprodukte erstellen sowie Kundinnen und Kunden bei der Abwicklung von Kauf- und Verkaufsaufträgen von Finanzanlageprodukten unterstützen, Über staatliche und sonstige Versorgungs- oder Fördermöglichkeiten informieren, Ergänzende Serviceleistungen anbieten, Versicherungsfälle regulieren, Projektorientiert in der digitalisierten Versicherungswirtschaft arbeiten, Prozesse und Schnittstellen einschätzen sowie Auswirkungen, insbesondere auf Wirtschaftlichkeit und Nachhaltigkeit, berücksichtigen, Sie verfügen zusätzlich über vertiefte Qualifikationen in mindestens einem der Bereiche: Risikomanagement, Versicherungsfallmanagement, Risikoabsicherung für Geschäftskunden, Betriebswirtschaftliches Arbeiten im Vertrieb sowie Digitalisierungsprozesse in der Versicherungswirtschaft.

Berufliche Tätigkeitsfelder: Kaufleute für Versicherungen und Finanzanlagen arbeiten überwiegend bei Versicherungsunternehmen und anderen Unternehmen, insbesondere der Finanzdienstleistungsbranche, oder sind selbstständige Vermittlerinnen und Vermittler oder Maklerinnen und Makler. Sie können auch in Wirtschaftsunternehmen der Industrie und des Handels sowie anderen Dienstleistungsunternehmen tätig sein.",-101.23525313329968,1.8005785356811386
19,Steuerfachangestellter,"Berufe in Finanzdienstleistungen, Rechnungswesen und Steuerberatung","Wirtschaft, Verwaltung & Organisation",3.0,https://www.bibb.de/dienst/berufesuche/de/index_berufesuche.php/profile/apprenticeship/steu22,,"Profil der beruflichen Handlungsfähigkeit: Arbeitsprozesse organisieren, Buchführungen und Aufzeichnungen erstellen und auswerten, Entgeltabrechnungen durchführen, Jahresabschlüsse vorbereiten und erstellen sowie Einnahmenüberschussrechnungen erstellen, die Beratung von Mandantinnen und Mandaten in betriebswirtschaftlichen Angelegenheiten vorbereiten und unterstützen, Verwaltungsakte prüfen und Rechtsbehelfe vorbereiten, Steuererklärungen erstellen sowie steuerliche Anträge vorbereiten und übermitteln, mit internen und externen Ansprechpartnerinnen und Ansprechpartnern kommunizieren und kooperieren, digitale Geschäftsprozesse umsetzen, Verschwiegenheitspflichten und berufsrechtliche Vorgaben erkennen und einhalten.

Berufliche Tätigkeitsfelder: Steuerfachangestellte sind in Kanzleien von Steuerberaterinnen und Steuerberatern, Wirtschaftsprüferinnen und Wirtschaftsprüfern sowie vereidigten Buchprüferinnen und Buchprüfern oder bei Berufsausübungsgesellschaften sowie in vergleichbaren Bereichen der Wirtschaft tätig.",-129.94885853956274,59.16725253323919
20,Fachangestellter für Arbeitsmarktdienstleistungen/ Fachangestellte für Arbeitsmarktdienstleistungen,Berufe in Recht und Verwaltung,"Wirtschaft, Verwaltung & Organisation",3.0,https://www.bibb.de/dienst/berufesuche/de/index_berufesuche.php/profile/apprenticeship/080710,,"Profil der beruflichen Handlungsfähigkeit: Erfassen von Kundenanliegen und Beherrschen der sich daraus ergebenden Arbeitsabläufe; Erteilen von Auskünften und selbstständiges Bearbeiten komplexer Anliegen auf der Basis gesetzlicher Vorschriften und unter Berücksichtigung von Effektivität, Effizienz und Qualitätsstandards, Bearbeiten von Anträgen auf Geldleistungen insbesondere hinsichtlich Entgeltersatzleistungen und Leistungen der Grundsicherung, Aufnahme von Arbeitsuchend- und Arbeitslosmeldungen unter Berücksichtigung rechtlicher Rahmenbedingungen, Bearbeiten von Anträgen auf Leistungen nach dem Familienleistungsausgleich, Unterstützen der Bearbeitung insbesondere in den Bereichen Berufsberatung, Arbeitsvermittlung, Fallmanagement und weitere soziale Leistungen wie insbesondere Kinderbetreuung, Suchtberatung, Schuldnerberatung, Unterstützen interner Dienstleistungen insbesondere im Bereich Personal, Finanzen und Controlling, sicheres, kompetentes und dienstleistungsorientiertes Kommunizieren, Kooperieren und Korrespondieren mit Kunden; Nutzen interkultureller Kompetenzen, Verwalten von Terminen für Kunden und Beschäftigte, Einsetzen von Informations- und Kommunikationssysteme und Kunden über deren Nutzung informieren, Beachten von Datenschutz und Datensicherheit.

Berufliche Tätigkeitsfelder: Fachangestellte für Arbeitsmarkdienstleistungen sind insbesondere in Agenturen für Arbeit, bei gemeinsamen Einrichtungen von Kommunen und Agenturen für Arbeit, bei zugelassenen Trägern und in Familienkassen tätig. Sie werden im Kunden- und im internen Dienstleistungsbereich eingesetzt.",-58.75168790674839,-32.07402440451876
21,Fachangestellter für Medien- und Informationsdienste/ Fachangestellte für Medien- und Informati-onsdienste Ausbildung in Fachrichtung: – Bibliothek,Berufe in Recht und Verwaltung,"Wirtschaft, Verwaltung & Organisation",3.0,https://www.bibb.de/dienst/berufesuche/de/index_berufesuche.php/profile/apprenticeship/8234103,,"Profil der beruflichen Handlungsfähigkeit: Beschaffen, Erschließen, Archivieren und Vermitteln von Bildern, Identifizieren und Katalogisieren von Bildinhalten, Durchführen einer technischen Bearbeitung und der Aufbewahrung von Bildern, Nutzen Pflegen und Verwalten von Bildinformationen, Anwenden von Bildarchivierungsmethoden, Erstellen von Bildspeichern und Einsetzen von elektronischen und konventionellen Liefersystemen, Entgegennehmen und Bearbeiten von Aufträgen, Zusammenstellen von Bildangeboten, Vereinbaren der Nutzungsrechte und Anwenden von Kalkulationsschemata für Honorare, Überwachen der Leihfristen, Bearbeiten von Rechnungen und Mahnungen, Mitwirken bei der Erstellung von Bildkatalogen und Werbemitteln, Mitwirken bei der Akquisition von Kunden, Beschaffen und Erwerben von Medien, Informationen und Daten, Erfassen und Erschließen von Medien, Informationen und Daten, Sichern von Medienbeständen und sonstigen Informationsträgern, Einsetzen von Informations- und Kommunikationssystemen, Recherchieren in Datenbanken und -netzen, Informieren, Beraten und Betreuen von Kunden und Benutzern, Mitwirken an der Öffentlichkeitsarbeit und am Marketing,.",211.21056483743914,-305.58857236297166
22,Fachangestellter für Medien- und Informationsdienste/ Fachangestellte für Medien- und Informationsdienste Ausbildung in Fachrichtung: – Information und Dokumentation,Berufe in Recht und Verwaltung,"Wirtschaft, Verwaltung & Organisation",3.0,https://www.bibb.de/dienst/berufesuche/de/index_berufesuche.php/profile/apprenticeship/8234103,,"Profil der beruflichen Handlungsfähigkeit: Beschaffen, Erschließen, Archivieren und Vermitteln von Bildern, Identifizieren und Katalogisieren von Bildinhalten, Durchführen einer technischen Bearbeitung und der Aufbewahrung von Bildern, Nutzen Pflegen und Verwalten von Bildinformationen, Anwenden von Bildarchivierungsmethoden, Erstellen von Bildspeichern und Einsetzen von elektronischen und konventionellen Liefersystemen, Entgegennehmen und Bearbeiten von Aufträgen, Zusammenstellen von Bildangeboten, Vereinbaren der Nutzungsrechte und Anwenden von Kalkulationsschemata für Honorare, Überwachen der Leihfristen, Bearbeiten von Rechnungen und Mahnungen, Mitwirken bei der Erstellung von Bildkatalogen und Werbemitteln, Mitwirken bei der Akquisition von Kunden, Beschaffen und Erwerben von Medien, Informationen und Daten, Erfassen und Erschließen von Medien, Informationen und Daten, Sichern von Medienbeständen und sonstigen Informationsträgern, Einsetzen von Informations- und Kommunikationssystemen, Recherchieren in Datenbanken und -netzen, Informieren, Beraten und Betreuen von Kunden und Benutzern, Mitwirken an der Öffentlichkeitsarbeit und am Marketing,.",214.04941342643045,-309.7112082775144
23,Fachangestellter für Medien- und Informationsdienste/ Fachangestellte für Medien- und Informationsdienste Ausbildung in Fachrichtung: – Medizinische Dokumentation,Berufe in Recht und Verwaltung,"Wirtschaft, Verwaltung & Organisation",3.0,https://www.bibb.de/dienst/berufesuche/de/index_berufesuche.php/profile/apprenticeship/8234103,,"Profil der beruflichen Handlungsfähigkeit: Beschaffen, Erschließen, Archivieren und Vermitteln von Bildern, Identifizieren und Katalogisieren von Bildinhalten, Durchführen einer technischen Bearbeitung und der Aufbewahrung von Bildern, Nutzen Pflegen und Verwalten von Bildinformationen, Anwenden von Bildarchivierungsmethoden, Erstellen von Bildspeichern und Einsetzen von elektronischen und konventionellen Liefersystemen, Entgegennehmen und Bearbeiten von Aufträgen, Zusammenstellen von Bildangeboten, Vereinbaren der Nutzungsrechte und Anwenden von Kalkulationsschemata für Honorare, Überwachen der Leihfristen, Bearbeiten von Rechnungen und Mahnungen, Mitwirken bei der Erstellung von Bildkatalogen und Werbemitteln, Mitwirken bei der Akquisition von Kunden, Beschaffen und Erwerben von Medien, Informationen und Daten, Erfassen und Erschließen von Medien, Informationen und Daten, Sichern von Medienbeständen und sonstigen Informationsträgern, Einsetzen von Informations- und Kommunikationssystemen, Recherchieren in Datenbanken und -netzen, Informieren, Beraten und Betreuen von Kunden und Benutzern, Mitwirken an der Öffentlichkeitsarbeit und am Marketing,.",211.2812512668239,-307.8941371350837
24,Fachangestellter für Medien- und Informationsdienste/ Fachangestellte für Medien- und Informationsdienste Ausbildung in Fachrichtungen: – Archiv – Bildagentur,Berufe in Recht und Verwaltung,"Wirtschaft, Verwaltung & Organisation",3.0,https://www.bibb.de/dienst/berufesuche/de/index_berufesuche.php/profile/apprenticeship/8234103,,"Profil der beruflichen Handlungsfähigkeit: Beschaffen, Erschließen, Archivieren und Vermitteln von Bildern, Identifizieren und Katalogisieren von Bildinhalten, Durchführen einer technischen Bearbeitung und der Aufbewahrung von Bildern, Nutzen Pflegen und Verwalten von Bildinformationen, Anwenden von Bildarchivierungsmethoden, Erstellen von Bildspeichern und Einsetzen von elektronischen und konventionellen Liefersystemen, Entgegennehmen und Bearbeiten von Aufträgen, Zusammenstellen von Bildangeboten, Vereinbaren der Nutzungsrechte und Anwenden von Kalkulationsschemata für Honorare, Überwachen der Leihfristen, Bearbeiten von Rechnungen und Mahnungen, Mitwirken bei der Erstellung von Bildkatalogen und Werbemitteln, Mitwirken bei der Akquisition von Kunden, Beschaffen und Erwerben von Medien, Informationen und Daten, Erfassen und Erschließen von Medien, Informationen und Daten, Sichern von Medienbeständen und sonstigen Informationsträgern, Einsetzen von Informations- und Kommunikationssystemen, Recherchieren in Datenbanken und -netzen, Informieren, Beraten und Betreuen von Kunden und Benutzern, Mitwirken an der Öffentlichkeitsarbeit und am Marketing,.",199.77795157547922,-312.1047542196913
25,Justizfachangestellter/ Justizfachangestellte,Berufe in Recht und Verwaltung,"Wirtschaft, Verwaltung & Organisation",3.0,https://www.bibb.de/dienst/berufesuche/de/index_berufesuche.php/profile/apprenticeship/jufa25,Straf,"Profil der beruflichen Handlungsfähigkeit: Straf- und Ordnungswidrigkeitenverfahren organisieren, Zivilprozessverfahren begleiten, Zwangsvollstreckung in das bewegliche Vermögen organisieren, Zwangsvollstreckung in das unbewegliche Vermögen ausführen, Insolvenzverfahren umsetzen, Familiensachen bearbeiten, Nachlasssachen bearbeiten, betreuungsgerichtliche Angelegenheiten bearbeiten, Angelegenheiten beim Führen von öffentlichen Registern übernehmen, Angelegenheiten in Grundbuchsachen wahrnehmen, Kosten und Entschädigungen bearbeiten und berechnen, Arbeitsprozesse organisieren, digitale Geschäftsprozesse umsetzen und, Kommunikation und Zusammenarbeit gestalten.

Berufliche Tätigkeitsfelder: Justizfachangestellte arbeiten bei Gerichten und Staatsanwaltschaften.",-197.39456246072766,116.17380546053725
26,Kaufmann im Gesundheitswesen/ Kauffrau im Gesundheitswesen,Berufe in Recht und Verwaltung,"Wirtschaft, Verwaltung & Organisation",3.0,https://www.bibb.de/dienst/berufesuche/de/index_berufesuche.php/profile/apprenticeship/87980097,Anwenden von sozial,"Profil der beruflichen Handlungsfähigkeit: Anwenden von sozial- und gesundheitsrechtlichen Regelungen, Gestalten von Organisationsabläufen und Verwaltungsprozessen, Nutzen von Informations- und Kommunikationssystemen, Mitwirken bei der Entwicklung und Erarbeitung von Konzepten über Dienstleistungsangebote, Beobachten des Marktgeschehens und Erarbeiten von Marketingkonzepten, team- und kundenorientiert Arbeiten, Informieren und Betreuen von Kunden, Einsetzen von Methoden der Arbeitsplanung und -kontrolle, Bearbeiten von Geschäftsvorgängen des Rechnungswesens und Durchführen von Kalkulationen, Mitwirken bei der Aufstellung des Haushaltes auf der Basis unterschiedlicher Finanzierungsquellen, Abrechnen von Leistungen mit Krankenkassen und sonstigen Kostenträgern, dabei Nutzen von Dokumentationssystemen, Erarbeiten und Evaluieren von qualitätssichernden Maßnahmen, Bearbeiten von Vorgängen des betrieblichen Berichtswesens, Erstellen, Auswerten und Präsentieren von Statistiken, Bearbeiten von personalwirtschaftlichen Vorgängen, Ermitteln des Bedarfs an benötigten Materialien, Produkten und Dienstleistungen, Beschaffen und Verwalten der Materialien.

Berufliche Tätigkeitsfelder: Kaufleute im Gesundheitswesen arbeiten überwiegend in Krankenhäusern, Pflegeeinrichtungen, Vorsorge- und Rehabilitationseinrichtungen, bei Krankenkassen und medizinischen Diensten, ärztlichen Organisationen und Verbänden sowie in Arztpraxen, bei Rettungsdiensten und Verbänden der freien Wohlfahrtspflege.",67.34389789309434,-108.4376718859595
27,Notarfachangestellter/ Notarfachangestellte,Berufe in Recht und Verwaltung,"Wirtschaft, Verwaltung & Organisation",3.0,https://www.bibb.de/dienst/berufesuche/de/index_berufesuche.php/profile/apprenticeship/050712,und Gesellschaftsrechts und des Familien,"Profil der beruflichen Handlungsfähigkeit: Serviceorientiertes Betreuen von Beteiligten, auch in englischer Sprache, Planen, Vorbereiten und Begleiten von Konferenzen und Besprechungen, Planen, Organisieren, Gestalten und Optimieren von Betriebs- und Arbeitsabläufen, Berechnen, Notieren und Überwachen von Fristen und Terminen, Unterscheiden der Rechtssysteme und Anwenden von Rechtsvorschriften , Buchen betrieblicher Geschäftsvorfälle und Abwickeln von Zahlungsvorgängen, Einsetzen von elektronischen Informations- und Kommunikationssystemen und branchenspezifischer Software im Rahmen der Vorbereitung und Abwicklung notarieller Vorgänge, Ausführen vorbereitender Tätigkeiten im Rahmen des elektronischen Rechtsverkehrs, Durchführen von Vollzugstätigkeiten zu notariellen Vorgängen, Führen von Büchern und Verzeichnissen des Notars, Vorbereiten und Entwerfen von Verträgen und Erklärungen im Bereich des Immobilienrechts, des Handels- und Gesellschaftsrechts und des Familien- und Erbrechts unter Beachtung der einschlägigen gesetzlichen Bestimmungen, Ausfertigen von Urkunden, Einsichtnahme in das elektronische Grundbuch sowie Handelsregister und Auswerten von Informationen, Erstellen notarieller Kostenberechnungen.

Berufliche Tätigkeitsfelder: Notarfachangestellte sind in Notariaten sowie in Rechtsanwaltskanzleien mit Notaren tätig.",37.815018476324205,-86.1605699024201
28,Patentanwaltsfachangestellter/ Patentanwaltsfachangestellte,Berufe in Recht und Verwaltung,"Wirtschaft, Verwaltung & Organisation",3.0,https://www.bibb.de/dienst/berufesuche/de/index_berufesuche.php/profile/apprenticeship/030712,,"Profil der beruflichen Handlungsfähigkeit: Serviceorientiertes Betreuen von Mandanten, auch in englischer Sprache, Planen, Vorbereiten und Begleiten von Konferenzen und Besprechungen, Planen, Organisieren, Gestalten und Optimieren von Betriebs- und Arbeitsabläufen, Berechnen, Notieren und Überwachen von Fristen und Terminen, Unterscheiden der Rechtssysteme und Anwenden von Rechtsvorschriften , Buchen betrieblicher Geschäftsvorfälle und Abwickeln von Zahlungsvorgängen, Einsetzen von elektronischen Informations- und Kommunikationssystemen und branchenspezifischer Software, Nutzen des elektronischen Rechtsverkehrs, Vorbereiten von deutschen Schutzrechtsanmeldungen, Vorbereiten von internationalen und regionalen Schutzrechtsanmeldungen sowie nationalen Auslandsschutzrechtsanmeldungen, Begleiten der Erteilungs- und Eintragungsverfahren, Unterstützen der ausländischen Rechts- und Patentanwälte, Auswählen von Rechtsmitteln und Rechtsbehelfen in deutschen und internationalen Schutzrechtsangelegenheiten, Aufrechterhalten von gewerblichen Schutzrechten, Begleiten und Durchführen von Verfahren im Rechtsweg zur Verteidigung und Vernichtung von nationalen und internationalen Schutzrechten, Führen der Korrespondenz mit Mandanten, Behörden und Anwälten im In- und Ausland, auch in englischer Sprache, Anwenden von Vergütungs- und Kostenrecht und Erstellen von Vergütungsrechnungen, Durchführen von Kostenfestsetzungsverfahren.

Berufliche Tätigkeitsfelder: Patentanwaltsfachangestellte sind in Patentanwaltskanzleien, in Patent- und Markenabteilungen von Unternehmen sowie bei Behörden und Gerichten des gewerblichen Rechtsschutzes tätig.",76.89821052943809,-90.02729688803979
29,Rechtsanwalts- und Notarfachangestellter/ Rechtsanwalts- und Notarfachangestellte,Berufe in Recht und Verwaltung,"Wirtschaft, Verwaltung & Organisation",3.0,https://www.bibb.de/dienst/berufesuche/de/index_berufesuche.php/profile/apprenticeship/020712,Rechtsanwalts|und Finanzangelegenheiten darstellen,"Profil der beruflichen Handlungsfähigkeit: Serviceorientiertes Betreuen von Mandanten und Beteiligten, auch in englischer Sprache, Planen, Vorbereiten und Begleiten von Konferenzen und Besprechungen, Planen, Organisieren, Gestalten und Optimieren von Betriebs- und Arbeitsabläufen, Berechnen, Notieren und Überwachen von Fristen und Terminen, Unterscheiden der Rechtssysteme und Anwenden von Rechtsvorschriften, Buchen betrieblicher Geschäftsvorfälle und Abwickeln von Zahlungsvorgängen, Einsetzen von elektronischen Informations- und Kommunikationssystemen und branchenspezifischer Software, Anwenden des elektronischen Rechtsverkehrs, Anwenden von Bürgerlichem Recht, Wirtschafts- und Europarecht sowie Zivilprozessrecht in den verschiedenen Gerichtszweigen und -instanzen, Durchführen von Mahnverfahren national und europaweit, Führen von Büchern und Verzeichnissen des Notars, Durchführen von Vollzugstätigkeiten zu notariellen Vorgängen, Vorbereiten und Entwerfen von Verträgen und Erklärungen insbesondere im Bereich des Immobilienrechts und des Handels- und Gesellschaftsrechts unter Beachtung der einschlägigen gesetzlichen Bestimmungen, Einsichtnahme in elektronische Register und Auswerten von Informationen, Kostenberechnungen und Vergütungsrechnungen erstellen und Gerichtskosten errechnen und kontrollieren.

Berufliche Tätigkeitsfelder: Rechtsanwalts- und Notarfachangestellte sind in Rechtsanwaltskanzleien sowie Notariaten, in Rechtsabteilungen von Unternehmen, im Bank- und Versicherungswesen sowie in allen Verwaltungs- und Unternehmensbereichen tätig, deren Schwerpunkt Rechts- und Finanzangelegenheiten darstellen.",63.543301384765286,-107.54373292757164
30,Rechtsanwaltsfachangestellter/ Rechtsanwaltsfachangestellte,Berufe in Recht und Verwaltung,"Wirtschaft, Verwaltung & Organisation",3.0,https://www.bibb.de/dienst/berufesuche/de/index_berufesuche.php/profile/apprenticeship/060712,und Finanzangelegenheiten darstellen|und Kündigungsschreiben sowie Klage|Rechtsmittel,"Profil der beruflichen Handlungsfähigkeit: Serviceorientiertes Betreuen von Mandanten, auch in englischer Sprache, Planen, Vorbereiten und Begleiten von Konferenzen und Besprechungen, Planen, Organisieren, Gestalten und Optimieren von Betriebs- und Arbeitsabläufen, Berechnen, Notieren und Überwachen von Fristen und Terminen, Unterscheiden der Rechtssysteme und Anwenden von Rechtsvorschriften, Buchen betrieblicher Geschäftsvorfälle und Abwickeln von Zahlungsvorgängen, Einsetzen von elektronischen Informations- und Kommunikationssystemen und branchenspezifischer Software, Anwenden des elektronischen Rechtsverkehrs, Anwenden von Bürgerlichem Recht, Wirtschafts- und Europarecht sowie Zivilprozessrecht in den verschiedenen Gerichtszweigen und -instanzen, Durchführen von Mahnverfahren national und europaweit, Vorbereiten und Durchführen vollstreckungsrechtlicher Maßnahmen national und europaweit, Entwerfen von Mahn- und Kündigungsschreiben sowie Klage-, Rechtsmittel- und Rechtsbehelfsschriften, Vorbereiten von Gesellschaftsverträgen für Personen- und Kapitalgesellschaften, Erstellen von Vergütungsrechnungen und Berechnen und Kontrollieren von Gerichtskosten.

Berufliche Tätigkeitsfelder: Rechtsanwaltsfachangestellte sind in Rechtsanwaltsbüros, Rechtsabteilungen von Unternehmen, im Bank- und Versicherungswesen sowie in allen Verwaltungs- und Unternehmensbereichen tätig, deren Schwerpunkt Rechts- und Finanzangelegenheiten darstellen.",60.898081499330466,-85.78929835031306
31,Industriekaufmann/Industriekauffrau,Berufe in Unternehmensführung und -organisation,"Wirtschaft, Verwaltung & Organisation",3.0,https://www.bibb.de/dienst/berufesuche/de/index_berufesuche.php/profile/apprenticeship/indust24,Maßnahmen zur Kundenzufriedenheit und,"Profil der beruflichen Handlungsfähigkeit: Leistungserstellung von Produkten und Dienstleistungen planen und koordinieren, Logistik und Lagerprozesse planen und steuern, Beschaffung planen und steuern, Marketingmaßnahmen planen, umsetzen und auswerten, Vertriebsprozesse umsetzen; Maßnahmen zur Kundenzufriedenheit und -bindung durchführen, Personalprozesse umsetzen, kaufmännische Steuerung und Kontrolle durchführen; Kennzahlen ermitteln und analysieren sowie unternehmerische Entscheidungen vorbereiten, Daten und Informationen recherchieren, aufbereiten, dokumentieren und präsentieren, mit internen und externen Partnern kooperieren und kommunizieren, Fremdsprache anwenden, Arbeitsprozesse projektorientiert planen und steuern, digitale Geschäftsprozesse gestalten und Digitalisierungskonzepte umsetzen, rechtliche Vorgaben sowie ökonomische, ökologische und soziale Aspekte beachten.

Berufliche Tätigkeitsfelder: Industriekaufleute arbeiten in verschiedenen industriellen Wirtschaftszweigen, Branchen, Betrieben und Einsatzgebieten, z. B. in den Bereichen Vertrieb, Marketing, Beschaffung, Logistik, Personalwirtschaft, Leistungserstellung und kaufmännische Steuerung und Kontrolle.",-115.99286887674182,52.12717260095907
32,Kaufmann für Büromanagement/ Kauffrau für Büromanagement,Berufe in Unternehmensführung und -organisation,"Wirtschaft, Verwaltung & Organisation",3.0,https://www.bibb.de/dienst/berufesuche/de/index_berufesuche.php/profile/apprenticeship/kfmfb25,koordination|kaufmännische Steuerung und Kontrolle|Marketing und Vertrieb|Personalwirtschaft|Assistenz und Sekretariat,"Profil der beruflichen Handlungsfähigkeit: Organisieren, Koordinieren, Durchführen und Reflektieren bürowirtschaftlicher sowie projekt- und auftragsbezogener Abläufe, Kooperieren und Kommunizieren mit internen und externen Partnern, Recherchieren, Aufbereiten und Präsentieren von Daten sowie Informationen, Erstellen schriftlicher Dokumente, Gestalten und Dokumentieren von Kundenbeziehungen, Bearbeiten von Beschaffungsvorgängen, Unterstützen und Dokumentieren personalbezogener Aufgaben, Anwenden von Buchungssystemen und Instrumenten des Rechnungswesens, Einhalten von Datenschutz und Datensicherheit, Durchführen qualitätssichernder Maßnahmen, Berücksichtigen von rechtlichen Vorgaben, Anwenden einer Fremdsprache.

Berufliche Tätigkeitsfelder: Kaufleute für Büromanagement sind in Unternehmen und Betrieben unterschiedlicher Größe in der privaten Wirtschaft und im Öffentlichen Dienst tätig. Sie unterstützen betriebliche Prozesse und bearbeiten daraus entstehende Fachaufgaben. Sie verfügen über mindestens zwei vertiefte Qualifikationen in den Bereichen: Auftragssteuerung und -koordination; kaufmännische Steuerung und Kontrolle; kaufmännische Abläufe in kleinen und mittleren Unternehmen, Einkauf und Logistik; Marketing und Vertrieb; Personalwirtschaft; Assistenz und Sekretariat; Öffentlichkeitsarbeit und Veranstaltungsmanagement; Verwaltung und Recht sowie öffentliche Finanzwirtschaft.",-94.90974677687963,15.46539122266668
33,Personaldienstleistungskaufmann/ Personaldienstleistungskauffrau,Berufe in Unternehmensführung und -organisation,"Wirtschaft, Verwaltung & Organisation",3.0,https://www.bibb.de/dienst/berufesuche/de/index_berufesuche.php/profile/apprenticeship/210607,,"Profil der beruflichen Handlungsfähigkeit: Planen und Durchführen der Personalbeschaffung, Organisieren des Personaleinsatzes und Planen der Personalentwicklung, Akquirieren und Betreuen der Kunden, Analysieren der Arbeitsplätze und Ermitteln des Personalbedarfs, Sorgen für Arbeitssicherheit und Sicherstellen von Gesundheitsschutz der Mitarbeiterinnen und Mitarbeiter, Kalkulieren und Erstellen von Angeboten und Abschließen von Verträgen, Steuern und Kontrollieren der Projekt- und Auftragsabwicklung, Anwenden der einschlägigen Rechtsvorschriften, Beschaffen von Informationen über Berufe und Tätigkeiten, teamorientiertes Arbeiten, adressatengerechtes Beraten und Kommunizieren und Nutzen von Konfliktbewältigungsstrategien, Schaffen und Pflegen von Netzwerken mit Organisationen, Institutionen und Unternehmen, Analysieren des Marktes und Dokumentieren von Veränderungen, Anwenden von qualitätssichernden Maßnahmen.

Berufliche Tätigkeitsfelder: Personaldienstleistungskaufleute sind tätig in Personaldienstleistungsunternehmen oder in Personalabteilungen von Unternehmen.",37.87651746598477,-83.38882075133806
34,"Werkgehilfe Schmuckwarenindustrie, Taschen- und Armbanduhren/ Werkgehilfin Schmuckwarenindustrie, Ta-schen- und Armbanduhren",Berufe in Unternehmensführung und -organisation,"Wirtschaft, Verwaltung & Organisation",3.0,https://www.bibb.de/dienst/berufesuche/de/index_berufesuche.php/profile/apprenticeship/g1337,,"Werkgehilfe Schmuckwarenindustrie, Taschen- und Armbanduhren/ Werkgehilfin Schmuckwarenindustrie, Ta-schen- und Armbanduhren",-236.23494233814918,151.47316144587728
35,Bühnenmaler und -plastiker/ Bühnenmalerin und -plastikerin Ausbildung in Fachrichtungen: – Plastik – Malerei,Darstellende und unterhaltende Berufe,"Gestaltung, Medien & Kunst",3.0,https://www.bibb.de/dienst/berufesuche/de/index_berufesuche.php/profile/apprenticeship/78912345,,Bühnenmaler und -plastiker/ Bühnenmalerin und -plastikerin Ausbildung in Fachrichtungen: – Plastik – Malerei,-236.9339481330472,185.56382260937576
36,Fachkraft für Veranstaltungstechnik,Darstellende und unterhaltende Berufe,"Gestaltung, Medien & Kunst",3.0,https://www.bibb.de/dienst/berufesuche/de/index_berufesuche.php/profile/apprenticeship/090114,Beschallungs|Projektions|Signalübertragungs|und zum Gesundheitsschutz,"Profil der beruflichen Handlungsfähigkeit: Konzipieren veranstaltungstechnischer Systeme, Aufbauten und Abläufe, Auf- und Abbauen von veranstaltungstechnischen Anlagen und Tragwerken, Aufbauen und in Betrieb nehmen von ortsveränderlichen elektrischen Anlagen, Aufbauen und Anpassen von bühnen- und szenentechnischen Anlagen und Aufbauten, In Betrieb nehmen von Beleuchtungs-, Beschallungs-, Projektions-, Signalübertragungs- und Aufnahmeanlagen, Einrichten und Bedienen technischer Systeme bei Proben und Veranstaltungen, Beurteilen der Infrastruktur und Sicherheit von Veranstaltungsstätten, Umsetzen von Maßnahmen zur Sicherheit, zum Umwelt- und zum Gesundheitsschutz.

Berufliche Tätigkeitsfelder: Fachkräfte für Veranstaltungstechnik arbeiten überwiegend bei Dienstleistern für Veranstaltungstechnik, Betreibern von Veranstaltungsstätten, Theatern, Messebauunternehmen, Medienproduktionen, Produktionsbetrieben für Hörfunk, Film und Fernsehen.",-90.43884647976807,5.434136578847266
37,Mediengestalter Bild und Ton/ Mediengestalterin Bild und Ton,Darstellende und unterhaltende Berufe,"Gestaltung, Medien & Kunst",3.0,https://www.bibb.de/dienst/berufesuche/de/index_berufesuche.php/profile/apprenticeship/555114,Unternehmens|Planen von Bild|und Tonmaterial Nachbearbeiten von Bild,"Profil der beruflichen Handlungsfähigkeit: Planen von Bild- und Tonproduktionen nach inhaltlichen und gestalterischen Gesichtspunkten, Ausarbeiten und Umsetzen von redaktionellen Inhalten, Auswählen von Produktionsmitteln, Organisieren von Produktionsteams, Vorbereiten und in Betrieb nehmen von medienspezifischen Produktionssystemen, Herstellen von audiovisuellen Medienprodukten mit und ohne Regieeinrichtungen, Einsetzen von Licht unter Berücksichtigung der technischen und gestalterischen Anforderungen, Aufnehmen von Bild- und Tonmaterial, Nachbearbeiten von Bild- und Tonmaterial, Herstellen und Bearbeiten von Tonaufnahmen, Vermeiden von Gefährdungen bei Produktionen, Einhalten von rechtlichen Grundlagen der Medienproduktion.

Berufliche Tätigkeitsfelder: Mediengestalter und Mediengestalterinnen Bild und Ton arbeiten überwiegend bei Dienstleistern für Medienproduktionen, bei Rundfunkunternehmen, Produktionsbetrieben für Hörfunk, Film, Fernsehen und Online, Industriefilmproduktionen, Theatern, Messe- und Veranstaltungsagenturen, Agenturen für Marketing-, Unternehmens- und Onlinekommunikation, in der Öffentlichkeitsarbeit und bei Reiseveranstaltern.",-53.16380033420537,14.164074374853836
38,Immobilienkaufmann/Immobilienkauffrau,"Einkaufs-, Vertriebs- und Handelsberufe","Handel, Vertrieb & Logistik",3.0,https://www.bibb.de/dienst/berufesuche/de/index_berufesuche.php/profile/apprenticeship/n5457575,und Projektentwicklern bei Grundstücks|Vermögens|und Handelsunternehmen,"Profil der beruflichen Handlungsfähigkeit: Vermieten und Bewirtschaften von Immobilien, Erwerben, Veräußern und Vermitteln von Immobilien, Begründen und Verwalten von Wohnungs- und Teileigentum, Entwickeln von immobilienbezogenen Dienstleistungen, Betreuen von Neubau, Modernisierung und Sanierung von Immobilien, Entwickeln von unternehmens- und kundenbezogenen Finanzierungskonzepten, Beraten von Kunden, Analysieren des Immobilienmarktes und Umsetzen von Marketingkonzepten, Organisieren und Steuern des technischen Gebäudemanagements.

Berufliche Tätigkeitsfelder: Immobilienkaufleute sind in allen Geschäftsbereichen der Immobilienwirtschaft tätig. Sie arbeiten in Wohnungsunternehmen, bei Bauträgern, Immobilien- und Projektentwicklern, bei Grundstücks-, Vermögens- und Wohnungseigentumsverwaltungen, bei Immobilienmaklern oder in Immobilienabteilungen von Banken, Bausparkassen, Versicherungen, Industrie- und Handelsunternehmen.",-79.13564235068748,53.29064724715003
39,Kaufmann im E-Commerce/ Kauffrau im E-Commerce,"Einkaufs-, Vertriebs- und Handelsberufe","Handel, Vertrieb & Logistik",3.0,https://www.bibb.de/dienst/berufesuche/de/index_berufesuche.php/profile/apprenticeship/261016,Kaufleute im E|Konzipieren und Weiterentwickeln von Waren|Waren|Commerce,"Profil der beruflichen Handlungsfähigkeit: Konzipieren und Weiterentwickeln von Waren- und Dienstleistungssortimenten, Beurteilen, Einsetzen und Weiterentwickeln von Vertriebskanälen des E-Commerce, Bewirtschaften von Onlineportalen und Onlineshops und Unterstützen der Beschaffung, Einsetzen von Instrumenten der kaufmännischen Steuerung und Kontrolle im E-Commerce, Gestalten der Schnittstellen mit anderen Vertriebskanälen, Beurteilen und Auswählen von Kommunikationskanälen, Gestalten der internen und externen Kommunikation, Vorbereiten und Durchführen von Maßnahmen des Onlinemarketings, Anbahnen und Abwickeln von Online-Waren- und Dienstleistungsverträgen, Beurteilen und Einsetzen verschiedener Bezahlsysteme, Einhalten von rechtlichen Bestimmungen im E-Commerce, Anwenden projektorientierter Arbeitsweisen im E-Commerce.

Berufliche Tätigkeitsfelder: Kaufleute im E-Commerce sind in Unternehmen tätig, die Waren oder Dienstleistungen online vertreiben.",-79.63408950951155,60.42402676184057
40,Baugeräteführer/Baugeräteführerin,Führer/-innen von Fahrzeug- und Transportgeräten,"Handel, Vertrieb & Logistik",3.0,https://www.bibb.de/dienst/berufesuche/de/index_berufesuche.php/profile/apprenticeship/5460101,und Tiefbaus sowie Straßen|und Spezialtiefbaus beschäftigt|Einrichten und Sichern von Baustellen Auf|und Abbauen von Arbeits|und Schutzgerüsten Verarbeiten von Bau|Gesundheitsschutz|und Umweltschutzbestimmungen,"Profil der beruflichen Handlungsfähigkeit: Einrichten und Sichern von Baustellen, Auf- und Abbauen von Arbeits- und Schutzgerüsten, Verarbeiten von Bau- und Bauhilfsstoffen, Arbeiten in der Bautechnik, selbständiges Durchführen der Arbeit in dem jeweiligen Tätigkeitsgebiet anhand von technischen Unterlagen und aufgrund von Anweisungen, Berücksichtigen von wirtschaftlichen und ökologischen Belangen und Bewerten des Arbeitsergebnisses auf der Grundlage der Qualitätssicherung, Planen der Arbeit, Handhaben von Vermessungsgeräten, Be- und Verarbeiten von Metallen und Kunststoffen, Handhaben von Bauteilen, Baugruppen und Systemen von Baugeräten, Inbetriebnehmen, Führen und Außerbetriebnehmen von Baugeräten, Warten von Baugeräten nach Betriebsvorschriften, Feststellen von Störungen und Einleiten von Maßnahmen zur Fehlerbeseitigung an Baugeräten, Instandsetzen von Bauteilen und Baugruppen an Baugeräten, Beachten der Arbeitssicherheits-, Gesundheitsschutz- und Umweltschutzbestimmungen.

Berufliche Tätigkeitsfelder: Baugeräteführer/innen sind vor allem bei Betrieben und Unternehmen des Hoch- und Tiefbaus sowie Straßen- und Spezialtiefbaus beschäftigt.",118.08707115959223,-153.71934396286488
41,Berufskraftfahrer/Berufskraftfahrerin,Führer/-innen von Fahrzeug- und Transportgeräten,"Handel, Vertrieb & Logistik",3.0,https://www.bibb.de/dienst/berufesuche/de/index_berufesuche.php/profile/apprenticeship/67589062,,"Profil der beruflichen Handlungsfähigkeit: Sicheres Durchführen von Fahrten des Gütertransports bzw. Fahrten zur Beförderung von Personen im Reise- oder Personennahverkehr unter Berücksichtigung von wirtschaftlichen und umweltschonenden Aspekten, Anwenden von nationalen und internationalen Rechtsvorschriften und Sozialvorschriften des Straßenverkehrs, Kontrollieren, Warten und Pflegen der Fahrzeuge, Vorbereiten der Fahrzeuge für den Transport von Gütern oder die Beförderung von Personen, Annehmen des Transportguts oder des Gepäcks, Sichern der Ladung und Prüfen der mitzuführenden Papiere, Ergreifen von Maßnahmen zur Beseitigung von Störungen an Fahrzeugen, Situationsgerechtes Verhalten bei Unfällen und Zwischenfällen, insbesondere Absichern der Unfall- und Gefahrenstelle und Leisten von Erste Hilfe, Abstimmen der Arbeit mit anderen, insbesondere mit den Kunden und den vor- und nachgelagerten Bereichen in der Transport und Logistikkette, Ergreifen von Maßnahmen zur Sicherheit und zum Gesundheitsschutz bei der Arbeit sowie zum Umweltschutz, Ergreifenden von qualitätssichernden Maßnahmen, Dokumentieren der Leistungen und Durchführen von Abrechnungen, Planen und Koordinieren der Arbeit, Selbständiges Durchführen der Arbeiten auf der Grundlage von technischen Unterlagen und Arbeitsaufträgen, Beschaffen und Auswerten von Informationen, Abstimmen von Terminen und Organisieren von Fahrten unter Beachtung wirtschaftlicher Aspekte.

Berufliche Tätigkeitsfelder: Berufskraftfahrer/Berufskraftfahrerinnen arbeiten in Unternehmen des Güterkraftverkehrs, der Logistik, der Entsorgung, des Reiseverkehrs oder des öffentlichen Personennahverkehrs.",101.97039124499454,-200.36332338742082
42,Binnenschifffahrtskapitän/ Binnenschifffahrtskapitänin,Führer/-innen von Fahrzeug- und Transportgeräten,"Handel, Vertrieb & Logistik",3.5,https://www.bibb.de/dienst/berufesuche/de/index_berufesuche.php/profile/apprenticeship/schiff22,und Kommunikationstechnologien,"Profil der beruflichen Handlungsfähigkeit: Navigieren von Fahrzeugen und Planen von Reisen, Anwenden, Kontrollieren und Dokumentieren der Fahrzeugausrüstung, Planen und Überwachen des Be- und Entladens von Fahrzeugen, Instandhalten von Schiffskörpern und deren Anlagen, Instandhalten von mechanischen und technischen Anlagen sowie von Schiffsmotoren, Organisieren und Überwachen der Schiffsbetriebstechnik, Organisieren und Überwachen von Betriebsabläufen, Befördern von Personen, Transportieren von Gütern, Fördern der Sozialgemeinschaft an Bord, Durchführen qualitätssichernder Maßnahmen, Vorbereiten auf Notfallsituationen sowie Handeln und Führen in Notfallsituationen, Ergreifen von Maßnahmen zum Schutz von Gesundheit und Sicherheit bei der Arbeit, Ergreifen von Maßnahmen zur Wirtschaftlichkeit, zum Umweltschutz und zur Nachhaltigkeit, Einsetzen von Informations- und Kommunikationstechnologien.

Berufliche Tätigkeitsfelder: Binnenschifffahrtskapitäne und Binnenschifffahrtskapitäninnen arbeiten in Betrieben der Güter- und Personenschifffahrt sowie auf Fähren. Darüber hinaus sind sie auch in Hafenbetrieben und Hafenbehörden, bei der Wasserstraßen- und Schifffahrtsverwaltung sowie in Wasserbauunternehmen tätig.#BR# Mit der erfolgreich abgelegten Abschlussprüfung zum Binnenschifffahrtskapitän und zur Binnenschifffahrtskapitänin wird die Voraussetzung zum Erwerb des Unionsbefähigungszeugnisses zum Schiffsführer und zur Schiffsführerin gemäß Richtlinie (EU) 2017/2397 erworben.",27.740175043482505,-122.7963759840537
43,Eisenbahner im Betriebsdienst Lokführer und Transport/ Eisenbahnerin im Betriebsdienst Lokführerin und Transport,Führer/-innen von Fahrzeug- und Transportgeräten,"Handel, Vertrieb & Logistik",3.0,https://www.bibb.de/dienst/berufesuche/de/index_berufesuche.php/profile/apprenticeship/eilok22,Eisenbahner/|innen oder Triebfahrzeugführer/|Fern|Personal,"Profil der beruflichen Handlungsfähigkeit: Verstehen des Gesamtsystems Eisenbahn, Fahrzeugbezogene Fachkenntnisse, Infrastrukturbezogene Fachkenntnisse, Durchführen von Zug- und Rangierfahrten im Regelfall, Durchführen von Zug- und Rangierfahrten bei Abweichungen und Störungen, Prüfen von Fahrzeugen vor und nach der Fahrt, Grundlagen der Verkehrs-, Personal- und Fahrzeugdispositionen sowie Planung innerhalb des Aufgabengebietes, Durchführen von qualitätssichernden Maßnahmen, Einhalten von Sicherheitsmanagementsystemen, Nutzen der betrieblichen und technischen Kommunikation, Führen von Kundengesprächen.

Berufliche Tätigkeitsfelder: Eisenbahner/-innen im Betriebsdienst Lokführer/in und Transport arbeiten in Unternehmen des schienengebundenen Güter- und Personenverkehrs. Sie arbeiten als Lokrangierführer/-innen oder Triebfahrzeugführer/-innen. Sie rangieren Wagen und Fahrzeuge. Sie steuern Triebfahrzeuge im Nah-, Fern- und Güterverkehr und transportieren dabei Personen oder Güter.",-111.99829356593992,52.9634718563854
44,Fachkraft im Fahrbetrieb,Führer/-innen von Fahrzeug- und Transportgeräten,"Handel, Vertrieb & Logistik",3.0,https://www.bibb.de/dienst/berufesuche/de/index_berufesuche.php/profile/apprenticeship/89077832,Führen von Bussen Straßenbahnen und/oder U|Personal,"Profil der beruflichen Handlungsfähigkeit: Führen von Bussen, Straßenbahnen und/oder U-Bahnen im Netz ihres Unternehmens unter Beachtung der Sicherheit, Kundenfreundlichkeit, Umweltbelangen und Wirtschaftlichkeit, Beraten von Kunden über Tarife und Linienverbindungen sowie Zusatzangebote des öffentlichen Personennahverkehrs und Erteilen von Auskünften über Gemeinschaftsangeboten mit anderen Verkehrsdienstleistern, Erteilen von Auskünften in einer Fremdsprache, Verkaufen von Leistungen, Durchführen der erforderlichen Abrechnungen und Mitwirken bei Kalkulationen, Ermitteln der Kundenbedürfnisse und Mitwirken bei der kundengerechten Weiterentwicklung der Produkte des Unternehmen sowie bei der Qualitätskontrolle, Informieren der Kunden im Normalverkehr und bei Störungen, Ergreifen der notwendigen Maßnahmen in Gefahrensituationen und bei Unfällen, Mitwirken bei der Planung und Steuerung des Fahrzeug-, Personal- und Mitteleinsatzes, Sorgen für Fahrzeugservice und -bereitstellung einschließlich Kontrolle der Verkehrs- und Betriebssicherheit, Veranlassen der Wartung und Instandsetzung der Fahrzeuge, Selbständiges Wahrnehmen der Aufgaben im Rahmen betrieblicher Anweisungen und der maßgebenden Rechtsvorschriften, Planen und Koordinieren der Arbeit und Abstimmen mit anderen Beteiligten in und außerhalb des Unternehmens, Hinwirken auf Vermeidung bzw. Entschärfung von Konflikten in schwierigen Kommunikationssituationen.

Berufliche Tätigkeitsfelder: Fachkräfte im Fahrbetrieb arbeiten in Unternehmen des öffentlichen Personennahverkehrs.",-29.612358430243194,-78.41919312228949
45,Hafenschiffer/Hafenschifferin,Führer/-innen von Fahrzeug- und Transportgeräten,"Handel, Vertrieb & Logistik",3.0,https://www.bibb.de/dienst/berufesuche/de/index_berufesuche.php/profile/apprenticeship/0304206,und Binnenhäfen im Personen|und Touristikverkehr Fest,"Profil der beruflichen Handlungsfähigkeit: Inbetriebnahme und Führen von Wasserfahrzeugen, Befördern von Personen im Fähr- und Touristikverkehr, Fest- und Losmachen sowie Verholen von Wasserfahrzeugen, Be- und Entladen von Wasserfahrzeugen und Transportieren von Ladungen, Pflegen und Warten von Wasserfahrzeugen und deren Ausrüstung sowie technischen Einrichtungen, Durchführen seemännischer Arbeiten, Anwenden von Kommunikations- und Informationstechniken und Einsetzen fachspezifischer Sprachkenntnisse, Kommunizieren mit Kunden und Erteilen von Auskünften in Englisch, Mitwirken bei logistischen Planungs- und Organisationsprozessen und Durchführen qualitätssichernder Maßnahmen, Planen der Arbeit, Festlegen der Arbeitsschritte, Kontrollieren, Bewerten und Dokumentieren der Arbeitsergebnisse, Durchführen der Arbeiten selbständig oder im Team unter Beachtung des Umwelt- und Gesundheitsschutzes sowie der Arbeitssicherheit.

Berufliche Tätigkeitsfelder: Hafenschiffer / Hafenschifferinnen arbeiten in See- und Binnenhäfen im Personen- und Ladungsverkehr mit Wasserfahrzeugen und in der Festmacherei.",-23.348721686363593,-47.30752497479841
46,Servicefahrer/Servicefahrerin,Führer/-innen von Fahrzeug- und Transportgeräten,"Handel, Vertrieb & Logistik",2.0,https://www.bibb.de/dienst/berufesuche/de/index_berufesuche.php/profile/apprenticeship/o8970345,,Servicefahrer/Servicefahrerin,-275.21853087569787,185.69555990963
47,Florist/Floristin,Gartenbauberufe und Floristik,"Natur, Umwelt & Agrar",3.0,https://www.bibb.de/dienst/berufesuche/de/index_berufesuche.php/profile/apprenticeship/flor25,,"Profil der beruflichen Handlungsfähigkeit: Anlassbezogenes Gestalten von Pflanzenschmuck und Blumenschmuck, Pflegen von Pflanzen und Versorgen von Pflanzenteilen, Ergreifen von Maßnahmen zum Pflanzenschutz, Serviceorientiertes Beraten von Kunden und Kundinnen, Durchführen von Kalkulationen, Verkaufen von Produkten und Dienstleistungen, Planen, Umsetzen und Kontrollieren von Marketingmaßnahmen, Präsentieren von Waren, Beschaffen von Waren, Annehmen und Lagern von Waren, Überwachen von Warenbeständen, Planen, Steuern und Optimieren von Arbeitsabläufen, Bereitstellen von Werkstoffen und Betriebsmitteln, Sicherstellen des Geschäftserfolges durch kaufmännische Steuerung und Kontrolle, Ergreifen von Maßnahmen zum Schutz von Gesundheit und Sicherheit bei der Arbeit, Ergreifen von Maßnahmen zur Wirtschaftlichkeit, zum Umweltschutz und zur Nachhaltigkeit.

Berufliche Tätigkeitsfelder: Floristen und Floristinnen arbeiten in Floristikfachgeschäften sowie Gartencentern und Baumärkten mit Floristikabteilung. Darüber hinaus arbeiten sie in Beherbergungsbetrieben, im Einzelhandel, in Erwerbsgärtnereien und auf Kreuzfahrtschiffen",112.16083658704515,-93.42769632093129
48,"Anlagenmechaniker für Sanitär-, Heizungs- und Klimatechnik/ Anlagenmechanikerin für Sanitär-, Hei-zungs- und Klimatechnik",Gebäude- und versorgungstechnische Berufe,"Ingenieurwesen, Produktion & Handwerk",3.5,https://www.bibb.de/dienst/berufesuche/de/index_berufesuche.php/profile/apprenticeship/210715,Anlagenmechaniker für Sanitär|Heizungs|Steuerungs|Regelungs|Sicherheits|Dichtungs|und Schutzmaßnahmen insbesondere Brand|Schall,"Profil der beruflichen Handlungsfähigkeit: Kundenorientierte Auftragsbearbeitung, Planen und Steuern von Arbeitsabläufen selbstständig oder im Team, Kooperationen mit anderen Gewerken, Beraten und Betreuen der Kunden in Bezug auf Produkte und Dienstleistungen des Betriebes unter Beachtung ökonomischer, ökologischer, innovativer und technologischer Aspekte, Montieren und Demontieren von ver- und entsorgungstechnischen Anlagen, Systemen und deren Komponenten sowie von Rohrleitungen und Kanälen, In Betrieb nehmen von ver- und entsorgungstechnischen Anlagen und Systemen, Übergeben von ver- und entsorgungstechnischen Anlagen und Systemn an die Kunden und Einweisen in die Bedienung dieser Anlagen und Systemen, Durchführen von Hygienemaßnahmen, Herstellen elektrischer Anschlüsse von Komponenten ver- und entsorgungstechnischer Anlagen und Systemen sowie Installieren und Prüfen elektrischer Baugruppen und Komponenten in diesen Anlagen und Systemen, Installieren, Einstellen auf Sollwerte und Prüfen von Mess-, Steuerungs-, Regelungs-, Sicherheits- und Überwachungseinrichtungen, Prüfen, Einstellen, Optimieren und Warten der Funktionen von ver- und entsorgungstechnischen Anlagen und Systemen, Inspizieren, Prüfen, Warten und Instandsetzen von ver- und entsorgungstechnischer Anlagen und Systemen, Durchführen von Dämm-, Dichtungs- und Schutzmaßnahmen, insbesondere Brand-, Schall- und Korrosionsschutz, Kontrollieren und Beurteilen der Arbeitsergebnisse und Anwenden von Qualitätsmanagementsystemen, Berücksichtigen nachhaltiger Energie- und Wassernutzungssysteme, Anwenden englischsprachiger Fachausdrücke, Instandhalten von Betriebsmitteln.

Berufliche Tätigkeitsfelder: Anlagenmechaniker für Sanitär-, Heizungs- und Klimatechnik und Anlagenmechanikerinnen für Sanitär-, Heizungs- und Klimatechnik sind überwiegend beim Kunden vor Ort in der Planung, Montage und Instandhaltung von komplexen Anlagen und Systemen im Bereich Sanitärtechnik, Heizungstechnik, Lüftungs- und Klimatechnik, sowie Umwelttechnik und Erneuerbare Energien tätig.",-23.612232248750125,-44.73839092788687
49,Anlagenmechaniker/Anlagenmechanikerin,Gebäude- und versorgungstechnische Berufe,"Ingenieurwesen, Produktion & Handwerk",3.5,https://www.bibb.de/dienst/berufesuche/de/index_berufesuche.php/profile/apprenticeship/595959,Pflege,"Profil der beruflichen Handlungsfähigkeit: Planen von Aufgaben auf der Basis von Prozessdaten, technischen Regelwerken, Konstruktionszeichnungen und Montage- und Wartungsplänen, Fertigen von Bauteilen und Fügen zu Baugruppen, Apparaten und Anlagen, Prüfen und Einstellen von Funktionen an Baugruppen oder an Apparaten und Anlagen, Verantwortliches Kontrollieren der ausgeführten Arbeiten und Durchführen von Nacharbeiten, Anwenden von Maschinen, Montage-Hilfseinrichtungen, Transportmitteln und Werkzeugen, Kooperieren mit vor- und nachgelagerten Bereichen und Mitwirken im Rahmen der Prozesskette an der Prozesssicherung, der Einhaltung von Qualitätsstandards und an Maßnahmen zur kontinuierlichen Verbesserung von Prozessabläufen, Fertigungsqualität und Arbeitssicherheit, Durchführen der notwendigen Einstell-, Pflege- und Wartungsarbeiten an den benutzten Einrichtungen, Maschinen und Werkzeugen, Durchführen von Instandhaltungsarbeiten oder Änderungen an Anlagen, Nutzen von IT-Systemen auch in digitalisierten Prozessen, Anwenden von Vorschriften zu Datenschutz und Informationssicherheit.

Berufliche Tätigkeitsfelder: Anlagenmechaniker und Anlagenmechanikerinnen arbeiten in den Bereichen Anlagenbau, Apparate- und Behälterbau, Instandhaltung, Rohrsystemtechnik und Schweißtechnik.",46.045228699842134,-83.4020584883187
50,Behälter- und Apparatebauer/ Behälter- und Apparatebauerin,Gebäude- und versorgungstechnische Berufe,"Ingenieurwesen, Produktion & Handwerk",3.5,https://www.bibb.de/dienst/berufesuche/de/index_berufesuche.php/profile/apprenticeship/110416,Behälter|und Apparatebauerinnen und Behälter|und Apparatebaus sowie in Metallbau|und Maschinenbauunternehmen|Petrochemie|Pharma|Lebensmittel,"Profil der beruflichen Handlungsfähigkeit: Planen und Vorbereiten von Herstellungsprozessen und Arbeitsabläufen, Herstellen von Bauteilen für Apparate, Behälter und Rohrleitungssysteme (Werkstattfertigung), Herstellen, Montieren und Demontieren von Baugruppen, Apparaten, Behältern und Rohrleitungssystemen für verschiedene Branchen (z. B. Chemie-, Petrochemie-, Pharma-, Lebensmittel- und Kosmetikindustrie sowie Schiffbau), Schweißen von verschiedenen Werkstoffen, Montage, Inbetriebnahme und Abnahme von Apparaten, Behältern und Rohrleitungssystemen beim Kunden, Instandhalten von Bauteilen, Baugruppen, Apparaten, Behältern und Rohrleitungssystemen, Einhalten von Vorschriften zur Vermeidung von Unfällen (Arbeits- und Schutzmaßnahmen), Behandeln und Schützen von Oberflächen, Durchführen von qualitätssichernden Maßnahmen und Einsetzen von betrieblicher und technischer Kommunikation.

Berufliche Tätigkeitsfelder: Behälter- und Apparatebauerinnen und Behälter- und Apparatebauer arbeiten in Unternehmen des Anlagenbaus, des Behälter- und Apparatebaus sowie in Metallbau- und Maschinenbauunternehmen.",-33.30544839255388,12.710584323149948
51,Klempner/Klempnerin,Gebäude- und versorgungstechnische Berufe,"Ingenieurwesen, Produktion & Handwerk",3.5,https://www.bibb.de/dienst/berufesuche/de/index_berufesuche.php/profile/apprenticeship/110512,Decken und Instandhalten von Dach|und Dichtungsmaßnahmen für den Wärme|Kälte|Schall,"Profil der beruflichen Handlungsfähigkeit: Decken und Instandhalten von Dach- und Wandflächen an Bauwerken mit Metallen und Kunststoffen, Anfertigen und Montieren von Anlagen zur Ableitung von Niederschlagswasser sowie von lufttechnischen Anlagen, Einbauen von Energiesammlern und Energieumsetzern, Anwenden von nachhaltigen Energienutzungssystemen, Anbringen von Fangeinrichtungen und von Ableitungen für den äußeren Blitzschutz, Herstellen von Fugenabschlüssen sowie Durchführen von Wärmedämm- und Dichtungsmaßnahmen für den Wärme-, Kälte-, Schall- und Brandschutz, Befestigen von Bauteilen und Baugruppen in Mauerwerk, Beton und Holz, Behandeln und Schützen von Oberflächen, Einrichten von Arbeits- und Schutzgerüsten, Kundenorientierte Auftragsbearbeitung, Planen und Steuern von Arbeitsabläufen, Kontrollieren und Beurteilen der Arbeitsergebnisse und Anwenden von qualitätssichernden Maßnahmen, Beraten und Betreuen der Kunden in Bezug auf Produkte und Dienstleistungen des Betriebes unter Beachtung ökonomischer und ökologischer Aspekte.

Berufliche Tätigkeitsfelder: Klempner/innen sind vor allem in Handwerksbetrieben des Bauinstallationsgewerbes tätig, z.B. in Klempnereien oder in Betrieben des Lüftungsinstallationsbaus. Darüber hinaus können sie in Betrieben, die sich auf die Verarbeitung von Metall im Aus- oder Hochbau spezialisiert haben, z.B. in Dachdeckerbetrieben oder Fassadenbauunternehmen, beschäftigt sein.",117.23974177354684,-138.42894035313785
52,Mechatroniker für Kältetechnik/ Mechatronikerin für Kältetechnik,Gebäude- und versorgungstechnische Berufe,"Ingenieurwesen, Produktion & Handwerk",3.5,https://www.bibb.de/dienst/berufesuche/de/index_berufesuche.php/profile/apprenticeship/271007,Mechatroniker und Mechatronikerinnen für Kälte|Klima|und Wärmepumpentechnik tätig|Korrosionsschutz|und Brandschutzmaßnahmen Programmieren von Mess|Steuerungs|und Klimatechnik Optimieren von Kälte,"Profil der beruflichen Handlungsfähigkeit: Montieren und Inbetriebnahme von Anlagen, Systemen und Komponenten der Kälte- und Klimatechnik, Installieren elektrotechnischer und elektronischer Anlagenteile, Durchführen von Dämm-, Korrosionsschutz- und Brandschutzmaßnahmen, Programmieren von Mess- Steuerungs- und Regelungseinrichtungen, Durchführen von Funktions- und Sicherheitsprüfungen, Instandhalten von Anlagen, Systemen und Komponenten der Kälte- und Klimatechnik, Optimieren von Kälte- und Klimaanlagen nach ökonomischen und ökologischen Gesichtspunkten, Demontieren von Anlagen, Systemen und Komponenten der Kälte- und Klimatechnik, Zuführen von Kältemittel, Kühlmittel und Kältemaschinenöle der Wiederverwendung oder umweltgerechten Entsorgung.

Berufliche Tätigkeitsfelder: Mechatroniker und Mechatronikerinnen für Kälte- und Klimatechnik sind überwiegend in Betrieben des Handwerks in Montage, Umbau und Instandhaltung von Anlagen der Kälte-, Klima- und Wärmepumpentechnik tätig.",-56.40761582443544,-9.508996579290065
53,Ofen- und Luftheizungsbauer/ Ofen- und Luftheizungsbauerin,Gebäude- und versorgungstechnische Berufe,"Ingenieurwesen, Produktion & Handwerk",3.0,https://www.bibb.de/dienst/berufesuche/de/index_berufesuche.php/profile/apprenticeship/n6435534,Ofen|Gas|und Feststoffbrennern zentralen Heizöl|Steuer|Sicherheits,"Profil der beruflichen Handlungsfähigkeit: Entwerfen und Errichten von Kachelöfen und verputzten Öfen, Backöfen, handwerklich erstellten Herden und Kaminen, Planen, Erstellen und Montieren von Warmluftzentralheizungen, Be- und Entlüftungsanlagen, Elektrospeicherheizungen, Öl-, Gas- und Feststoffbrennern, zentralen Heizöl-Versorgungsanlagen und Schornsteinen, Aufstellen von industriell gefertigten Feuerstätten und Anschließen an Schornsteine und Versorgungssysteme, Aufbauen von Flächenheizungen, insbesondere Hypokausten, Installieren von Heiz- und Kamineinsätzen mit Warmwasserwärmetauschern einschließlich der Regelungen, Planen und Steuern der Arbeitsabläufe, Kontrollieren und Beurteilen der Arbeitsergebnisse und Anwenden von Maßnahmen zur Qualitätssicherung, Montieren und Demontieren von Rohrleitungen, Kanälen und Komponenten von Ofen- und Luftheizungstechnischen Anlagen, Installieren und Prüfen elektrischer Baugruppen und Komponenten, Regel-, Steuer- Sicherheits- und Überwachungseinrichtungen und Einstellen der Sollwerte, Prüfen, Einstellen und Inbetriebnahme von Ofen- und Luftheizungstechnischen Anlagen, Übernehmen von Kundendiensten und Durchführen von Inspektionen und Instandhaltungen, Beraten und Betreuen der Kunden über Produkte und Dienstleistungen des Betriebes unter Beachtung technologischer, ökologischer und ökonomischer Aspekte, Übergeben von Ofen- und Luftheizungstechnischen Anlagen und Systeme an Kunden und Einweisen in die Bedienung der Anlagen.

Berufliche Tätigkeitsfelder: Ofen- und Luftheizungsbauer/innen arbeiten vor allem in handwerklichen Betrieben des Kachelofen-, Ofen- und Kaminbaus, auf Baustellen und in der Werkstatt. Ferner sind sie gesuchte Fachleute im einschlägigen Fachhandel und der herstellenden Industrie.",-6.346420212704986,-47.71781868900347
54,Rohrleitungsbauer/Rohrleitungsbauerin,Gebäude- und versorgungstechnische Berufe,"Ingenieurwesen, Produktion & Handwerk",3.0,https://www.bibb.de/dienst/berufesuche/de/index_berufesuche.php/profile/apprenticeship/2632101,und Abbauen von Arbeits|Schutz,"Profil der beruflichen Handlungsfähigkeit: Berechnen der erbrachten Leistung und Übergeben der geräumten Baustelle, Einsetzen von Geräten und Maschinen, Auf- und Abbauen von Arbeits-, Schutz- und Traggerüsten und Einmessen von Bauwerken und Bauteilen, Durchführen von Aushubarbeiten, Verbauen von Baugruben und Gräben, Verfüllen und Verdichten der Bodenmassen und Anlegen von Böschungen, Durchführen der offenen und geschlossenen Wasserhaltung für Schichten- und Grundwasser, Bearbeiten der Druckrohre aus metallischen Werkstoffen und aus Kunststoffen, Einbauen und Ausrichten von Druckrohrleitungen sowie Armaturen und Formstücken aus unterschiedlichen Materialien für den Transport von flüssigen und gasförmigen Medien, Arbeiten an in Betrieb befindlichen Druckrohrleitungen für Gas, Wasser und Fernwärme, Herstellen von Hausanschlüssen, Schützen von Druckrohrleitungen vor Korrosion und chemischen Einflüssen, Prüfen und Desinfizieren von Rohrleitungen, Herstellen von Rohrleitungen in grabenloser Bauweise, Sanieren und Instandsetzen von Druckrohrleitungen, Herstellen von Kabelschächten und Auslegen von Kabeln sowie Kabelschutzrohren, Bauen von Schachtbauwerken aus Fertigteilen, Beton und Mauerwerk, Durchführen von angrenzenden Arbeiten zum Wiederherstellen des Straßenoberbaus, Durchführen von angrenzenden Arbeiten im Hochbau, Selbständiges Durchführen der Arbeiten auf der Grundlage von technischen Unterlagen und von Arbeitsaufträgen allein und in Kooperation mit anderen, Planen und Koordinieren der Arbeit, Abstimmen mit den am Bau Beteiligten, Einrichten von Baustellen, Ergreifen von Maßnahmen zur Sicherstellung des Arbeitsablaufes, zur Sicherheit und zum Gesundheitsschutz bei der Arbeit sowie zum Umweltschutz auf der Baustelle, Prüfen der Arbeiten auf fehlerfreie Ausführung, Dokumentieren der Arbeiten, Durchführen von qualitätssichernden Maßnahmen.

Berufliche Tätigkeitsfelder: Rohrleitungsbauer/Rohrleitungsbauerin sind vor allem in Tiefbauindustrieunternehmen aber auch bei Unternehmen der Energiegewinnung und -verteilung (Erdöl, Erdgas) bzw. der Energieversorgung (Gas, Wasser, Fernwärme) tätig.",245.40605625672873,-347.2240303883565
55,Umwelttechnologe für Abwasserbewirtschaftung/ Umwelttechnologin für Abwasserbewirtschaftung,Gebäude- und versorgungstechnische Berufe,"Ingenieurwesen, Produktion & Handwerk",3.0,https://www.bibb.de/dienst/berufesuche/de/index_berufesuche.php/profile/apprenticeship/fkabw23,Steuer|Hilfs,"Profil der beruflichen Handlungsfähigkeit: Nachhaltiges Betreiben und Unterhalten von Entwässerungssystemen, nachhaltiges Betreiben und Unterhalten von Regenwasserbewirtschaftungssystemen, nachhaltiges Betreiben und Unterhalten von Abwasseranlagen, Behandeln und Verwerten von Klärschlamm, Wertstoffen und Abfällen aus Abwasseranlagen, nachhaltiges Gewinnen von Energie und effizientes Steuern des Einsatzes von Energie, Durchführen der Probenahme, Untersuchen und Beurteilen von Abwasser, Schlamm und Gasen sowie Einleiten von Maßnahmen, Durchführen und Beurteilen von Mess-, Steuer- und Regelprozessen, Bedienen und Instandhalten elektrischer Anlagen, Erstellen und Anwenden von Unterlagen, Durchführen von qualitätssichernden Maßnahmen, Herstellen und Trennen von Stoffgemischen, Beurteilen von ökologischen Kreisläufen und Anwenden von Hygienemaßnahmen, Lagern, Bearbeiten und nachhaltiges Anwenden von Werk-, Hilfs- und Gefahrstoffen, Erkennen von elektrischen Gefahren und Einleiten von Maßnahmen, Auswählen und Handhaben von Werkzeugen und Maschinen, Betreiben von technischen Systemen, Kommunizieren mit Kundinnen und Kunden sowie im Team und, Umsetzen von Sicherheitsvorschriften und Betriebsanweisungen.

Berufliche Tätigkeitsfelder: Umwelttechnologen für Abwasserbewirtschaftung/Umwelttechnologinnen für Abwasserbewirtschaftung arbeiten im Bereich von Entwässerungssystemen und Regenwasserbewirtschaftung sowie der Abwasser- und Klärschlammbehandlung. Sie sind auf kommunalen und industriellen Kläranlagen und in Kanalbetrieben im Bereich der Kritischen Infrastruktur tätig. Sie gewährleisten den nachhaltigen und energieeffizienten Betrieb von kommunalen und industriellen Kläranlagen.",129.77940845892505,-104.6495366772063
56,Umwelttechnologe für Kreislauf- und Abfallwirtschaft,Gebäude- und versorgungstechnische Berufe,"Ingenieurwesen, Produktion & Handwerk",3.0,https://www.bibb.de/dienst/berufesuche/de/index_berufesuche.php/profile/apprenticeship/fkkrab23,Umwelttechnologen für Kreislauf|Steuer|Hilfs,"Profil der beruflichen Handlungsfähigkeit: Beraten von Kundinnen und Kunden und Erstellen von Angeboten, Zuführen von Abfällen und Wertstoffen zu Kreislaufsystemen unter Aspekten der Nachhaltigkeit, Beurteilen von und Arbeiten mit gefährlichen Gütern, Stoffen und Abfällen, Bedienen von Anlagen, Überwachen und Beurteilen von Mess-, Steuer- und Regelprozessen, Planen und Durchführen von Instandhaltungsmaßnahmen, Abwickeln logistischer Prozesse, Erstellen und Anwenden von Unterlagen, Durchführen von qualitätssichernden Maßnahmen, Herstellen und Trennen von Stoffgemischen, Beurteilen von ökologischen Kreisläufen und Anwenden von Hygienemaßnahmen, Lagern, Bearbeiten und nachhaltiges Anwenden von Werk-, Hilfs- und Gefahrstoffen, Erkennen von elektrischen Gefahren und Einleiten von Maßnahmen, Auswählen und Handhaben von Werkzeugen und Maschinen, Betreiben von technischen Systemen, Kommunizieren mit Kundinnen und Kunden sowie im Team und, Umsetzen von Sicherheitsvorschriften und Betriebsanweisungen.

Berufliche Tätigkeitsfelder: Umwelttechnologen für Kreislauf- und Abfallwirtschaft / Umwelttechnologinnen für Kreislauf- und Abfallwirtschaft arbeiten in kommunalen, privatwirtschaftlichen und industriellen Unternehmen im Bereich der nachhaltigen Entsorgung, Verwertung und Beseitigung. Diese Unternehmen sind Teil der Kritischen Infrastruktur und stellen eine nachhaltige Kreislaufwirtschaft sicher.",144.89637536737317,-96.24840340240843
57,Umwelttechnologe für Rohrleitungsnetze und Industrieanlagen/ Umwelttechnologin für Rohrleitungsnetze und Industrieanlagen Ausbildung nach Schwerpunkten: – Industrieanlagen – Rohrleitungsnetze,Gebäude- und versorgungstechnische Berufe,"Ingenieurwesen, Produktion & Handwerk",3.0,https://www.bibb.de/dienst/berufesuche/de/index_berufesuche.php/profile/apprenticeship/fkrki23,Hilfs,"Profil der beruflichen Handlungsfähigkeit: Einrichten, Sichern und Räumen des Arbeitsplatzes und des Arbeitsumfeldes, Bedienen und Warten von Maschinen und Geräten, Reinigen von Rohrleitungen und Anlagen sowie Aufnehmen von Stoffen und Abfällen, Prüfen von Rohrleitungen und Anlagen, Inspizieren von Rohrleitungen und Anlagen, Durchführen von Instandsetzungsmaßnahmen an Rohrleitungen und Anlagen, Erstellen und Anwenden von Unterlagen, Durchführen von qualitätssichernden Maßnahmen, Herstellen und Trennen von Stoffgemischen, Beurteilen von ökologischen Kreisläufen und Anwenden von Hygienemaßnahmen, Lagern, Bearbeiten und nachhaltiges Anwenden von Werk-, Hilfs- und Gefahrstoffen, Erkennen von elektrischen Gefahren und Einleiten von Maßnahmen, Auswählen und Handhaben von Werkzeugen und Maschinen, Betreiben von technischen Systemen, Kommunizieren mit Kundinnen und Kunden sowie im Team und, Umsetzen von Sicherheitsvorschriften und Betriebsanweisungen.

Berufliche Tätigkeitsfelder: Umwelttechnologen / Umwelttechnologinnen für Rohrleitungsnetze und Industrieanlagen arbeiten im privaten, öffentlichen und industriellen Bereich als Teil der Kritischen Infrastruktur. Im Schwerpunkt Rohrleitungsnetze sind sie in Unternehmen des Rohr- und Kanalservices und bei kommunalen Netzbetreibern beschäftigt und stellen den nachhaltigen Betrieb von unterschiedlichen Rohrleitungsnetzen sicher. Im Schwerpunkt Industrieanlagen sind sie in Unternehmen des Industrieservice tätig. Sie sichern mit ihren Dienstleistungen effiziente und umweltschonende Produktionsabläufe in Industrieunternehmen.",95.91669534529201,-89.41808025515391
58,Umwelttechnologe für Wasserversorgung/ Umwelttechnologin für Wasserversorgung,Gebäude- und versorgungstechnische Berufe,"Ingenieurwesen, Produktion & Handwerk",3.0,https://www.bibb.de/dienst/berufesuche/de/index_berufesuche.php/profile/apprenticeship/fkwa23,speicherung und|verteilung Durchführen und Beurteilen von Mess|Steuer|Hilfs,"Profil der beruflichen Handlungsfähigkeit: Nachhaltiges Bewirtschaften von Wasserressourcen und Durchführen von Maßnahmen zur Absicherung von Wasserschutzgebieten, Prüfen von Wasserbeschaffenheit, Durchführen von Wasseraufbereitung und Sicherstellen von Trinkwasserqualität,, Sicherstellen von Wasserförderung, -speicherung und -verteilung,, Durchführen und Beurteilen von Mess-, Steuer- und Regelprozessen,, Bedienen und Instandhalten elektrischer Anlagen, Beurteilen von Kundenanlagen und Sicherstellen von Trinkwasserschutz., Erstellen und Anwenden von Unterlagen, Durchführen von qualitätssichernden Maßnahmen, Herstellen und Trennen von Stoffgemischen, Beurteilen von ökologischen Kreisläufen und Anwenden von Hygienemaßnahmen, Lagern, Bearbeiten und nachhaltiges Anwenden von Werk-, Hilfs- und Gefahrstoffen, Erkennen von elektrischen Gefahren und Einleiten von Maßnahmen, Auswählen und Handhaben von Werkzeugen und Maschinen, Betreiben von technischen Systemen, Kommunizieren mit Kundinnen und Kunden sowie im Team und, Umsetzen von Sicherheitsvorschriften und Betriebsanweisungen.

Berufliche Tätigkeitsfelder: Umwelttechnologen für Wasserversorgung/Umwelttechnologinnen für Wasserversorgung arbeiten in kommunalen und privatwirtschaftlichen Versorgungsunternehmen sowie in industriellen Betrieben. Sie arbeiten im Bereich der Kritischen Infrastruktur und stellen die nachhaltige Versorgung mit Trinkwasser unter der Beachtung der hygienischen Anforderungen sicher.",168.34445389655988,-117.0253457985293
59,Schornsteinfeger/Schornsteinfegerin,"Geologie-, Geografie- und Umweltschutzberufe","Natur, Umwelt & Agrar",3.0,https://www.bibb.de/dienst/berufesuche/de/index_berufesuche.php/profile/apprenticeship/schorn25,,"Profil der beruflichen Handlungsfähigkeit: Anwenden von schornsteinfegerrechtlichen Regelungen sowie sonstigen einschlägigen Regelungen, kundenorientiertes Planen und Durchführen von Aufträgen, brandschutztechnisches Beurteilen, baurechtliches Beurteilen sowie energetisches Beurteilen von Baustoffen, von Bauteilen sowie von Bauwerkskonstruktionen, brandschutztechnisches Beurteilen, baurechtliches Beurteilen sowie energetisches Beurteilen von baulichen Anlagen sowie von technischen Anlagen und sowie Systemen, Überwachen der Betriebssicherheit sowie der Brandsicherheit von technischen Anlagen sowie Systemen, Prüfen und Bewerten von Energieträgern sowie Gefahr- und Hilfsstoffen, Überprüfen sowie Reinigen oder Kehren von Abgasanlagen, von Abgassystemen, von Wärmeerzeugungsanlagen sowie von Energieerzeugungsanlagen, Überprüfen und Reinigen von Lüftungssystemen sowie von Dunstabzugssystemen, Feststellen, Beurteilen und Dokumentieren der Energieeffizienz sowie der Umwelt- und Klimaeinwirkungen von Wärmeerzeugungsanlagen sowie von Energieerzeugungsanlagen, Prüfen der Steuerungstechnik, der Regelungstechnik sowie der Sicherheitstechnik von technischen Anlagen sowie Systemen sowie Optimieren von Einstellungen, Feststellen, Beurteilen sowie Dokumentieren von Mängeln sowie von Funktionsstörungen an technischen Anlagen sowie Systemen sowie baulichen Anlagen; Feststellen, Beurteilen sowie Dokumentieren von unsachgemäßem Nutzungsverhalten; Einleiten notwendiger Sofortmaßnahmen zur Gefahrenabwehr, Durchführen von Maßnahmen zur Optimierung der Betriebssicherheit sowie der Brandsicherheit, der Raumluftqualität sowie der Energieeffizienz, Planen sowie Umsetzen von Maßnahmen zur Sicherstellung des Brandschutzes in Gebäuden, Beurteilen von Maßnahmen zur Steigerung der Energieeffizienz, Beraten von Kundinnen und Kunden,, Kommunizieren mit und Informieren von Kundinnen und Kunden und, Durchführen von qualitätssichernden Maßnahmen.

Berufliche Tätigkeitsfelder: Schornsteinfeger/Schornsteinfegerinnen arbeiten in Betrieben des Schornsteinfegerhandwerks.",65.51682628956017,-77.67334127117554
60,Asphaltbauer/Asphaltbauerin,Hoch- und Tiefbauberufe,"Ingenieurwesen, Produktion & Handwerk",3.0,https://www.bibb.de/dienst/berufesuche/de/index_berufesuche.php/profile/apprenticeship/4823201,,Asphaltbauer/Asphaltbauerin,-295.10442086498415,245.9274652536856
61,Bauwerksmechaniker für Abbruch und Betontrenntechnik/ Bauwerksmechanikerin für Abbruch und Betontrenntechnik,Hoch- und Tiefbauberufe,"Ingenieurwesen, Produktion & Handwerk",3.0,https://www.bibb.de/dienst/berufesuche/de/index_berufesuche.php/profile/apprenticeship/gpx669,Bauwerksmechaniker/|und Betonsägebetrieben|geräte und|innen für Abbruch,"Profil der beruflichen Handlungsfähigkeit: Bauwerksmechaniker/-innen für Abbruch und Betontrenntechnik sind auf die Durchführung von Abbruch- und Rückbaumaßnahmen sowie Betontrennungen spezialisiert. Dabei achten sie streng auf Schutz- und Sicherheitsmaßnahmen. Sie entfernen Gebäude und Bauwerke mit den geeigneten Baumaschinen und -geräten. Zu ihren Aufgaben gehört auch das Ausführen von Bohr- und Trennverfahren mit Maschinen und Werkzeugen sowie von thermischen Trennverfahren. Sie trennen, lagern und entsorgen Abbruchmaterialien fachgerecht . Darüber hinaus führen sie Baumaschinen, -geräte und -fahrzeuge und halten sie instand. Des Weiteren beherrschen sie das Herstellen von Bauteilen aus Beton und Stahlbeton sowie von Baukörpern aus Steinen. Insgesamt tragen Bauwerksmechaniker/-innen für Abbruch- und Betontrenntechnik durch ihre Fachkenntnisse, ihre Fähigkeiten im Umgang mit Baumaschinen und die Einhaltung von Sicherheitsstandards maßgeblich dazu bei, Abbruch- und Trennarbeiten sicher, effizient und umweltverträglich durchzuführen. In der Ausbildung lernen sie, Aufträge zu übernehmen, die Arbeiten zu planen, Baustellen einzurichten und zu unterhalten, Baustoffe auszuwählen und zu verarbeiten, Zeichnungen zu erstellen, Messungen durchzuführen, Untergründe zu prüfen, Maschinen und Anlagen einzusetzen und qualitätssichernde Maßnahmen durchzuführen

Berufliche Tätigkeitsfelder: Bauwerksmechaniker/-innen für Abbruch und Betontrenntechnik sind vor allem für Betriebe des Bauhauptgewerbes tätig. Sie arbeiten z.B. bei Abbruchunternehmen, Unternehmen für die Entkernung von Gebäuden oder in Betonbohr- und Betonsägebetrieben.",-156.93041806752785,60.87046706942987
62,Beton- und Stahlbetonbauer/ Beton- und Stahlbetonbauerin,Hoch- und Tiefbauberufe,"Ingenieurwesen, Produktion & Handwerk",3.0,https://www.bibb.de/dienst/berufesuche/de/index_berufesuche.php/profile/apprenticeship/nbv123,Beton|und Stahlbetonbauer/|Büro|Verwaltungs|Gewerbe|und Industrie|und Fertigteilherstellung beschäftigt sein|innen übernehmen Aufgaben im Bereich der Beton|Großflächen|und Sanierungsarbeiten an Beton,"Profil der beruflichen Handlungsfähigkeit: Beton- und Stahlbetonbauer/-innen übernehmen Aufgaben im Bereich der Beton- und Stahlbetonkonstruktionen, zum Beispiel das Herstellen von Rahmen-, Großflächen- und Sonderschalungen für Fundamente, Stützen, Balken, Wände und Decken. Sie bauen Schalungen auf, versteifen und spannen sie ab, und fertigen Schalungen für sichtbaren Beton, konische Formen, Stützenköpfe, Podeste sowie gerade und gewendelte Treppenläufe an, auch unter Verwendung von Systemschalungen. Zudem stellen sie Bewehrungen her. Das Fördern, Einbringen, Verdichten und Nachbehandeln von Beton gehört ebenso zu ihren Aufgaben wie das Bearbeiten der Betonoberfläche von Hand oder mit Maschinen, um eine gleichmäßige Oberfläche zu erzielen. Sie bearbeiten Betonoberflächen auch nach gestalterischen Gesichtspunkten. Zusätzlich zu ihrer Hauptaufgabe sind Beton- und Stahlbetonbauer/-innen auch für die Herstellung von Baukörpern aus Steinen sowie für Energieeffizienzmaßnahmen und Maßnahmen zum Schall- und Brandschutz zuständig. Darüber hinaus prüfen sie Betonoberflächen auf Schäden und führen Instandhaltungs- und Sanierungsarbeiten an Beton- und Stahlbetonbauteilen durch. In der Ausbildung lernen sie, Aufträge zu übernehmen, die Arbeiten zu planen, Baustellen einzurichten und zu unterhalten, Baustoffe auszuwählen und zu verarbeiten, Zeichnungen zu erstellen, Messungen durchzuführen, Untergründe zu prüfen, Maschinen und Anlagen einzusetzen und qualitätssichernde Maßnahmen durchzuführen

Berufliche Tätigkeitsfelder: Beton- und Stahlbetonbauer/-innen arbeiten in Baubetrieben im Hochbau oder Fertigteilbau, z.B. für den Wohnungs-, Büro-, Verwaltungs-, Gewerbe- und Industrie- sowie Infrastrukturbau. Sie können auch in Betrieben für Beton- und Fertigteilherstellung beschäftigt sein.",-153.52001664979366,40.52533178588932
63,Brunnenbauer/Brunnenbauerin,Hoch- und Tiefbauberufe,"Ingenieurwesen, Produktion & Handwerk",3.0,https://www.bibb.de/dienst/berufesuche/de/index_berufesuche.php/profile/apprenticeship/37xp9,Brunnenbauer/|Wasserversorgungs,"Profil der beruflichen Handlungsfähigkeit: Brunnenbauer/-innen errichten Brunnen sowie geothermische Anlagen und halten diese instand. Zu ihren Aufgaben gehören das Herstellen von vertikalen und horizontalen Bohrungen, um Wasserquellen zu erschließen oder geothermische Energie zu nutzen. Sie bauen Bohrungen zu Brunnen, Grundwassermessstellen und geothermischen Anlagen aus und errichten Abschlussbauwerke. Zudem installieren sie Wasserförder-, Wasserversorgungs- und Wasseraufbereitungsanlagen, um eine sichere Wasserversorgung zu gewährleisten. Brunnenbauer/-innen führen auch Arbeiten wie das Herstellen von Baugruben und Gräben, Verbauarbeiten und Wasserhaltungen durch und untersuchen den Baugrund. Darüber hinaus sind sie für die Instandhaltung, Sanierung und den Rückbau von Brunnen und geothermischen Anlagen verantwortlich. In der Ausbildung lernen sie, Aufträge zu übernehmen, die Arbeiten zu planen, Baustellen einzurichten und zu unterhalten, Baustoffe auszuwählen und zu verarbeiten, Zeichnungen zu erstellen, Messungen durchzuführen, Untergründe zu prüfen, Maschinen und Anlagen einzusetzen und qualitätssichernde Maßnahmen durchzuführen.

Berufliche Tätigkeitsfelder: Brunnenbauer/-innen sind in Brunnenbaubetrieben und in anderen Tiefbaubetrieben des Bauhauptgewerbes, z. B. im Baugrundaufschluss, in der Geothermie und im Spezialtiefbau, beschäftigt.",-212.35246876206054,100.14046569456121
64,Fassadenmonteur/Fassadenmonteurin,Hoch- und Tiefbauberufe,"Ingenieurwesen, Produktion & Handwerk",3.0,https://www.bibb.de/dienst/berufesuche/de/index_berufesuche.php/profile/apprenticeship/4411101,Schutz|Arbeits,"Profil der beruflichen Handlungsfähigkeit: Bekleiden von Bauwerken mit vorgehängten hinterlüfteten großformatigen Fassadenelementen insbesondere aus Metall, Faserzement, Keramik, Glas und Naturstein sowie aus Holzwerkstoffen und Kunststoffen, Herstellen von Dämmschichten sowie Abdichtungs-, Schutz- und Trennschichten, Herstellen und Verankern von Unterkonstruktionen, Verbinden und Befestigen von Fassadenelementen und Einbauteilen, Errichten von Blitzschutzanlagen für den äußeren Blitzschutz im Rahmen ihres Arbeitsgebietes, Feststellen von Schäden im Zusammenhang mit Instandsetzungs- und Sanierungsarbeiten, Ermitteln der Ursachen und Durchführen von Instandsetzungs- und Sanierungsarbeiten, Durchführen von angrenzenden Arbeiten an Baukörpern aus Steinen, aus Beton und Stahlbeton sowie an Holzbauteilen, Einrichten von Baustellen, Prüfen der Arbeiten auf fehlerfreie Ausführung und Dokumentieren der erbrachten Leistungen, Aufstellen und Bedienen von Leitern, Schutz-, Arbeits- und Traggerüsten sowie Krane und Bauaufzüge, Prüfen, Transportieren und Lagern von Baustoffen und Bauteilen für den Fassadenbau, Einmessen von Bauwerken und Bauteilen mit unterschiedlichen Messinstrumenten, Kontrollieren der Einbaubedingungen zur Vorbereitung der Montage und Ausbessern der Montageuntergründe, Bearbeiten von Baustoffen und Bauteilen für den Fassadenbau und Behandeln deren Oberflächen, Selbständiges Durchführen der Arbeiten auf der Grundlage von technischen Unterlagen und von Arbeitsaufträgen allein und in Kooperation mit anderen, Planen und Koordinieren der Arbeit, Abstimmen mit den am Bau Beteiligten.

Berufliche Tätigkeitsfelder: Sie arbeiten in Fachbetrieben für Fassadenbau oder zum Beispiel in Spezialbauabteilungen von Dachdeckereien, Metallbaubetrieben, Glasereien und dergleichen sowie in weiteren Industriebaubetrieben bzw. Betrieben des Baugewerbes.",119.88332109127666,-235.39079562059388
65,Feuerungs- und Schornsteinbauer/ Feuerungs- und Schornsteinbauerin,Hoch- und Tiefbauberufe,"Ingenieurwesen, Produktion & Handwerk",3.0,https://www.bibb.de/dienst/berufesuche/de/index_berufesuche.php/profile/apprenticeship/4413401,,Feuerungs- und Schornsteinbauer/ Feuerungs- und Schornsteinbauerin,-243.11660799560664,184.50674915816907
66,Gerüstbauer/Gerüstbauerin,Hoch- und Tiefbauberufe,"Ingenieurwesen, Produktion & Handwerk",3.0,https://www.bibb.de/dienst/berufesuche/de/index_berufesuche.php/profile/apprenticeship/4531301,Bauen von längen|und flächenorientierten Arbeits,"Profil der beruflichen Handlungsfähigkeit: Bauen von längen- und flächenorientierten Arbeits- und Schutzgerüsten, von Traggerüsten mit Unterkonstruktion einschließlich der Grundschalung, von Arbeitsplattformen und Arbeitsbühnen, von Hängegerüsten, von Wetterschutzhallen und Einhausungen, von Gerüsten für besondere Anforderungen, Warten, Lagern und Transportieren von Gerüstbauteilen, Beurteilen von Traggründen und Sicherstellen der Tragfähigkeit, Verankern von Gerüsten, Prüfen und Protokollieren der Verankerungen, Montieren und Bedienen von Aufzügen und Hebebühnen sowie Einweisen der Nutzer, Planen und Vorbereiten von Arbeitsabläufen, Beschaffen und Auswerten von Informationen, Anwenden von technischen Unterlagen, Planen und Koordinieren der Arbet, Einrichten, Sichern und Räumen von Baustellen, Bearbeiten von Werkstoffen, Handhaben und Instandhalten von Werkzeugen, Geräten, Maschinen und technischen Einrichtungen, Durchführen von Vermessungsarbeiten, Durchführen von qualitätssichernden Maßnahmen und Erstellen von Berichten, Bedienen und Instandhalten von Geräten und Maschinen, Selbständiges Durchführen der Arbeiten auf der Grundlage von technischen Unterlagen und von Arbeitsaufträgen überwiegend im Team und in Kooperation mit anderen Gewerken, Einrichten von Arbeitsstellen und Ergreifen von Maßnahmen zur Sicherheit und zum Gesundheitsschutz bei der Arbeit sowie zum Umweltschutz, Prüfen der Arbeiten auf fehlerfreie Ausführung, Dokumentieren der Arbeiten, Durchführen von qualitätssichernden Maßnahmen und Berechnen der erbrachten Leistung.

Berufliche Tätigkeitsfelder: Beschäftigung finden Gerüstbauer/innen im Baugewerbe und der Bauindustrie in Gerüstbaufirmen und anderen Unternehmen, die Gerüste oder ähnliche Konstruktionen errichten.",291.4134644927316,-272.03219083878884
67,Gleisbauer/Gleisbauerin,Hoch- und Tiefbauberufe,"Ingenieurwesen, Produktion & Handwerk",3.0,https://www.bibb.de/dienst/berufesuche/de/index_berufesuche.php/profile/apprenticeship/47lpo,Beschäftigungsmöglichkeiten finden Gleisbauer/|Gleisbauer/,"Profil der beruflichen Handlungsfähigkeit: Gleisbauer/-innen bauen Bahngleise und halten diese instand. Zu ihren Aufgaben gehören das Durchführen von spezifischen Messungen und das Anwenden von Lage- und Höhenplänen für Gleisanlagen. Sie verlegen und befestigen Schwellen und Schienen. Zudem sind sie verantwortlich für das Einschottern, Heben, Richten und Stopfen der Gleise. Die Instandhaltung der Gleisanlagen sowie das Montieren, Verlegen und Instandhalten von Weichen gehören ebenfalls zu ihren Aufgaben. Darüber hinaus stellen sie Bahnübergänge her, installieren Oberflächenentwässerungen und sichern Baugruben und Gräben. In der Ausbildung lernen sie, Aufträge zu übernehmen, die Arbeiten zu planen, Baustellen einzurichten und zu unterhalten, Baustoffe auszuwählen und zu verarbeiten, Zeichnungen zu erstellen, Messungen durchzuführen, Untergründe zu prüfen, Maschinen und Anlagen einzusetzen und qualitätssichernde Maßnahmen durchzuführen. .

Berufliche Tätigkeitsfelder: Beschäftigungsmöglichkeiten finden Gleisbauer/-innen vor allem in Gleisbaubetrieben und Verkehrsinfrastrukturunternehmen.",-209.75336394895183,97.09531719322862
68,Kanalbauer/Kanalbauerin,Hoch- und Tiefbauberufe,"Ingenieurwesen, Produktion & Handwerk",3.0,https://www.bibb.de/dienst/berufesuche/de/index_berufesuche.php/profile/apprenticeship/4663101,und Abbauen von Arbeits|Schutz,"Profil der beruflichen Handlungsfähigkeit: Einbau von Druckrohrleitungen und Abwasserleitungen als begehbare und nichtbegehbare Freispiegelleitungen, Durchführen von offener Wasserhaltung für Schichten- und Grundwasser, Prüfen von Rohrleitungen und Schächten, Schützen vor Korrosion und vor chemischen Einflüssen, Herstellen von Kabelschächten und Auslegen von Kabel sowie Kabelschutzrohren, Sanieren und Instandsetzen von Kanälen, Ausbauen von Schachtbauwerken aus Fertigteilen, Stahlbeton und Mauerwerk, Berechnen der erbrachten Leistung und Übergeben der geräumte Baustelle, Auf- und Abbauen von Arbeits-, Schutz- und Traggerüsten und Einmessen von Bauwerken und Bauteilen, Durchführen von Aushubarbeiten, Verbauen von Baugruben und Gräben, Verfüllen und Verdichten von Bodenmassen und Anlegen von Böschungen, Durchführen von angrenzenden Arbeiten zum Wiederherstellen des Straßenoberbaus, von angrenzenden Arbeiten im Hochbau, Selbständiges Durchführen der Arbeiten auf der Grundlage von technischen Unterlagen und von Arbeitsaufträgen allein und in Kooperation mit anderen, Planen und Koordinieren der Arbeit, Abstimmen mit den am Bau Beteiligten, Einrichten von Baustellen, Ergreifen von Maßnahmen zur Sicherstellung des Arbeitsablaufes, zur Sicherheit und zum Gesundheitsschutz bei der Arbeit sowie zum Umweltschutz auf der Baustelle, Prüfen der Arbeiten auf fehlerfreie Ausführung, Dokumentieren der Arbeiten, Durchführen von qualitätssichernden Maßnahmen.

Berufliche Tätigkeitsfelder: Vor allem in der Bauindustrie im Kanalbau bzw. Tiefbau sind Kanalbauer/innen beschäftigt.",256.3114038455292,-352.5547238302471
69,Maurer/Maurerin,Hoch- und Tiefbauberufe,"Ingenieurwesen, Produktion & Handwerk",3.0,https://www.bibb.de/dienst/berufesuche/de/index_berufesuche.php/profile/apprenticeship/4410301,Herstellen von ein|Kälte|Schall|und Abbauen von Arbeits|Schutz,"Profil der beruflichen Handlungsfähigkeit: Herstellen von ein- und mehrschaligen Wänden mit unterschiedlichen Steinen und Platten in unterschiedlichen Verbandsarten, von Mauerwerk mit Pfeilern und Vorlagen sowie Natursteinmauerwerk, Überdecken von Öffnungen im Mauerwerk mit künstlichen und natürlichen Steinen sowie mit Fertigteilen, Herstellen von Wänden und Stürzen mit Schalungssteinen, Abdichten von Baukörpern aus Steinen gegen nichtdrückendes und drückendes Wasser, Herstellen, Aufbauen, Versteifen und Abspannen von Schalungen für Fundamente, rechteckigen Stützen und Balken sowie für ebene Wände und Decken, Herstellen von Schalungen für Podeste, geraden Treppenläufen und für sichtbaren Beton, Herstellen und Einbauen von Bewehrungen, Fördern, Einbringen, Verdichten und bearbeiten der Oberfläche von Hand und mit Hilfe von Maschinen von Beton, Einbauen von Dämmstoffen für den Wärme-, Kälte-, Schall- und Brandschutz, Herstellen von Wärmedämmverbundsystemen, von Putzen und Gestalten der Putzoberflächen, von Estrichen und Bauteilen im Trockenbau, Feststellen von Schäden im Rahmen von Instandsetzungs- und Sanierungsarbeiten, Ermitteln der Ursachen und Durchführen von Instandsetzungs- und Sanierungsarbeiten, Einsetzen von Geräten und Maschinen, Auf- und Abbauen von Arbeits-, Schutz- und Traggerüsten und Einmessen von Bauwerken und Bauteilen, Durchführen von angrenzenden Arbeiten in den Gewerben des Ausbaus und des Tiefbaus, Selbständiges Durchführen der Arbeiten auf der Grundlage von technischen Unterlagen und von Arbeitsaufträgen allein und in Kooperation mit anderen, Planen und Koordinieren der Arbeit, Abstimmen mit den am Bau Beteiligten und Einrichten von Baustellen, Ergreifen von Maßnahmen zur Sicherstellung des Arbeitsablaufes, zur Sicherheit und zum Gesundheitsschutz bei der Arbeit sowie zum Umweltschutz auf der Baustelle, Prüfen der Arbeiten auf fehlerfreie Ausführung, Dokumentieren der Arbeiten, Durchführen von qualitätssichernden Maßnahmen und Berechnen der erbrachten Leistung und Übergeben der geräumten Baustelle.

Berufliche Tätigkeitsfelder: Ihren Arbeitsplatz haben Maurer/innen vor allem in Betrieben des Baugewerbes, zum Beispiel bei Hochbauunternehmen, Betonbaufirmen, Sanierungs- und Modernisierungsunternehmen oder im Fertighausbau.",292.66662395347026,-383.8100127877299
70,Spezialtiefbauer/Spezialtiefbauerin,Hoch- und Tiefbauberufe,"Ingenieurwesen, Produktion & Handwerk",3.0,https://www.bibb.de/dienst/berufesuche/de/index_berufesuche.php/profile/apprenticeship/vgt159,innen in Betrieben der Baubranche zB bei Tiefbau|Spezialtiefbau|Tunnelbau|und Wasserbauunternehmen|Spezialtiefbauer/|Hang,"Profil der beruflichen Handlungsfähigkeit: Spezialtiefbauer/-innen sind Fachleute für den Bau von tiefen und anspruchsvollen Bauprojekten. Sie untersuchen den Baugrund, entnehmen und prüfen Bodenproben und führen Schichtenverzeichnisse, um die Eigenschaften des Untergrunds zu bestimmen. Sie verbauen Baugruben und Gräben und stellen Baugruben-, Hang- und Gebäudesicherungen her, um eine sichere Arbeitsumgebung zu gewährleisten. Zudem verbessern sie den Baugrund, um die Stabilität von Bauwerken zu erhöhen. Das Herstellen von Bohrungen für verschiedene Zwecke, wie den Ausbau für Tragelemente oder die Grundwasserabsenkung, gehört ebenfalls zu ihren Aufgaben. Sie führen Spezialtiefbauarbeiten in kontaminierten Bereichen durch und setzen unterschiedliche Bohrverfahren ein, um den Anforderungen des Bauprojekts gerecht zu werden. Des Weiteren errichten sie Pfähle, Kleinbohrpfähle und Ankersysteme zur Fundierung und Stabilisierung von Bauwerken. Sie führen auch Schlitz- und Dichtwandarbeiten sowie Injektionsarbeiten im Nieder- und Hochdruckverfahren durch. In der Ausbildung lernen sie, Aufträge zu übernehmen, die Arbeiten zu planen, Baustellen einzurichten und zu unterhalten, Baustoffe auszuwählen und zu verarbeiten, Zeichnungen zu erstellen, Messungen durchzuführen, Untergründe zu prüfen, Maschinen und Anlagen einzusetzen und qualitätssichernde Maßnahmen durchzuführen.

Berufliche Tätigkeitsfelder: Beschäftigungsmöglichkeiten finden Spezialtiefbauer/-innen in Betrieben der Baubranche, z.B. bei Tiefbau-, Spezialtiefbau-, Tunnelbau- und Wasserbauunternehmen.",-207.01543560970558,86.08439287972817
71,Straßenbauer/Straßenbauerin,Hoch- und Tiefbauberufe,"Ingenieurwesen, Produktion & Handwerk",3.0,https://www.bibb.de/dienst/berufesuche/de/index_berufesuche.php/profile/apprenticeship/jjj555,Ihre Tätigkeit üben Straßenbauer/|Straßenbauer/,"Profil der beruflichen Handlungsfähigkeit: Straßenbauer/-innen stellen Verkehrswege her und halten diese instand. Dazu gehören die Herstellung von Pflasterdecken, Plattenbelägen sowie Belägen aus Asphalt und Beton. Zu ihren Aufgaben gehört auch das Ausheben von Baugruben und Gräben, deren Sicherung durch Verbau sowie das Verfüllen und Verdichten, um eine solide Grundlage für die Straßen zu schaffen. Sie stellen das Planum her und bauen Tragschichten ein, um eine ebene und stabile Fahrbahnoberfläche zu gewährleisten. Des Weiteren stellen sie Erdbauwerke her. Nach Aufgrabungen stellen sie den Oberbau wieder her, um die Fahrbahn in ihren ursprünglichen Zustand zu versetzen. Darüber hinaus sind sie für das Herstellen von Schacht- und Sonderbauwerken aus Beton, Stahlbeton, Steinen und Fertigteilen sowie von Infrastrukturleitungen zuständig. In der Ausbildung lernen sie, Aufträge zu übernehmen, die Arbeiten zu planen, Baustellen einzurichten und zu unterhalten, Baustoffe auszuwählen und zu verarbeiten, Zeichnungen zu erstellen, Messungen durchzuführen, Untergründe zu prüfen, Maschinen und Anlagen einzusetzen und qualitätssichernde Maßnahmen durchzuführen.

Berufliche Tätigkeitsfelder: Ihre Tätigkeit üben Straßenbauer/-innen vor allem in Betrieben des Bauhauptgewerbes, z.B. bei Straßenbauunternehmen und anderen Tiefbauunternehmen, aus.",-224.86697459622704,107.26163925112398
72,Wasserbauer/Wasserbauerin,Hoch- und Tiefbauberufe,"Ingenieurwesen, Produktion & Handwerk",3.0,https://www.bibb.de/dienst/berufesuche/de/index_berufesuche.php/profile/apprenticeship/06987zi,,"Profil der beruflichen Handlungsfähigkeit: Herstellen, Kontrollieren und Instandhalten von Bauwerken in und an Gewässern, Herstellen, Kontrollieren und Instandhalten von Ufersicherungen und Unterhaltungswegen, Durchführen von Maßnahmen zur Pflege und Entwicklung von Gewässern, Herstellen, Kontrollieren und Instandhalten von Bauwerken für den Küsten- und Inselschutz, Durchführen von Aufgaben der Bauüberwachung, Durchführen von Maßnahmen zur Unterhaltung und Kontrolle des Gewässerbettes und Bezeichnen und Sichern von Fahrrinnen und Fahrwassern, Durchführen von gewässerkundlichen Messungen, Durchführen von Maßnahmen des Hochwasserschutzes sowie der Hochwasserabwehr und Eisabwehr, Führen von schwimmenden Fahrzeugen und Bedienen von schwimmenden Geräten, Betreiben und Unterhalten von Talsperren, Speichern sowie Rückhaltebecken, Nehmen von Aufmaßen und Erstellen von Arbeitsunterlagen, Auf- und Abbauen von Arbeitsgerüsten, Einsetzen und Instandhalten von Transportgeräten, Planen, Steuern und Vorbereiten von Arbeitsabläufen sowie Koordinieren mit anderen Gewerken, Arbeiten im Team, Führen von Gesprächen mit auftragsausführenden Firmen, Prüfen der Arbeiten auf fehlerfreie Ausführung, Dokumentieren der Arbeiten und Durchführen von qualitätssichernden Maßnahmen, Erfassen von Mengen- und Zeitaufwand und Berechnen der erbrachten Leistungen, Ergreifen von Maßnahmen zur Sicherheit und zum Gesundheitsschutz bei der Arbeit sowie zum Umweltschutz.

Berufliche Tätigkeitsfelder: Wasserbauer / Wasserbauerinnen arbeiten sowohl an Anlagen, Bauwerken und anderen Objekten an und in Gewässer sowie auf schwimmenden Fahrzeugen und in der Werkstatt.",196.89921625625269,-231.50944538334997
73,Kaufmann für Digitalisierungsmanagement/ Kauffrau für Digitalisierungsmanagement,"Informatik-, Informations- und Kommunikationstechnologieberufe",IT & Digitalisierung,3.0,https://www.bibb.de/dienst/berufesuche/de/index_berufesuche.php/profile/apprenticeship/rtretgf,Analysieren von Arbeits|Geschäfts,"Profil der beruflichen Handlungsfähigkeit: Analysieren von Arbeits-, Geschäfts- und Wertschöpfungsprozessen, Ermitteln des Bedarfs an Informationen und Bereitstellen von Daten, digitale Weiterentwicklung von Geschäftsmodellen, Anbahnen und Gestalten von Verträgen, Planen und Durchführen von Beschaffungen, Anwenden von Instrumenten der kaufmännischen Steuerung und Kontrolle, Umsetzen der Schutzziele der Datensicherheit, Einhalten der Bestimmungen zum Datenschutz und zu weiteren Schutzrechten, Planen, Vorbereiten und Durchführen von Arbeitsaufgaben in Abstimmung mit den kundenspezifischen Geschäfts- und Leistungsprozessen, Informieren und Beraten von Kunden und Kundinnen, Beurteilen marktgängiger IT-Systeme und kundenspezifischer Lösungen, Entwickeln, Erstellen und Betreuen von IT-Lösungen, Durchführen und Dokumentieren von qualitätssichernden Maßnahmen, Umsetzen, Integrieren und Prüfen von Maßnahmen zur IT-Sicherheit und zum Datenschutz, Erbringen der Leistungen und Auftragsabschluss.

Berufliche Tätigkeitsfelder: Kaufleute für Digitalisierungsmanagement arbeiten in der IT-Branche, in Unternehmen nahezu aller Wirtschaftsbereiche sowie in Organisationen und im Öffentlichen Dienst. Sie sind Fachkräfte im Umgang mit Daten und Prozessen aus einer ökonomisch-betriebswirtschaftlichen Perspektive. Sie machen Informationen und Wissen verfügbar, um aus der zunehmenden Digitalisierung wirtschaftlichen Nutzen zu ziehen; sie managen die Digitalisierung von Geschäftsprozessen auf der operativen Ebene.",24.714990498013808,-83.00017161962795
74,Kaufmann für IT-System-Management/ Kauffrau für IT-System-Management,"Informatik-, Informations- und Kommunikationstechnologieberufe",IT & Digitalisierung,3.0,https://www.bibb.de/dienst/berufesuche/de/index_berufesuche.php/profile/apprenticeship/dsafsf,Kaufleute für IT|System|Management arbeiten in der IT|Systeme|Analysieren von Anforderungen an IT,"Profil der beruflichen Handlungsfähigkeit: Analysieren von Anforderungen an IT-Systeme, Entwickeln und Umsetzen von Beratungsstrategien, Entwickeln von Konzepten für IT-Lösungen und Koordinieren von deren Umsetzung, Erstellen von Angeboten und Abschließen von Verträgen, Anwenden von Instrumenten aus dem Absatzmarketing und aus dem Vertrieb, Anwenden von Instrumenten der kaufmännischen Steuerung und Kontrolle, Beschaffen von Hard- und Software sowie von Dienstleistungen, Planen, Vorbereiten und Durchführen von Arbeitsaufgaben in Abstimmung mit den kundenspezifischen Geschäfts- und Leistungsprozessen, Informieren und Beraten von Kunden und Kundinnen, Beurteilen marktgängiger IT-Systeme und kundenspezifischer Lösungen, Entwickeln, Erstellen und Betreuen von IT-Lösungen, Durchführen und Dokumentieren von qualitätssichernden Maßnahmen, Umsetzen, Integrieren und Prüfen von Maßnahmen zur IT-Sicherheit und zum Datenschutz, Erbringen der Leistungen und Auftragsabschluss.

Berufliche Tätigkeitsfelder: Kaufleute für IT-System-Management arbeiten in der IT-Branche, in Unternehmen nahezu aller Wirtschaftsbereiche sowie in Organisationen und im Öffentlichen Dienst. Sie sind Fachkräfte für die Vermarktung und das Anbieten von IT-Dienstleistungen (Hardware/Software/Services). Darüber hinaus managen und administrieren sie IT-Systeme.",-20.950723803748236,-32.65980956173973
75,Mathematisch-technischer Softwareentwickler/ Mathematisch-technische Softwareentwicklerin,"Informatik-, Informations- und Kommunikationstechnologieberufe",IT & Digitalisierung,3.0,https://www.bibb.de/dienst/berufesuche/de/index_berufesuche.php/profile/apprenticeship/261007,Mathematisch|technische Software,"Profil der beruflichen Handlungsfähigkeit: Anwenden mathematischer Modelle zur Lösung von Problemen aus Informatik, Technik, Naturwissenschaften und Wirtschaft, Analysieren von Problemstellungen, Entwickeln und formalisiertes Beschreiben von Modellen im Bereich der Software-Entwicklung, Konzipieren und Realisieren objektorientierter komplexer Softwaresysteme, Erstellen von Benutzer- und Systemdokumentationen, Dokumentieren des Software-Entwicklungsprozesses, Anwenden und programmtechnische Umsetzung gängiger mathematischer Verfahren sowie Lösungsalgorithmen, Mitwirken in Kooperation mit Fachwissenschaftlern bei der mathematischen Interpretation und Präsentation von Ergebnissen, Planen und Durchführen von Qualitätssicherungsmaßnahmen, Verwenden gängiger Testprinzipien und -verfahren und adäquates Einsetzen von Testtools, fachübergreifendes Kommunizieren mathematischer Problemstellungen und Arbeiten in interdisziplinären Teams, Anwenden von Methoden des Projektmanagements, Beraten und Schulen der Anwender.

Berufliche Tätigkeitsfelder: Mathematisch-technische Software-Entwickler/innen sind in Betrieben unterschiedlicher Größe und Art tätig, wie Wirtschaftsunternehmen, Forschungseinrichtungen, Rechenzentren und Hochschulen.",-75.45638005780994,24.475392722652277
76,Böttcher/Böttcherin,"Kunststoffherstellung und -verarbeitung, Holzbe- und -verarbeitung","Ingenieurwesen, Produktion & Handwerk",3.0,https://www.bibb.de/dienst/berufesuche/de/index_berufesuche.php/profile/apprenticeship/boett986,,Böttcher/Böttcherin,-310.2398187216185,254.9821713596282
77,"Fachkraft für Möbel-, Küchen- und Umzugsservice","Kunststoffherstellung und -verarbeitung, Holzbe- und -verarbeitung","Ingenieurwesen, Produktion & Handwerk",3.0,https://www.bibb.de/dienst/berufesuche/de/index_berufesuche.php/profile/apprenticeship/040211,Fachkräfte für Möbel|Küchen|und Möbelhandels sowie in Möbelspeditionen|Montieren von Küchen|und Möbelteilen sowie Auf|Lager|und Verarbeiten von Holz Holzwerk,"Profil der beruflichen Handlungsfähigkeit: Montieren von Küchen- und Möbelteilen sowie Auf- und Abbauen von Küchen und Möbeln, Kontrollieren und Sichern der Warenbestände, Bearbeiten von Küchen- und Möbelteilen, Installieren von elektrischen Einrichtungen und Geräten, Herstellen von Anschlüssen an Wasserleitungen und Lüftungsanlagen, Abholen und Ausliefern von Küchen, Möbeln und Geräten und Umzugsgut, Durchführen von Verpackungs-, Lager- und Transportarbeiten, Handhaben, Bedienen und Instandhalten von Werkzeugen, Geräten, Maschinen, Transporthilfsmitteln und Transportmitteln, Be- und Verarbeiten von Holz, Holzwerk- und sonstigen Werkstoffen, Prüfen von Rechnungen sowie Lieferunterlagen und Entgegennehmen von Zahlungen, Planen und Dokumentieren der Arbeit, verarbeiten von Daten, Ergreifen von Maßnahmen zur Sicherheit und zum Gesundheitsschutz bei der Arbeit sowie zum Umweltschutz, Einrichten, Sichern und Räumen von Arbeitsplätzen, selbstständiges, kunden- und betriebswirtschaftlich orientiertes Arbeiten auf der Grundlage von Arbeitsaufträgen allein und im Team, Koordinieren der Arbeiten mit anderen Beteiligten, Behandeln von Reklamationen, Durchführen von qualitätssichernden Maßnahmen.

Berufliche Tätigkeitsfelder: Fachkräfte für Möbel-, Küchen- und Umzugsservice arbeiten in Unternehmen des Küchen- und Möbelhandels sowie in Möbelspeditionen.",68.00715420438793,-117.15358967098108
78,Fahrzeuglackierer/Fahrzeuglackiererin,"Kunststoffherstellung und -verarbeitung, Holzbe- und -verarbeitung","Ingenieurwesen, Produktion & Handwerk",3.0,https://www.bibb.de/dienst/berufesuche/de/index_berufesuche.php/profile/apprenticeship/67867684,,"Profil der beruflichen Handlungsfähigkeit: Selbständiges kundenorientiertes Durchführen der Arbeiten auf der Grundlage von Arbeitsaufträgen allein und im Team, Planen und Koordinieren der Arbeit, Festlegen der Arbeitsschritte und der benötigten Materialien, Ergreifen von Maßnahmen zur Sicherheit und zum Gesundheitsschutz bei der Arbeit sowie zum Umweltschutz am Arbeitsplatz, Führen von Gesprächen mit Kunden, Prüfen der Arbeiten auf fehlerfreie Ausführung, Dokumentieren der Arbeiten, Durchführen von qualitätssichernden Maßnahmen und Erfassen von Mengen und Zeitaufwand zur Berechnung der erbrachten Leistungen, Prüfen, Bewerten und Vorbereiten für die Endbeschichtung von Untergründen, Durchführen von Schutzmaßnahmen für nicht zu bearbeitende Flächen, Beschichten, Behandeln und Gestalten von Oberflächen, Herstellen von Beschriftungen, Design und Effektlackierungen, Instandhalten und Instandsetzen von Oberflächen, Prüfen von elektrischen, elektronischen, pneumatischen und hydraulischen Bauteilen und Systemen auf Funktion, Durchführen von Demontage- und Montagearbeiten, sowie Ausführen von Verglasungen an Fahrzeugen, Durchführen von Instandsetzungsarbeiten an Fahrzeugen und Fahrzeugteilen, Durchführen von Messungen und Dokumentieren der Ergebnisse, Auswählen, Einrichten, Bedienen und Instandhalten von Geräten, Werkzeugen, Maschinen und Anlagen für den Arbeitsauftrag, Bearbeiten von Werkstoffen und Bauteilen.

Berufliche Tätigkeitsfelder: Fahrzeuglackierer/innen sind in handwerklichen Fahrzeuglackierereien und Karosseriereparaturwerkstätten oder auch in der Fahrzeugindustrie tätig.",202.93392791350615,-247.7478732426661
79,Holzbearbeitungsmechaniker/ Holzbearbeitungsmechanikerin,"Kunststoffherstellung und -verarbeitung, Holzbe- und -verarbeitung","Ingenieurwesen, Produktion & Handwerk",3.0,https://www.bibb.de/dienst/berufesuche/de/index_berufesuche.php/profile/apprenticeship/879zi620,Hobel|Holzleimbau|sowie Holzwerkstoffindustrie|Herstellen von Holz|Halb,"Profil der beruflichen Handlungsfähigkeit: Herstellen von Holz- Halb- und Fertigerzeugnissen auf der Grundlage von Arbeitsaufträgen allein und im Team, Planen und Koordinieren der Arbeit, Festlegen der Arbeitsschritte, Auswählen der erforderlichen Werkstoffe, Steuern, Überwachen und Optimieren der Fertigungsprozesse, Ergreifen von Maßnahmen zur Sicherheit und zum Gesundheitsschutz bei der Arbeit sowie zum Umweltschutz am Arbeitsplatz, Prüfen der Arbeiten auf fehlerfreie Ausführung, Dokumentieren ihrer Arbeiten, Durchführen von qualitätssichernden Maßnahmen und Erfassen der Mengen und des Zeitaufwands zur Berechnung der erbrachten Leistungen, Vorbereiten von Arbeitsabläufen, Einrichten und Sichern von Arbeitsplätzen, Anfertigen und Anwenden von technischen Unterlagen, Durchführen von Messungen, Sortieren, Vermessen, Kontrollieren und Lagern von Holz und Rohmaterialien, Einrichten und Instandhalten von Maschinenwerkzeugen, Einrichten, Bedienen und Instandhalten von Geräten, Maschinen und Anlagen, Überwachen der Produktionsprozesse, Trocknen und Dämpfen von Holz, Durchführen von Holzschutzmaßnahmen, Transportieren, Lagern und Pflegen von Halb- und Fertigerzeugnissen, Vorbereiten des Versands der Erzeugnisse.

Berufliche Tätigkeitsfelder: Holzbearbeitungsmechaniker und Holzbearbeitungsmechanikerinnen stellen industriell Schnittholz, Hobelware, Holzleimbauelemente, Holzwerkstoffe und andere Holzfertigerzeugnisse her. Ihre Einsatzbereiche sind Unternehmen/Betriebe der Säge-, Hobel-, Holzleimbau- sowie Holzwerkstoffindustrie.",121.67480356109844,-184.4919745285953
80,Lacklaborant/Lacklaborantin,"Kunststoffherstellung und -verarbeitung, Holzbe- und -verarbeitung","Ingenieurwesen, Produktion & Handwerk",3.5,https://www.bibb.de/dienst/berufesuche/de/index_berufesuche.php/profile/apprenticeship/kkjkhjk,,"Profil der beruflichen Handlungsfähigkeit: Prüfen von Rohstoffen und Halbfabrikaten mit Hilfe physikalischer und chemischer Methoden, Ermitteln von Eigenschaften von Beschichtungsstoffen und Ableiten von deren Einsatzgebieten, Formulieren von Rezepturen für Beschichtungsstoffe und Beschichtungssystemen nach speziellen Anforderungsprofilen und nach Aufträgen von Kunden, Herstellen von Beschichtungsstoffen, dabei selbständiges Auswählen der einzusetzenden Arbeitstechniken und Geräte, Ermitteln von beschichtungstechnologischen Kennzahlen und Prüfen der Beständigkeit der Beschichtungen gegenüber physikalischen und chemischen Beanspruchungen, Beurteilen der Oberflächenbeschaffenheit von Untergründen und Beschichtungen, Auswerten von Mess- und Untersuchungsdaten, insbesondere unter Einsatz elektronischer Datenverarbeitung und Dokumentieren der Ergebnisse, Applizieren von Beschichtungsstoffen manuell und unter Zuhilfenahme automatisierter Verfahren, Berücksichtigen der einschlägigen Sicherheits- und Umweltvorschriften beim Umgang mit Arbeitsstoffen, Geräten und Apparaturen, Beraten von Kunden, Anwenden von Maßnahmen des Qualitätsmanagements bei der Arbeit.

Berufliche Tätigkeitsfelder: Beschäftigungsmöglichkeiten haben Lacklaboranten/-laborantinnen in der chemischen, lackherstellenden und lackverarbeitenden Industrie, aber auch an wissenschaftlichen Instituten.",5.148027846047434,-49.46344330211954
81,Mechaniker für Reifen- und Vulkanisationstechnik/ Mechanikerin für Reifen- und Vulkanisationstechnik Ausbildung in Fachrichtungen: – Reifen- und Fahrwerktechnik – Vulkanisationstechnik,"Kunststoffherstellung und -verarbeitung, Holzbe- und -verarbeitung","Ingenieurwesen, Produktion & Handwerk",3.0,https://www.bibb.de/dienst/berufesuche/de/index_berufesuche.php/profile/apprenticeship/768tu63r,,Mechaniker für Reifen- und Vulkanisationstechnik/ Mechanikerin für Reifen- und Vulkanisationstechnik Ausbildung in Fachrichtungen: – Reifen- und Fahrwerktechnik – Vulkanisationstechnik,-257.6945887550954,200.0578269516545
82,Tischler/Tischlerin,"Kunststoffherstellung und -verarbeitung, Holzbe- und -verarbeitung","Ingenieurwesen, Produktion & Handwerk",3.0,https://www.bibb.de/dienst/berufesuche/de/index_berufesuche.php/profile/apprenticeship/n7865435,,"Profil der beruflichen Handlungsfähigkeit: Entwerfen und Zeichnen von Erzeugnissen nach gestalterischen und funktionalen Gesichtspunkten, Auswählen von Holz und Holzwerkstoffen nach Verwendungszweck und Wirtschaftlichkeit, Herstellen von Teilen aus Holz und Holzwerkstoffen von Hand und mit Maschinen, Zusammensetzen von Teilen zu Erzeugnissen, Verarbeiten von Furnieren, Kunststoffen, Metallen, Glas und Hilfsstoffen, Rüsten, Bedienen und Warten von Maschinen, Maschinenwerkzeugen, Anlagen und Vorrichtungen, Rüsten, Bedienen und Warten von pneumatischen, hydraulischen und elektronischen Geräten und Einrichtungen, Veredeln von Oberflächen durch Ansetzen und Auftragen von Beizen und Färbemitteln sowie Vorbereiten und Auftragen unterschiedlicher Beschichtungsmaterialien, Einbauen von montagefertigen Teilen und Erzeugnissen.

Berufliche Tätigkeitsfelder: Ihren Arbeitsplatz haben Tischler/innen in kleinen und mittleren Handwerksbetrieben, z.B. in Bau- und Möbeltischlereien, Fensterbaubetrieben und bei Innenausbaubetrieben.",9.33209620002359,4.874833932196163
83,Fachkraft Agrarservice,"Land-, Tier- und Forstwirtschaftsberufe","Natur, Umwelt & Agrar",3.0,https://www.bibb.de/dienst/berufesuche/de/index_berufesuche.php/profile/apprenticeship/fdsdfs,und Pflanzgut Durchführen von Dünge,"Profil der beruflichen Handlungsfähigkeit: Durchführen der Arbeiten selbständig oder im Team auf der Grundlage von Arbeitsaufträgen unter Beachtung des Umweltschutzes, der Arbeitsicherheit und des Gesundheitsschutzes, Planen und Dokumentieren der Arbeit, Festlegen der Arbeitschritte und Kontrollieren und Bewerten der Arbeitsergebnisse, Beurteilen betrieblicher Abläufe und Mitwirken bei der Organisation des Betriebes, Anwenden von Kommunikations- und Informationstechniken betriebsintern und im Umgang mit Kunden, Durchführen von qualitätssichernden Maßnahmen, Nutzen, Pflegen, Warten und Instandhalten der Agrartechnik, Bedienen und Führen von landwirtschaftlichen Maschinen, Durchführen von Maßnahmen zur Pflanzenproduktion, Durchführen der Bodenbearbeitung, Ausbringen von Saat- und Pflanzgut, Durchführen von Dünge- und Pflanzenschutzmaßnahmen, Beurteilen von Pflanzenbeständen im Vegetationsablauf, Ernten, Lagern und Konservieren von pflanzlichen Produkten, Durchführen von Maßnahmen zur Landschaftspflege.

Berufliche Tätigkeitsfelder: Fachkräfte Agrarservice arbeiten in landwirtschaftlichen Betrieben des Pflanzenbaus, landwirtschaftliche Lohnunternehmen sowie agrartechnischen Dienstleistungsunternehmen",68.7603363359584,-136.68249256658612
84,Forstwirt/Forstwirtin,"Land-, Tier- und Forstwirtschaftsberufe","Natur, Umwelt & Agrar",3.0,https://www.bibb.de/dienst/berufesuche/de/index_berufesuche.php/profile/apprenticeship/0621101,Beschäftigung finden Forstwirte/,"Profil der beruflichen Handlungsfähigkeit: Begründen, Schützen und Pflegen der Waldbestände, Erhalten, Schützen und Entwickeln von besonderen Lebensräumen, Anlegen und Pflegen von Schutz- und Erholungseinrichtungen, Ernten, Vermessen und Sortieren von Holz, Bringen und Lagern von Holz, Handhaben, Warten und Instandsetzen von Maschinen und Geräten, Planen, Vorbereiten und Kontrollieren der Arbeiten, Selbständiges Ausführen der Tätigkeiten unter Beachtung des Natur- und Umweltschutzes, der Sicherheit und des Gesundheitsschutzes und der Ergonomie am Arbeitsplatz.

Berufliche Tätigkeitsfelder: Beschäftigung finden Forstwirte/-wirtinnen in Forstbetrieben, Forstunternehmen, Baumschulen, forstlichen Dienstleistungsunternehmen, in Unternehmen des Natur- und Umweltschutzes sowie der Landwirtschaftspflege und im Entwicklungsdienst.",-35.255711538749736,5.507944971269821
85,Landwirt/Landwirtin,"Land-, Tier- und Forstwirtschaftsberufe","Natur, Umwelt & Agrar",3.0,https://www.bibb.de/dienst/berufesuche/de/index_berufesuche.php/profile/apprenticeship/0110101,,Landwirt/Landwirtin,-324.39192724895554,229.35443084344695
86,Pflanzentechnologe/Pflanzentechnologin,"Land-, Tier- und Forstwirtschaftsberufe","Natur, Umwelt & Agrar",3.0,https://www.bibb.de/dienst/berufesuche/de/index_berufesuche.php/profile/apprenticeship/290312,und Informationstechniken,"Profil der beruflichen Handlungsfähigkeit: Anbauen, Pflegen und Ernten von Kulturpflanzen zu Versuchs- und Vermehrungszwecken, Planen, Durchführen und Dokumentieren von Versuchen und Untersuchungsreihen, Anwenden von Züchtungs- und Vermehrungsverfahren, Durchführen von Probennahmen und Probenanalysen, Anwenden von Qualitätssicherungssystemen, Einsetzen, Pflegen und Warten von Maschinen und Geräten, Planen und Dokumentieren von Arbeiten, Festlegen von Arbeitsschritten sowie Kontrollieren und Bewerten von Arbeitsergebnissen, Anwenden von Maßnahmen der Arbeitssicherheit und des Gesundheitsschutzes, Durchführen von Arbeiten selbstständig oder im Team auf der Grundlage von Arbeitsaufträgen unter Beachtung des Umwelt- und Naturschutzes, ökologischer Zusammenhänge und der Nachhaltigkeit, Beurteilen betrieblicher Abläufe und Mitwirken bei der Organisation des Betriebes, Anwenden von Kommunikations- und Informationstechniken.

Berufliche Tätigkeitsfelder: Pflanzentechnologen/Pflanzentechnologinnen arbeiten in öffentlichen Einrichtungen und privaten Betrieben der Pflanzenzüchtung, des Versuchswesens und der Pflanzenvermehrung sowie in agrarwirtschaftlichen und gärtnerischen Untersuchungslaboren.",103.70177744875994,-164.30823732584008
87,Revierjäger/Revierjägerin,"Land-, Tier- und Forstwirtschaftsberufe","Natur, Umwelt & Agrar",3.0,https://www.bibb.de/dienst/berufesuche/de/index_berufesuche.php/profile/apprenticeship/revi8796,und Weiterbildung,"Profil der beruflichen Handlungsfähigkeit: Gestalten von Lebensräumen von Wildtieren und von Jagdrevieren, nachhaltiges Bewirtschaften von Wildbeständen, Erheben von Daten über Wildbestände und Lebensräume, Durchführen von Maßnahmen zum Wild- und Jagdschutz, Organisieren des Jagdbetriebes und Durchführen von Jagden, Führen von Jagdwaffen und tierschutzgerechtes Einsetzen, Halten, Füttern und Einsetzen von Jagdgebrauchshunden, Beurteilen und Vermarkten erlegten Wildes, Durchführen von Maßnahmen zum Tierschutz, zum Artenschutz und zum Naturschutz unter Berücksichtigung ökologischer Zusammenhänge und der Nachhaltigkeit, Durchführen von Maßnahmen der Öffentlichkeitsarbeit und Veranstaltungen, Planen und Dokumentieren von Arbeiten, Festlegen von Arbeitsschritten sowie Kontrollieren und Bewerten von Arbeitsergebnissen, Durchführen von Arbeiten selbstständig oder im Team unter Beachtung der betrieblichen Rahmen¬bedingungen, des Umweltschutzes, der Arbeitssicherheit und des Gesundheitsschutzes, Beurteilen betrieblicher Abläufe und Mitwirken bei der Organisation des Betriebes.

Berufliche Tätigkeitsfelder: Revierjäger und Revierjägerinnen arbeiten in privaten, kommunalen und staatlichen Jagd- und Forstbetrieben, darüber hinaus auch in Schutzgebieten, Verbänden sowie in der jagdlichen Aus- und Weiterbildung.",104.53356469609663,-127.25706944757994
88,Winzer/Winzerin,"Land-, Tier- und Forstwirtschaftsberufe","Natur, Umwelt & Agrar",3.0,https://www.bibb.de/dienst/berufesuche/de/index_berufesuche.php/profile/apprenticeship/0120101,und nachgelagerten Bereiche des Weinbaus,"Profil der beruflichen Handlungsfähigkeit: Anbau und Pflege von Reben zur Erzeugung von Trauben, Bereiten von Wein, Herstellen sonstiger Erzeugnisse aus Trauben und Wein, Handhaben und Instandhalten von Maschinen, Geräten sowie Betriebseinrichtungen, Wahrnehmen und Beurteilen von Vorgängen, Beschaffen und Auswerten von Informationen, Bearbeiten und Pflegen des Bodens unter Erhaltung einer nachhaltigen Bodenfruchtbarkeit, qualitätsorientiertes und umweltschonendes Pflanzen, Pflegen und Nutzen von Reben, Bereiten von Wein unter Anwendung oenologischer Verfahren, Füllen, Ausstatten und Verpacken von Wein, Beurteilen und Präsentieren von Wein, Herstellen von sonstigen Erzeugnissen aus Trauben und Wein, Vermarkten von Wein und sonstigen betrieblichen Erzeugnissen, Beraten von Kunden, Beachtung der nationalen und EG-rechtlichen Vorschriften, Selbständiges Ausführen der Arbeiten unter Beachtung des Natur- und Umweltschutzes, der Sicherheit und des Gesundheitsschutzes am Arbeitsplatz.

Berufliche Tätigkeitsfelder: Winzer/innen arbeiten in Weinbaubetrieben bzw. Weingütern sowie in Betrieben der vor- und nachgelagerten Bereiche des Weinbaus.",-16.755672634118746,-2.828111477457117
89,Brauer und Mälzer/Brauerin und Mälzerin,Lebensmittelherstellung und -verarbeitung,"Gastronomie, Tourismus & Dienstleistungen",3.0,https://www.bibb.de/dienst/berufesuche/de/index_berufesuche.php/profile/apprenticeship/74oiu4,,"Profil der beruflichen Handlungsfähigkeit: Brauen von Bieren, Herstellen von Würze, Propagieren von Hefen und Milchsäurebakterien, Vergären der Würze, Reifen und Lagern des Jungbieres, Filtrieren des Bieres, Herstellen von Malz, Herstellen von alkoholfreien Bieren, Biermischgetränken und alkoholfreien Getränken, Bedienen und Warten von Anlagen und Maschinen zur Produktion und Abfüllung von Getränken, Produkte präsentieren und Kunden beraten, Betreiben von Getränkeschankanlagen, Planen und nachhaltiges Umsetzen des Einsatzes von Energie, Kohlendioxid, Druckluft, Kühlung und Wasser, Lagern von Rohstoffen, Hilfsstoffen und Betriebsstoffen sowie von Endprodukten, Ausführen von Hygienemaßnahmen, Durchführen von qualitätssichernden Maßnahmen, Durchführen von mikrobiologischen Untersuchungen, sensorischen Prüfungen und chemisch-technischen Analysen und, Anwenden berufsbezogener Vorschriften.

Berufliche Tätigkeitsfelder: Brauer und Mälzer / Brauerinnen und Mälzerinnen arbeiten in Brauereien, Mälzereien und Herstellungsbetrieben alkoholfreier Getränke, Betrieben der pharmazeutischen und chemischen Industrie sowie Betrieben der Lebensmittelherstellung und der Zulieferindustrie.",32.63135920978713,-35.356680041507225
90,Brenner/Brennerin,Lebensmittelherstellung und -verarbeitung,"Gastronomie, Tourismus & Dienstleistungen",3.0,https://www.bibb.de/dienst/berufesuche/de/index_berufesuche.php/profile/apprenticeship/4231101,,Brenner/Brennerin,-364.6365601962289,262.8714089266641
91,Bäcker/Bäckerin,Lebensmittelherstellung und -verarbeitung,"Gastronomie, Tourismus & Dienstleistungen",3.0,https://www.bibb.de/dienst/berufesuche/de/index_berufesuche.php/profile/apprenticeship/7867zu60,und Diät|Sand|Brand|Makronen|und Röstmasse sowie Blätter|Mürbe|Hefe|und Lebkuchenteigen Herstellen von Backwaren|Salz|Käse,"Profil der beruflichen Handlungsfähigkeit: Herstellen von Brot und Kleingebäck aus unterschiedlichen Getreideerzeugnissen, auch unter Verwendung von Sauerteig, Herstellen von feinen Backwaren aus Wiener Masse, Biskuit-, Sand-, Brand-, Makronen- und Röstmasse sowie Blätter-, Mürbe-, Hefe- und Lebkuchenteigen, Herstellen von Backwaren-Snacks aus unterschiedlichen Rohstoffen und Teigen, Herstellen von Party-, Salz-, Käse-, Dauergebäcken und diätetischen Bäckereierzeugnissen, Zubereiten von kleinen Gerichten unter Verwendung frischer Rohstoffe, Beherrschen von Planung und Durchführung arbeits- und backtechnischer Verfahren und Beachten von Methoden der Qualitätssicherung, Anwenden von Vorschriften der Lebensmittelhygiene, des Lebensmittelrechts sowie des Arbeitsschutzes, Berücksichtigen von ernährungsphysiologischen, ökonomischen und umweltbezogenen Gesichtspunkten, Beherrschen der Grundlagen der betrieblichen Kalkulation, Erarbeiten von anlassbezogenen Produktvorschlägen.

Berufliche Tätigkeitsfelder: Bäcker/Bäckerinnen arbeiten sowohl im Nahrungsmittelhandwerk als auch in der Nahrungsmittelindustrie, z.B. in Großbäckereien. Beschäftigung finden sie auch in Spezial- und Diät-Bäckereien sowie in der Gastronomie und im Catering.",-88.33697255223298,32.90417394298573
92,Destillateur/Destillateurin,Lebensmittelherstellung und -verarbeitung,"Gastronomie, Tourismus & Dienstleistungen",3.0,https://www.bibb.de/dienst/berufesuche/de/index_berufesuche.php/profile/apprenticeship/4231301,,Destillateur/Destillateurin,-369.27773336622465,267.30826017047684
93,Fachkraft Küche,Lebensmittelherstellung und -verarbeitung,"Gastronomie, Tourismus & Dienstleistungen",2.0,https://www.bibb.de/dienst/berufesuche/de/index_berufesuche.php/profile/apprenticeship/fakue22,,"Profil der beruflichen Handlungsfähigkeit: Zubereiten von Salaten, Eierspeisen und Gemüsegerichten, Zubereiten von einfachen Suppen, Soßen und Eintöpfen, Zubereiten von Sättigungsbeilagen, Zubereiten von einfachen Fleisch- und Fischgerichten, Anrichten und Garnieren von Gerichten und Speisen, Annehmen und Einlagern von Waren, Einsetzen von Geräten, Maschinen und Arbeitsmitteln, Anwenden von Arbeitstechniken und Garverfahren in der Küche, Umsetzen von Hygienemaßnahmen, Beachten von Nachhaltigkeitsaspekten, Arbeiten im Team.

Berufliche Tätigkeitsfelder: Fachkräfte Küche arbeiten vorwiegend in der Hotellerie und Gastronomie, insbesondere in Hotels und Restaurants sowie in der Gemeinschaftsgastronomie zum Beispiel in Schulen, Mensen, Krankenhäusern, Altenheimen und Betriebsrestaurants.",-61.85783490047865,25.614939788470416
94,Fachkraft für Fruchtsafttechnik,Lebensmittelherstellung und -verarbeitung,"Gastronomie, Tourismus & Dienstleistungen",3.0,https://www.bibb.de/dienst/berufesuche/de/index_berufesuche.php/profile/apprenticeship/4232101,,Fachkraft für Fruchtsafttechnik,-364.373647011793,243.50177366703358
95,Fachkraft für Lebensmitteltechnik,Lebensmittelherstellung und -verarbeitung,"Gastronomie, Tourismus & Dienstleistungen",3.0,https://www.bibb.de/dienst/berufesuche/de/index_berufesuche.php/profile/apprenticeship/4326701,Fleisch|Süßwaren|Nährmittel,"Profil der beruflichen Handlungsfähigkeit: Herstellung von Lebensmitteln nach vorgegebenen Rezepturen in industriell geprägten verfahrenstechnischen Prozessen, Steuern, Bedienen und Kontrollieren von Produktionsanlagen und Verpackungseinrichtungen unter Berücksichtigung von Sicherheit und Gesundheitsschutz bei der Arbeit, des Umweltschutzes sowie des Qualitätsmanagements, Erkennen von Störungen in den Prozessabläufen und Ergreifen von Maßnahmen zur Sicherung der Prozessabläufe, Produktgerechtes Lagern von Stoffen, Reinigen, Pflegen und Warten der Einrichtungen und Anlagen, Dokumentieren von prozess- und qualitätsrelevanten Daten, Einsetzen von Mitteln der Kommunikation, Auftragsbezogenes Planen und Organisieren der Arbeitsabläufe.

Berufliche Tätigkeitsfelder: Fachkräfte für Lebensmitteltechnik arbeiten in Betrieben sämtlicher Branchen der Lebensmittelindustrie, zum Beispiel der Getränke-, Fleisch-, Süßwaren-, Nährmittel- sowie der Obst und Gemüse verarbeitenden Industrie.",-69.25341307291711,-33.53874418713354
96,Fleischer/Fleischerin,Lebensmittelherstellung und -verarbeitung,"Gastronomie, Tourismus & Dienstleistungen",3.0,https://www.bibb.de/dienst/berufesuche/de/index_berufesuche.php/profile/apprenticeship/loli0978,Brüh|und des Hygienerechts sowie des Arbeits,"Profil der beruflichen Handlungsfähigkeit: Herstellen von vielfältigen Wurstwaren, insbesondere Koch-, Brüh- und Rohwurst, Zerlegen von Schlachttierkörpern, Herrichten von Teilstücken zur weiteren Verarbeitung und für den Verkauf, Herstellen von Roh- und Kochpökelware, von küchenfertigen und garfertigen Erzeugnissen, von Hackfleisch und Hackfleischerzeugnissen, Anwenden von Verfahren zur Lagerung und Verpackung, Bedienen von Anlagen, Maschinen und Geräten, Sichern der Qualität der Erzeugnisse, Arbeiten undGestalten selbständig und im Team, Anwenden von Vorschriften des Lebensmittel- und des Hygienerechts sowie des Arbeits- und des Gesundheitsschutzes, Berücksichtigen von ökonomischen und umweltbezogenen Aspekten sowie Gesichtspunkten des Verbraucherschutzes, Präsentieren der Produkte.

Berufliche Tätigkeitsfelder: Fleischer / Fleischerinnen arbeiten im Fleischerhandwerk, in Fleischerfachgeschäften und Einzelhandelsgeschäften, in der Fleischwarenindustrie, in Schlachthöfen, im Fleischgroßhandel und in Fleischzerlegebetrieben.",-29.72225679048583,-28.15577676659711
97,Koch/Köchin,Lebensmittelherstellung und -verarbeitung,"Gastronomie, Tourismus & Dienstleistungen",3.0,https://www.bibb.de/dienst/berufesuche/de/index_berufesuche.php/profile/apprenticeship/koch22,,"Profil der beruflichen Handlungsfähigkeit: Herstellen von Gerichten und Speisen, Verarbeiten und Zubereiten von pflanzlichen Nahrungsmitteln und Sättigungsbeilagen, Herstellen von Suppen, Soßen und Eintöpfen, Herstellen von Süßspeisen, Eierspeisen sowie Salate, Verarbeiten und Zubereiten von Fisch, Verarbeiten und Zubereiten von Schlachtfleisch, Wild und Geflügel, Herstellen von Teigen und Massen, Planen von Arbeitsabläufen in der Küche, Beschaffen, Annehmen und Einlagern von Waren, Ermitteln und Kalkulieren von Kosten, Erträgen und Preisen, nachhaltiges Einsetzen von Geräten, Maschinen, Arbeitsmitteln, Lebensmitteln und Ressourcen, Anwenden und Weiterentwickeln von Hygienevorschriften und Durchführen von Dokumentationen, Berücksichtigen von ernährungsphysiologischen, ökonomischen und ökologischen Gesichtspunkten, Erarbeiten von Menüvorschlägen und Beraten der Gäste, Arbeiten im Team, Anleiten und Führen von Mitarbeitenden.

Berufliche Tätigkeitsfelder: Köche und Köchinnen arbeiten vorwiegend in der Hotellerie und Gastronomie, insbesondere in Hotels und Restaurants sowie in der Gemeinschaftsgastronomie zum Beispiel in Schulen, Mensen, Krankenhäusern, Altenheimen und Betriebsrestaurants.",39.23564603260253,-53.50568483720319
98,Konditor/Konditorin,Lebensmittelherstellung und -verarbeitung,"Gastronomie, Tourismus & Dienstleistungen",3.0,https://www.bibb.de/dienst/berufesuche/de/index_berufesuche.php/profile/apprenticeship/74564645,und Backwarenindustrie|Sicherheits|Sand|Brand|Makronen|Lebkuchen|und Röstmasse sowie Blätter|Mürb|Hefe|und Lebkuchenteigen Herstellen von Party|Salz|Käse,"Profil der beruflichen Handlungsfähigkeit: Beherrschen der handwerklichen Herstellung von Konditorwaren, Anwenden von Hygiene-, Sicherheits- und Gesundheitsvorschriften und Maßnahmen der Qualitätssicherung, Berücksichtigenvon ernährungsphysiologischen, ökonomischen und umweltbezogenen Gesichtspunkten, Hertellen von feinen Backwaren aus Wiener Masse, Bisquit-, Sand-, Brand-, Makronen-, Lebkuchen- und Röstmasse sowie Blätter-, Mürb-, Hefe- und Lebkuchenteigen, Herstellen von Party-, Salz-, Käse-, Dauergebäcken und diätetischen Konditoreierzeugnissen, Herstellen von Zuckererzeugnissen, Süßspeisen und Speiseeisprodukten, Herstellen von Marzipan-, Schokolade-, Nougaterzeugnissen und Pralinen, Entwerfen und Gestalten von Torten, Schaustücken und Präsentationsformen unterschiedlicher Konditoreierzeugnisse, Zubereiten von kleinen Gerichten unter Verwendung frischer Rohstoffe, Beherrschen der Grundlagen der betrieblichen Kalkulation, Erarbeiten von anlassbezogenen Produktvorschläge, Beraten von Kunden und Verkauf der Produkte.

Berufliche Tätigkeitsfelder: Ihren Arbeitsplatz haben Konditoren und Konditorinnen vor allem in handwerklich arbeitenden Betrieben, zum Beispiel in Konditoreien, Konditorei/Cafés und Bäckereien. Nicht selten werden sie in der Gastronomie als Patissiers beschäftigt, zum Beispiel in großen Hotel- und Restaurantbetrieben. Ein weiteres Betätigungsfeld bietet sich in gewissem Umfang in den Produktentwicklungsabteilungen von Unternehmen der Süß- und Backwarenindustrie.",-81.89487454875668,39.184565063676075
99,Milchtechnologe/Milchtechnologin,Lebensmittelherstellung und -verarbeitung,"Gastronomie, Tourismus & Dienstleistungen",3.0,https://www.bibb.de/dienst/berufesuche/de/index_berufesuche.php/profile/apprenticeship/molk4536,Getränke|Produkt|und Betriebshygiene Anwenden von Kommunikations|und Informationstechniken,"Profil der beruflichen Handlungsfähigkeit: Herstellen von Milchprodukten unter Berücksichtigung lebensmittelrechtlicher Vorschriften und produktspezifischer Rezepturen und Anwenden der dazu erforderlichen Technologien, Vorbereiten, Inbetriebnehmen und Umrüsten von Produktionsanlagen, Anwenden von Prozessleitechnik, Feststellen von Störungen und Ergreifen von Maßnahmen zur Beseitigung, Anwenden von Qualitätssicherungssystemen, Prüfen, Lagern und Abgeben von Erzeugnissen und Produkten, produktspezifisches Anwenden von Verpackungstechnologien, Planen und Dokumentieren von Arbeiten, Festlegen von Arbeitsschritten sowie Kontrollieren und Bewerten von Arbeitsergebnissen, Durchführen von Arbeiten selbstständig oder im Team auf der Grundlage von Arbeitsaufträgen unter Beachtung des Umweltschutzes, der Nachhaltigkeit, der Arbeitssicherheit und des Gesundheitsschutzes, Beurteilen betrieblicher Abläufe und Mitwirken bei der Organisation des Betriebes, Durchführen und Bewerten von Maßnahmen der Personal-, Produkt- und Betriebshygiene, Anwenden von Kommunikations- und Informationstechniken.

Berufliche Tätigkeitsfelder: Milchtechnologen/Milchtechnologinnen arbeiten in milchverarbeitenden Betrieben, darüber hinaus auch in Betrieben der Lebensmittelindustrie, zum Beispiel der Feinkost-, Getränke- oder Süßwarenherstellung, und weiteren verfahrenstechnischen Industriezweigen.",119.40722504858078,-187.77161413282425
100,Süßwarentechnologe/Süßwarentechnologin,Lebensmittelherstellung und -verarbeitung,"Gastronomie, Tourismus & Dienstleistungen",3.0,https://www.bibb.de/dienst/berufesuche/de/index_berufesuche.php/profile/apprenticeship/nfk778,Produkt|und Betriebshygiene Prüfen und Lagern von Roh|Zusatz|und Informationstechniken,"Profil der beruflichen Handlungsfähigkeit: Herstellen von Süßwaren unter Berücksichtigung lebensmittelrechtlicher Vorschriften und produktspezifischer Rezepturen und Anwenden der dazu erforderlichen Technologien, Mitwirken an der Entwicklung neuer Produkte, Erstellen von Rezepturen, Vorbereiten, Einrichten und Inbetriebnehmen von Produktionsanlagen, Anwenden von Prozessleittechnik, Feststellen von Störungen und Ergreifen von Maßnahmen zur Beseitigung, Anwenden von Qualitätssicherungssystemen, Durchführen von Maßnahmen der Personal-, Produkt- und Betriebshygiene, Prüfen und Lagern von Roh-, Zusatz- und Hilfsstoffen, Anwenden produktspezifischer Verpackungstechnologien, Planen und Dokumentieren von Arbeiten, Festlegen von Arbeitsschritten sowie Kontrollieren und Bewerten von Arbeitsergebnissen, Durchführen von Arbeiten selbstständig oder im Team auf der Grundlage von Arbeitsaufträgen unter Beachtung des Umweltschutzes, der Arbeitssicherheit und des Gesundheitsschutzes, Anwenden von Kommunikations- und Informationstechniken.

Berufliche Tätigkeitsfelder: Süßwarentechnologen und Süßwarentechnologinnen arbeiten in der Produktion von Süßwaren, insbesondere in den Bereichen Schokoladewaren und Konfekt, Bonbon- und Zuckerwaren, Feine Backwaren, Knabberartikel sowie Speiseeis. Darüber hinaus arbeiten sie in Betrieben der industriellen Produktion von Lebensmitteln.",113.33179474310218,-161.345343329866
101,Verfahrenstechnologe Mühlen- und Getreidewirtschaft/ Verfahrenstechnologin Mühlen- und Getreidewirtschaft Ausbildung in Fachrichtungen: – Müllerei – Agrarlager,Lebensmittelherstellung und -verarbeitung,"Gastronomie, Tourismus & Dienstleistungen",3.0,https://www.bibb.de/dienst/berufesuche/de/index_berufesuche.php/profile/apprenticeship/29032016,und Kommunikationstechniken,"Profil der beruflichen Handlungsfähigkeit: Annehmen und Untersuchen von Rohstoffen, Beurteilen der Qualität von Braugetreide, Mais, Ölsaaten und Leguminosen, Reinigen von Rohstoffen, Lagern von Rohstoffen, Belüften, Kühlen und Trocknen von Rohstoffpartien zu deren Gesunderhaltung, Abwehren und Bekämpfen von Schädlingen, Vorbereiten von Rohstoffen für die weitere Verarbeitung, Steuern von Prozessen und Bedienen von Geräten, Maschinen und Anlagen, Annehmen, Bearbeiten, Lagern und Abgeben von Saatgut, Annehmen, Lagern, Mischen und Abgeben von Düngemitteln, Annehmen, Lagern, Anwenden und Abgeben von Pflanzenschutzmitteln, Reinigen und Warten von Geräten, Maschinen und Anlagen, Anwenden qualitätssichernder Maßnahmen, Planen und Dokumentieren von Arbeiten, Festlegen von Arbeitsschritten sowie Kontrollieren und Bewerten von Arbeitsergebnissen, Durchführen von Arbeiten selbstständig und im Team unter Beachtung der Arbeitssicherheit und des Gesundheitsschutzes, Gestalten betrieblicher Abläufe unter den Aspekten Betriebswirtschaft, Umweltschutz, Hygiene, Qualitätssicherung, Verbraucherschutz und Kundenorientierung, Anwenden von Informations- und Kommunikationstechniken.",44.331387796985055,-55.89956591539905
102,Weintechnologe/Weintechnologin,Lebensmittelherstellung und -verarbeitung,"Gastronomie, Tourismus & Dienstleistungen",3.0,https://www.bibb.de/dienst/berufesuche/de/index_berufesuche.php/profile/apprenticeship/n325j58,und Kellereifachhandel tätig|und Informationstechniken,"Profil der beruflichen Handlungsfähigkeit: Herstellen von Wein, Sekt, Schaumwein, Perlwein und Weinmischgetränken, Vermarkten von Wein und sonstiger betrieblicher Erzeugnisse; Beraten von Kunden, Abfüllen, Ausstatten und Verpacken von Weinerzeugnissen, Untersuchen von Proben, Durchführen sensorischer Prüfungen und Bewerten von Ergebnissen, Handhaben und Instandhalten von Maschinen, Geräten sowie Betriebseinrichtungen, Planen und Dokumentieren von Arbeiten, Festlegen von Arbeitsschritten sowie Kontrollieren und Bewerten von Arbeitsergebnissen, Durchführen von Arbeiten selbständig oder im Team auf der Grundlage von Arbeitsaufträgen unter Beachtung des Umweltschutzes, der Wirtschaftlichkeit, der Arbeitssicherheit und des Gesundheitsschutzes, Anwenden von Kommunikations- und Informationstechniken.

Berufliche Tätigkeitsfelder: Weintechnologen und Weintechnologinnen arbeiten in Winzergenossenschaften, Wein- und Sektkellereien, Weinbaubetrieben und weinwirtschaftlichen Lehr- und Versuchsanstalten. Darüber hinaus sind sie im Wein- und Kellereifachhandel tätig.",47.894587315826435,-66.1230589633823
103,Bootsbauer/Bootsbauerin Ausbildung in Fachrichtung: – Technik,Maschinen- und Fahrzeugtechnikberufe,"Ingenieurwesen, Produktion & Handwerk",3.5,https://www.bibb.de/dienst/berufesuche/de/index_berufesuche.php/profile/apprenticeship/bo676767,Aus|und Umbau arbeiten hauptsächlich in Bootsbau|Service|Bootsbauer/Bootsbauerinnen der Fachrichtung Neu,"Profil der beruflichen Handlungsfähigkeit: Bootsbauer/Bootsbauerinnen der Fachrichtung Neu- Aus- und Umbau, stellen Rümpfe und Decks her und halten diese instand, stellen Innenausbauten her, stellen Masten und Spieren her, setzen diese und halten sie instand, stellen Aufbauten her, stellen strukturgebende und statisch relevante Bauteile her, stellen Mängel, Schäden und Fehler fest und ergreifen Maßnahmen zu deren Beseitigung, erstellen Reparaturpläne und führen Reparaturen durch, stellen Oberflächen im Außen- und Innenbereich her, stellen Oberflächenbeschädigungen fest und beheben diese, bauen Ausrüstungsteile im Bereich Deck und Aufbau ein, bauen technische Geräte, Anlagen und Systeme ein und prüfen deren Funktionen, führen Dämm- und Isolierungsmaßnahmen gegen Feuchtigkeit, Schall, Wärme, Kälte und Brand durch, nutzen Werkzeuge, bedienen Geräte und Maschinen und halten diese instand, bearbeiten, verarbeiten und lagern z.B. Holz, Metalle und Kunststoffe, wenden unterschiedliche Fügetechniken an, stellen Faserverbundwerkstoffe her und verarbeiten diese, transportieren Boote und Lasten, beraten und informieren Kunden, planen qualitätssichernde Maßnahmen und setzen diese um, beachten Unfallverhütungsvorschriften, entsorgen Abfallstoffe fachgerecht, planen und dokumentieren Arbeitsabläufe und arbeiten im Team, wenden technische Unterlagen an, berücksichtigen Sicherheit und Gesundheitsschutz sowie den Umweltschutz bei der Arbeit.

Berufliche Tätigkeitsfelder: Bootsbauer und Bootsbauerinnen der Fachrichtung Neu-, Aus- und Umbau arbeiten hauptsächlich in Bootsbau-, Service- und Reparaturwerkstätten, auf Bootswerften und Marinas sowie in Zulieferbetrieben.",-132.5337329557018,72.81971190108038
104,Fahrradmonteur/Fahrradmonteurin,Maschinen- und Fahrzeugtechnikberufe,"Ingenieurwesen, Produktion & Handwerk",2.0,https://www.bibb.de/dienst/berufesuche/de/index_berufesuche.php/profile/apprenticeship/7657567,,Fahrradmonteur/Fahrradmonteurin,-299.6806357379392,255.77928377079814
105,Fertigungsmechaniker/ Fertigungsmechanikerin,Maschinen- und Fahrzeugtechnikberufe,"Ingenieurwesen, Produktion & Handwerk",3.0,https://www.bibb.de/dienst/berufesuche/de/index_berufesuche.php/profile/apprenticeship/nh454578,und nachgelagerten Bereichen,"Profil der beruflichen Handlungsfähigkeit: Montieren von Bauteilen zu Baugruppen sowie Baugruppen zu Maschinen oder Gesamtprodukten, Demontieren von Baugruppen, Prüfen und Einstellen von Funktionen an Baugruppen oder Gesamtprodukten, Planen, Überwachen und Optimieren von Montage- und Demontageprozessen, Montieren von Leitungen, elektrischen und elektronischen Baugruppen, Anwenden von Schalt- und Funktionsplänen verschiedener Systeme, Einrichten und Warten von Maschinen und Technischen Systemen, Überwachen von Regelungs- und Steuerungskomponenten, Organisieren und Überwachen des Materialflusses, manuelles und maschinelles Herstellen von Bauteilen, Durchführen von qualitätssichernden Maßnahmen, Arbeiten im Team und Abstimmen mit vor- und nachgelagerten Bereichen.

Berufliche Tätigkeitsfelder: Fertigungsmechaniker und Fertigungsmechanikerinnen sind überwiegend in der Fertigung und Montage von industriellen Serienerzeugnissen tätig.",51.12926667005056,-64.01940557775923
106,Industriemechaniker/Industriemechanikerin,Maschinen- und Fahrzeugtechnikberufe,"Ingenieurwesen, Produktion & Handwerk",3.5,https://www.bibb.de/dienst/berufesuche/de/index_berufesuche.php/profile/apprenticeship/658658,Organisieren und Kontrollieren von Fertigungs,"Profil der beruflichen Handlungsfähigkeit: Organisieren und Kontrollieren von Fertigungs- oder Herstellungsabläufen, Herstellen von Bauteilen und Baugruppen und Montieren zu technischen Systemen, Feststellen und Dokumentieren von Fehlern und deren Ursachen in technischen Systemen, Instandsetzen von technischen Systemen, Umrüsten von Maschinen und Systemen, Durchführen von Wartungen und Inspektionen, Auswählen von Prüfverfahren und Prüfmitteln, Übergeben von technischen Systemen und Produkten an die Kunden und Einweisen in die Anlage, Sicherstellen der Betriebsfähigkeit von technischen Systemen, Überprüfen und Erweitern von elektrotechnischen Komponenten der Steuerungstechnik, Berücksichtigen von Geschäftsprozessen und Anwenden von Qualitätsmanagement, Selbständiges Ausüben der Tätigkeiten unter Beachtung der einschlägigen Vorschriften und Sicherheitsbestimmungen, Abstimmen der Arbeit mit vor- und nachgelagerten Bereichen, Einrichten von Arbeitsplätzen, situationsgerechtes Kommunizieren mit internen und externen Kunden, Arbeiten im Team, Kontrollieren und Dokumentieren von Instandhaltungs- und Montagearbeiten unter Berücksichtigung der betrieblichen Qualitätsmanagementsysteme, Nutzen von IT-Systemen auch in digitalisierten Prozessen, Anwenden von Vorschriften zu Datenschutz und Informationssicherheit.

Berufliche Tätigkeitsfelder: Industriemechaniker und Industriemechanikerinnen sind in der Herstellung, Instandhaltung und Überwachung von technischen Systemen eingesetzt. Sie sind tätig in der Einrichtung, Umrüstung und Inbetriebnahme von Produktionsanlagen. Typische Einsatzgebiete sind Instandhaltung, Maschinen- und Anlagenbau, Produktionstechnik und Feingerätebau.",106.58296475099198,-132.2377358502885
107,Land- und Baumaschinenmechatroniker/ Land- und Baumaschinenmechatronikerin,Maschinen- und Fahrzeugtechnikberufe,"Ingenieurwesen, Produktion & Handwerk",3.5,https://www.bibb.de/dienst/berufesuche/de/index_berufesuche.php/profile/apprenticeship/dsfkoerj,,Land- und Baumaschinenmechatroniker/ Land- und Baumaschinenmechatronikerin,-273.0609997873268,215.0018009137078
108,Leichtflugzeugbauer/Leichtflugzeugbauerin,Maschinen- und Fahrzeugtechnikberufe,"Ingenieurwesen, Produktion & Handwerk",3.0,https://www.bibb.de/dienst/berufesuche/de/index_berufesuche.php/profile/apprenticeship/5044101,,Leichtflugzeugbauer/Leichtflugzeugbauerin,-297.04774058587844,253.26209928677457
109,Biologielaborant/Biologielaborantin,"Mathematik-, Biologie-, Chemie- und Physikberufe","Forschung, Labor & Wissenschaft",3.5,https://www.bibb.de/dienst/berufesuche/de/index_berufesuche.php/profile/apprenticeship/hfgfhfh,Biologielaboranten/,"Profil der beruflichen Handlungsfähigkeit: Planen und Durchführen von Versuchen gemeinsam mit Naturwissenschaftlern unter Beachtung der Regelungen zur Arbeitssicherheit zum Umwelt- und Gesundheitsschutz und der Bestimmungen zum Tierschutz, Anwenden von Maßnahmen des Qualitätsmanagements, Durchführen von Untersuchungen an Tieren, Pflanzen, Mikroorganismen und Zellkulturen, Durchführung von anspruchsvollen Präparationen, Entwicklung von Untersuchungsmodellen für Wirkstoffprüfungen gemeinsam mit Naturwissenschaftlern, Überprüfen von spezifischen Wirkstoffen an Organismen, Durchführen von molekularbiologischen und biochemischen Untersuchungen sowie gentechnischen Experimenten, Anwenden von biotechnologischen Verfahren, Beobachten und Protokollieren von Versuchsabläufen, Einsetzen von komplexen elektronischen Messgeräten bei Versuchsdurchführungen, Erfassen und Bearbeiten von Untersuchungsdaten mit Hilfe von EDV-Systemen, Auswerten, Dokumentieren und Bewerten von Mess- und Untersuchungsdaten, insbesondere unter Einsatz elektronischer Datenverarbeitungstechnik.

Berufliche Tätigkeitsfelder: Biologielaboranten/-laborantinnen arbeiten im Bereich der medizinischen und biologischen Forschung, der angewandten Medizin, im öffentlichen Gesundheitswesen. Sie sind auch in der Industrie, beispielsweise in der Pharma- und Kosmetikindustrie, der Lebensmittelherstellung, der Umwelttechnik und in Betrieben, die biotechnische Produkte herstellen, tätig.",-30.839542534943643,-43.26594982394978
110,Chemielaborant/Chemielaborantin,"Mathematik-, Biologie-, Chemie- und Physikberufe","Forschung, Labor & Wissenschaft",3.5,https://www.bibb.de/dienst/berufesuche/de/index_berufesuche.php/profile/apprenticeship/ttetter,Chemielaboranten/|laborantinnen arbeiten in Forschungs|Entwicklungs|und Untersuchungsämtern|Arbeiten mit deutsch|verarbeitung und|Umwelt,"Profil der beruflichen Handlungsfähigkeit: Analysieren von anorganischen und organischen Stoffen hinsichtlich ihrer qualitativen und quantitativen Zusammensetzungen, Planen von Versuchsabläufen und Aufbauen von Apparaturen, Herstellen von anorganischen und organischen Präparaten nach Vorgaben, Trennen von Stoffgemischen, Reinigen, Identifizieren und Charakterisieren der Stoffe, Optimieren von Herstellungsvorschriften und Verfahren für Präparate gemeinsam mit Naturwissenschaftlern, Entwickeln und Optimieren von Analyseverfahren gemeinsam mit Naturwissenschaftlern, Durchführen von physikalischen Untersuchungen zur Bestimmung von Stoffkonstanten und chemischen Kennzahlen, Protokollieren und Dokumentieren der Versuchsabläufe; Arbeiten mit deutsch- und englischsprachigen Vorschriften, Einsetzen von Computern zur Gerätesteuerung, zur Datenerfassung, -verarbeitung und -weitergabe sowie zur Dokumentation, Informationsbeschaffung und für logistische und organisatorische Zwecke, Auswerten von Mess- und Untersuchungsdaten und Bewerten der Ergebnisse, Berücksichtigen von Vorschriften zum Arbeits-, Umwelt- und Gesundheitsschutz beim Umgang mit Arbeitsstoffen und Geräten, Umweltgerechte Entsorgen von Abfallstoffen, Anwenden von Maßnahmen des Qualitätsmanagements.

Berufliche Tätigkeitsfelder: Chemielaboranten/-laborantinnen arbeiten in Forschungs-, Entwicklungs- und Produktionslaboratorien von (insbesondere chemischer und pharmazeutischer) Industrie und Hochschulen, in der medizinischen Analytik, im Umweltschutz, in Materialprüf- und Untersuchungsämtern.",-12.404606106071236,-37.58941132144975
111,Chemielaborjungwerker/ Chemielaborjungwerkerin,"Mathematik-, Biologie-, Chemie- und Physikberufe","Forschung, Labor & Wissenschaft",2.0,https://www.bibb.de/dienst/berufesuche/de/index_berufesuche.php/profile/apprenticeship/1421101,,Chemielaborjungwerker/ Chemielaborjungwerkerin,-341.8802637556481,250.84599812014963
112,Chemikant/Chemikantin,"Mathematik-, Biologie-, Chemie- und Physikberufe","Forschung, Labor & Wissenschaft",3.5,https://www.bibb.de/dienst/berufesuche/de/index_berufesuche.php/profile/apprenticeship/57658,Kautschuk|Bedienen und Überwachen von Produktionsanlagen|Wartung und Instandhaltung sowie chemisch|technische Arbeiten|und Anlagensteuerung zur Datenerfassung und,"Profil der beruflichen Handlungsfähigkeit: Durchführen von Arbeiten der chemischen Verfahrenstechnik sowie der Prozessleit- und Anlagentechnik, interdisziplinäre Zusammenarbeit entlang der Prozesskette, Überwachen, Steuern und Dokumentieren chemischer Produktionsabläufe und Verarbeitungsprozesse, Planen, Kontrollieren und Dokumentieren der Arbeitsschritte zur Herstellung und Verarbeitung verschiedener Produkte, Gewährleisten eines störungsfreien Prozessablaufs im Team, Zusammenarbeiten mit Fachpersonal (z. B. Industriemechaniker, Elektroniker für Automatisierungs- bzw. Betriebstechnik) bei Wartung, Störungsbeseitigung und Instandhaltung, Prozessbegleitendes Bestimmen von Stoffkonstanten und Stoffeigenschaften, Einsetzen von Computer und Prozessleittechnik zur Geräte- und Anlagensteuerung, zur Datenerfassung und -verarbeitung sowie zur Dokumentation, Informationsbeschaffung und für logistische und organisatorische Zwecke, Berücksichtigen von Regelungen des Gesundheits- und Umweltschutzes, des Arbeitsschutzes, der Anlagensicherheit sowie der Qualitätssicherung (""responsible care""), Umweltgerechtes Verwerten und Beseitigen von Abfällen.

Berufliche Tätigkeitsfelder: Chemikanten und Chemikantinnen arbeiten in Produktionsbetrieben der chemischen Industrie sowie verwandter Industrien (z. B. Kunststoff- Kautschuk-, Mineralölverarbeitung, Wirkstoffproduktion, Entsorgungswirtschaft) ; Tätigkeitsfelder sind: Herstellen, Aufbereiten und Verarbeiten chemischer Stoffe und Zubereitungen; Bedienen und Überwachen von Produktionsanlagen; Wartung und Instandhaltung sowie chemisch-technische Arbeiten.",-83.95347624228785,12.171974598108863
113,Milchwirtschaftlicher Laborant/ Milchwirtschaftliche Laborantin,"Mathematik-, Biologie-, Chemie- und Physikberufe","Forschung, Labor & Wissenschaft",3.0,https://www.bibb.de/dienst/berufesuche/de/index_berufesuche.php/profile/apprenticeship/n347965,Getränke|Überwachen der Be|Produkt|und Betriebshygiene Anwenden von Kommunikations|und Informationstechniken,"Profil der beruflichen Handlungsfähigkeit: Überwachen der Be- und Verarbeitung von Milch und Milchprodukten im Rahmen von labortechnischen Untersuchungen, Entnehmen von Proben und Vorbereiten von Proben für Untersuchungen, Durchführen sensorischer Prüfungen und Bewerten von Ergebnissen, Anwenden und Dokumentieren von chemischen, physikalischen und mikrobiologischen Untersuchungsverfahren und Bewerten von Ergebnissen, Beschaffen, Kontrollieren und Lagern von Laborbedarf, Anwenden von Qualitätssicherungssystemen, Lebensmittelsicherheitssystemen und Labordateninformationsmanagementsystemen, Einsetzen, Pflegen und Warten von Arbeitsmitteln und Arbeitsgeräten, Planen und Dokumentieren von Arbeiten, Festlegen von Arbeitsschritten sowie Kontrollieren und Bewerten von Arbeitsergebnissen, Durchführen von Arbeiten selbstständig oder im Team auf der Grundlage von Arbeitsaufträgen unter Beachtung des Umweltschutzes, der Wirtschaftlichkeit, der Arbeitssicherheit und des Gesundheitsschutzes, Durchführen und Bewerten von Maßnahmen der Personal-, Produkt- und Betriebshygiene, Anwenden von Kommunikations- und Informationstechniken.

Berufliche Tätigkeitsfelder: Milchwirtschaftliche Laboranten/Milchwirtschaftliche Laborantinnen arbeiten in milchverarbeitenden Betrieben, darüber hinaus auch in Betrieben der Lebensmittelindustrie, zum Beispiel der Feinkost-, Getränke- oder Süßwarenherstellung, in Untersuchungslaboratorien und weiteren verfahrenstechnischen Industriezweigen.",101.90580718966822,-139.8300187121709
114,Pharmakant/Pharmakantin,"Mathematik-, Biologie-, Chemie- und Physikberufe","Forschung, Labor & Wissenschaft",3.5,https://www.bibb.de/dienst/berufesuche/de/index_berufesuche.php/profile/apprenticeship/jjhfddd,,Pharmakant/Pharmakantin,-341.8075722298982,250.7895152067641
115,Physiklaborant/Physiklaborantin,"Mathematik-, Biologie-, Chemie- und Physikberufe","Forschung, Labor & Wissenschaft",3.5,https://www.bibb.de/dienst/berufesuche/de/index_berufesuche.php/profile/apprenticeship/6321101,Physiklaboranten/|Metall|Chemie,"Profil der beruflichen Handlungsfähigkeit: Durchführen von Messungen und Versuchsreihen, auch unter Einsatz elektronischer Datenverarbeitung, Vorbereiten von Messungen und Versuchsreihen, Auswählen von geeigneten Meßgeräten und Apparaturen und gegebenenfalls Zusammenstellen spezifisch nach Aufgaben-/Fragestellungen, Kombinieren oder Aufbauen von Meßgeräten und Apparaturen, Bedienen von Meßgeräten und Apparaturen, Durchführen von Berechnungen zu Messungen und Versuchsreihen, Auswerten erhaltener Daten aus Messungen und Versuchsreihen, insbesondere auch unter Einsatz elektronischer Datenverarbeitung und Dokumentieren der Ergebnisse, sachgerechtes Umgehen mit Arbeitsstoffen und Geräten unter Berücksichtigung der Sicherheits- und Umweltschutzvorschriften, breit angelegte Grundausbildung, Darlegung der grundlegenden naturwissenschaftlichen Zusammenhänge in den Arbeitsgebieten.

Berufliche Tätigkeitsfelder: Physiklaboranten/-laborantinnen arbeiten in physikalischen Laboratorien und Werkstätten der Elektro-, Metall-, Chemie- und Keramikindustrie sowie in Laboratorien von Forschungseinrichtungen.",-119.0997679078326,62.91084425919735
116,Produktionsfachkraft Chemie,"Mathematik-, Biologie-, Chemie- und Physikberufe","Forschung, Labor & Wissenschaft",2.0,https://www.bibb.de/dienst/berufesuche/de/index_berufesuche.php/profile/apprenticeship/uz76zr32,Bedienen von Anlagen für Produktions,"Profil der beruflichen Handlungsfähigkeit: Bedienen von Anlagen für Produktions- und Verarbeitungsprozesse nach Arbeitsplänen, Mitwirken bei der Wartung und Instandhaltung von Produktionsanlagen, Herstellung und Verarbeitung chemischer und verwandter Produkte, prozessbegleitendes Bestimmen von Stoffkonstanten und Stoffeigenschaften, Nutzen von Computern zur Datenerfassung sowie zur Dokumentation, Berücksichtigen der Regelungen des Gesundheits- und Umweltschutzes, des Arbeitsschutzes, der Anlagensicherheit sowie der Qualitätssicherung bei ihren Arbeiten im Rahmen von responsible care, Zuführen der Abfälle einer umweltgerechten Verwertung und Beseitigung, Arbeiten im Team.

Berufliche Tätigkeitsfelder: Produktionsfachkräfte Chemie arbeiten in der chemischen sowie verwandten Industrien.",-116.45614990207449,53.31283014643887
117,Prüftechnologe Keramik/ Prüftechnologin Keramik,"Mathematik-, Biologie-, Chemie- und Physikberufe","Forschung, Labor & Wissenschaft",3.0,https://www.bibb.de/dienst/berufesuche/de/index_berufesuche.php/profile/apprenticeship/241016,Glas|Emaille|Zement|Gesundheits|und Umweltschutzvorschriften,"Profil der beruflichen Handlungsfähigkeit: Ermitteln von physikalischen und keramischen Eigenschaften wie Dichte, Porosität, Feuchte, Korngröße Brennfarbe, Härte, Elastizität, Viskosität und Wärmeausdehnung, Ermitteln von chemischen und mineralogischen Zusammensetzungen von Roh- und Werkstoffen mit gravimetrischen Verfahren, spektroskopischen Verfahren oder Titrationsverfahren, Durchführung anwendungstechnischer Prüfungen und Versuche an nichtmetallisch anorganischen Roh- und Werkstoffen, Entnehmen und Vorbereiten von Proben, Bereitstellen der Betriebsbereitschaft von Prüfplätzen, Vorbereiten und Ausführen von Prüfaufträgen, Auswählen von Prüfverfahren, Bewerten und Dokumentieren von Prüfprozessen, Umsetzen von Qualitätsmanagementvorgaben, Arbeiten im Team, Einhalten von Arbeits-, Gesundheits- und Umweltschutzvorschriften.

Berufliche Tätigkeitsfelder: Prüftechnologen Keramik und Prüftechnologinnen Keramik arbeiten hauptsächlich in Unternehmen und Instituten der Keramik-, Glas-, Emaille-, Zement- und Bindemittelindustrie. Des Weiteren arbeiten sie in Unternehmen und Instituten, die anorganische Rohstoffe, Industrieminerale und nicht-metallische Werkstoffe herstellen und untersuchen.",-54.218922953816666,53.41508043186392
118,Elektroanlagenmonteur/ Elektroanlagenmonteurin,"Mechatronik-, Energie- und Elektroberufe","Ingenieurwesen, Produktion & Handwerk",3.0,https://www.bibb.de/dienst/berufesuche/de/index_berufesuche.php/profile/apprenticeship/3113101,Elektroanlagenmonteure/,"Profil der beruflichen Handlungsfähigkeit: Planen der Auftragsabwicklung und Vorbereiten der Auftragsausführung, Einrichten und Abräumen der Montagebaustelle, Bearbeiten und Verbinden von mechanischen Teilen, Zusammenbauen von Schaltgeräten und Verdrahten von elektrischen Baugruppen, Montieren und Installieren von Schaltgerätekombinationen und Installationsverteilern, Montieren von Leitungsführungssystemen, Verlegen und Verbinden von Leitungen, Installieren elektrischer Anlagen zur Beleuchtung, zum Verteilen elektrischer Energie, zum Steuern und Regeln elektrischer Geräte und Maschinen, Messen und Prüfen, Einstellen und Inbetriebnehmen elektrischer Anlagen, Beseitigen von Fehlern in elektrischen Anlagen, Dokumentieren von Schaltungsunterlagen, Material, Ersatzteilen und technischen Prüfungen, Zuordnung zu Eletrofachkräften im Sinne der Unfallverhütungsvorschriften.

Berufliche Tätigkeitsfelder: Elektroanlagenmonteure/-innen sind tätig in der Montage und Installation sowie Wartung von Anlagen der Energieversorgungstechnik, der Steuerungs- und Regelungstechnik, der Meldetechnik sowie der Beleuchtungstechnik.",-20.131232312315728,-39.469935716335605
119,Elektroniker für Automatisierungstechnik/ Elektronikerin für Automatisierungstechnik,"Mechatronik-, Energie- und Elektroberufe","Ingenieurwesen, Produktion & Handwerk",3.5,https://www.bibb.de/dienst/berufesuche/de/index_berufesuche.php/profile/apprenticeship/655665,übertragung und|verarbeitung sowie zur Fertigungs|Maschinen,"Profil der beruflichen Handlungsfähigkeit: Betreuen von Automatisierungssystemen, Analysieren von Funktionszusammenhängen und Prozessabläufen, Entwerfen von Änderungen und Erweiterungen von Automatisierungssystemen, Programmieren von Automatisierungssystemen, Installieren, Konfigurieren und Parametrieren der Komponenten und Geräte, Betriebssysteme, Bussysteme und Netzwerke, Nutzen von Anwendungsprogrammen zur Messdatenerfassung, -übertragung und –verarbeitung sowie zur Fertigungs-, Maschinen- oder Prozesssteuerung, Verbinden der Komponenten zu komplexen Automatisierungseinrichtungen und Integrieren in übergeordnete Systeme, Übergeben der Systeme an Nutzer und Einweisen in die Bedienung, Überwachen, Warten und Betreiben von Anlagen, regelmäßiges Durchführung von Prüfungen, Optimieren von Regelkreisen, Analysieren von Störungen, Einsetzen von Testsoftware und Diagnosesystemen, Ergreifen von Sofortmaßnahmen und Instandsetzen von Anlagen, Arbeiten auch mit englischsprachigen Unterlagen und Kommunizieren auch in englischer Sprache, Zuordnung zu Elektrofachkräften im Sinne der Unfallverhütungsvorschriften, Anwenden von Vorschriften.

Berufliche Tätigkeitsfelder: Elektroniker/innen für Automatisierungstechnik arbeiten bei Herstellern von industriellen Prozesssteuerungseinrichtungen. Ebenso sind sie in Betrieben der Elektroinstallation tätig, z.B. bei technischen Gebäudeausrüstern. Darüber hinaus können sie in Wasser- und Klärwerken bzw. Recyclinganlagen der Abfallwirtschaft beschäftigt sein. Weiterhin arbeiten sie in Unternehmen, die Automatisierungslösungen entwickeln, herstellen oder einsetzen. Vor allem Unternehmen der Elektroindustrie oder des Maschinenbaus kommen in Betracht. Arbeitsplätze gibt es darüber hinaus auch z.B. in der Automobilindustrie, der chemischen Industrie, in Kunststoff verarbeitenden Betrieben und zahlreichen anderen Anwenderbranchen.",-0.8804107289799186,-56.06829654557635
120,Elektroniker für Betriebstechnik/ Elektronikerin für Betriebstechnik,"Mechatronik-, Energie- und Elektroberufe","Ingenieurwesen, Produktion & Handwerk",3.5,https://www.bibb.de/dienst/berufesuche/de/index_berufesuche.php/profile/apprenticeship/544554,Steuer,"Profil der beruflichen Handlungsfähigkeit: Übernehmen von elektrischen Anlagen, Entwerfen von Anlagenänderungen und -erweiterungen, Einrichten und Abräumen von Arbeitsplätzen/Baustellen, Organisieren der Anlagenerrichtung, Überwachen der Arbeit von Dienstleistern und anderen Gewerken, Montieren und Installieren von Leitungsführungssystemen, Informationsleitungen und Energieleitungen einschließlich allgemeiner Versorgungsleitungen, Installieren und Einrichten von Maschinen und Antriebssystemen einschließlich pneumatischer/ hydraulischer Komponenten, Zusammenbauen und Verdrahten von Schaltgeräten und Automatisierungssystemen, Programmieren und Konfigurieren von Systemen, Prüfen der Funktion und der Sicherheitseinrichtungen der Systeme, Überwachen und Warten der Anlagen, Durchführen von regelmäßigen Prüfungen, Analysieren von Störungen, Ergreifen von Sofortmaßnahmen und Instandsetzen der Anlagen, Übergeben von Anlagen, Einweisen der Nutzer in die Bedienung und Erbringen von Serviceleistungen, Arbeiten auch mit englischsprachigen Unterlagen und Kommunizieren auch in englischer Sprache, Zuordnung zu Elektrofachkräften im Sinne der Unfallverhütungsvorschriften, Nutzen von IT-Systemen, auch in digitalisierten Prozessen, Anwenden von Vorschriften zu Datenschutz und Informationssicherheit.

Berufliche Tätigkeitsfelder: Elektroniker/innen für Betriebstechnik arbeiten insbesondere für Hersteller industrieller Prozesssteuerungseinrichtungen, z.B. von speicherprogrammierbaren Steuerungen oder Anlagen der Mess-, Steuer- und Regelungstechnik. Elektroinstallationsbetriebe, die technische Gebäudeausrüstungen einbauen, oder Energieversorger bieten ebenfalls Beschäftigungsmöglichkeiten.",54.031123748755114,-127.004957360763
121,Elektroniker für Gebäude- und Infrastruktursysteme/ Elektronikerin für Gebäude- und Infrastruk-tursysteme,"Mechatronik-, Energie- und Elektroberufe","Ingenieurwesen, Produktion & Handwerk",3.5,https://www.bibb.de/dienst/berufesuche/de/index_berufesuche.php/profile/apprenticeship/212121,Elektroniker/innen für Gebäude,"Profil der beruflichen Handlungsfähigkeit: Analysieren von Anforderungen von Nutzern und Erfassen von Gefährdungspotentialen, Konzipieren von Anlagen- und Nutzungsänderungen von technischen Systemen (Energie- und Kommunikationssysteme sowie Versorgungssysteme), Installieren von Gebäude- und Infrastruktursystemen, Durchführen oder Veranlassen von Umbauten, Konfigurieren der Leiteinrichtungen von technischen Systemen, Prüfen der Funktion der Systeme sowie von Sicherheitseinrichtungen, Übergeben der Systeme und Einweisen der Nutzer in die Bedienung der technischen Systeme, Entgegennehmen von Störungsmeldungen, Erstellen von Fehlerdiagnosen, Einschätzen von Gefährdungen durch Störungen und Ergreifen von Sofortmaßnahmen, Überwachen gebäudetechnischer Systeme mit Hilfe von Automatisierungs- und Leitsystemen, Durchführen systematischer Fehlersuchen, Eingrenzen der Fehler, Durchführen oder Veranlassen der Instandsetzung der technischen Einrichtungen durch die zutreffenden Gewerke, Arbeiten auch mit englischsprachigen Unterlagen und Kommunizieren auch in englischer Sprache, Zuordnung zu Elektrofachkräften im Sinne der Unfallverhütungsvorschriften, Nutzen von IT-Systemen, auch in digitalisierten Prozessen, Anwenden von Vorschriften zu Datenschutz und Informationssicherheit.

Berufliche Tätigkeitsfelder: Elektroniker/innen für Gebäude- und Infrastruktursysteme arbeiten in Firmen der Immobilienwirtschaft, z.B. im Facility Management oder bei Hausmeisterdiensten. Ebenso sind sie bei technischen Gebäudeausrüstern oder in Unternehmen beschäftigt, die Beleuchtungs- und Signalanlagen für Straßen und Eisenbahnen installieren. Darüber hinaus können sie in Fachplanungsbüros im Bereich der Gebäudetechnik tätig werden oder bei Herstellern von Windenergieanlagen. Krankenhäuser und Flughafenbetriebe eröffnen weitere Tätigkeitsfelder.",31.546128090129233,-87.9123986151712
122,Elektroniker für Gebäudesystemintegration/ Elektronikerin für Gebäudesystemintegra-tion,"Mechatronik-, Energie- und Elektroberufe","Ingenieurwesen, Produktion & Handwerk",3.5,https://www.bibb.de/dienst/berufesuche/de/index_berufesuche.php/profile/apprenticeship/857plo7,,"Profil der beruflichen Handlungsfähigkeit: Analysieren gebäudetechnischer Systeme, Messen und Analysieren physikalischer Kennwerte an Gebäudesystemtechnik, Fehler erkennen und Maßnahmen einleiten, Konzipieren und Projektieren der Integration gebäudetechnischer Anlagen und Systeme, Durchführen der Gewerke übergreifenden technischen Planung und Integration gebäudetechnischer Anlagen und Systeme, Montieren und Installieren, Integrieren von Komponenten und Funktionen an gebäudetechnischen Anlagen und Systemen, Parametrieren, in Betrieb nehmen und übergeben gebäudetechnischer Anlagen und Systeme, Programmieren, Einrichten und Testen von Software, Projekte übergeben und dokumentieren, Warten, Instandhalten und Optimieren, Prüfen und Einhalten von Datenschutz- und Informationssicherheitskonzepten und, Prüfen und Beurteilen von Schutzmaßnahmen an elektrischen Anlagen und Geräten.

Berufliche Tätigkeitsfelder: Elektroniker und Elektronikerinnen für Gebäudesystemintegration arbeiten in Betrieben des Elektro- und informationstechnischen Handwerks. Sie planen, konzipieren, errichten, ändern, analysieren, vernetzen, warten und reparieren gebäudetechnische Systeme. Ihre Tätigkeit umfasst die gesamten im Gebäude vorkommenden technischen Systeme und deren Integration. Sie können die Daten gebäudetechnischer Kenngrößen verarbeiten, analysieren und anwenden. Sie finden auch Beschäftigung bei Industrieunternehmen und IT-Systemhäusern sowie bei technischen Gebäudeausrüstern.",-79.4880135639595,-12.950036309461558
123,Elektroniker für Geräte und Systeme/ Elektronikerin für Geräte und Systeme,"Mechatronik-, Energie- und Elektroberufe","Ingenieurwesen, Produktion & Handwerk",3.5,https://www.bibb.de/dienst/berufesuche/de/index_berufesuche.php/profile/apprenticeship/753159,und Anlagenbau sowie in der Mess|und Regeltechnik,"Profil der beruflichen Handlungsfähigkeit: Unterstützen der Entwickler bei der Realisierung von Aufträgen, der Analyse geforderter Funktionalitäten und technischer Umgebungsbedingungen sowie der Konzipierung von Schaltungen, Montieren von Geräten und Systemen, Installieren und Konfigurieren von Programmen, Prüfen von Geräten und Systemen, Erstellen von Geräte- und Systemdokumentationen, Erstellen von Layouts und Fertigungsunterlagen, Vergeben und Koordinieren von Aufträgen zur Beschaffung von Bauteilen, Hilfsstoffen und Betriebsmitteln für die Realisierung von internen und externen Kundenaufträgen, Planen und Steuern der Produktionsabläufe, Organisieren von Gruppenarbeit, Einrichten, Programmieren, Optimieren und Warten von Fertigungs- und Prüfmaschinen, Mitwirken bei der Analyse und Optimierung von Fertigungsprozessen, Prüfen und Instandsetzen von Komponenten und Geräten, Arbeiten auch mit englischsprachigen Unterlagen und Kommunizieren auch in englischer Sprache, Zuordnung zu Elektrofachkräften im Sinne der Unfallverhütungsvorschriften, Nutzen von IT-Systemen, auch in digitalisierten Prozessen, Anwenden von Vorschriften zu Datenschutz und Informationssicherheit.

Berufliche Tätigkeitsfelder: Elektroniker/innen für Geräte und Systeme arbeiten vorwiegend in mittleren und größeren Industriebetrieben, die elektronische Systeme, Geräte oder Komponenten herstellen, montieren und warten. Entsprechende Unternehmen gibt es z.B. in den Bereichen Fahrzeugelektronik, Medizintechnik, Maschinen- und Anlagenbau sowie in der Mess- und Regeltechnik.",69.86378715102428,-137.660647489044
124,Elektroniker für Informations- und Systemtechnik/ Elektronikerin für Informations- und Sys-temtechnik,"Mechatronik-, Energie- und Elektroberufe","Ingenieurwesen, Produktion & Handwerk",3.5,https://www.bibb.de/dienst/berufesuche/de/index_berufesuche.php/profile/apprenticeship/147852,und Systemtechnik in Industrie,"Profil der beruflichen Handlungsfähigkeit: Unterstützen der Entwickler bei der Entwicklung und Realisierung von Lösungen für Kunden, der Analyse geforderter Funktionalitäten, der Konzipierung von Systemen und Softwarelösungen, der Auswahl von Datenübertragungsmedien und von Hard- und Softwarekomponenten, Montieren und Prüfen von Hardwarekomponenten, Installieren und Konfigurieren von Komponenten und Geräten der Informationstechnologie, Montieren und Konfigurieren von Sensoren und Aktoren, Installieren und Konfigurieren von Betriebssystemen und Netzwerken, Erstellen von Bedienoberflächen und Benutzerdialogen, Erstellen von Softwarekomponenten, Anpassen von standardisierten Softwarekomponenten, Programmieren von Schnittstellen, Einbinden von Programmen in Systeme und Lösen von Kompatibilitätsproblemen, Integrieren von Hard- und Softwarekomponenten, Analysieren der Probleme beim Zusammenführen von Hard- und Softwarekomponenten und Entwickeln von Lösungsvorschlägen, Erfassen und Auswerten von Messwerten, Testen von Komponenten im System unter unterschiedlichen technischen Umfeldbedingungen, Integrieren der Systeme in vorhandene Gesamtsysteme, Leisten von Support bei Störungen, Analysieren von Störungen, Schließen auf Fehlerursachen in den Systemen, Analysieren der Fehlerursachen zur Qualitätssicherung, Einsetzen von Testsoftware und Diagnosesystemen, Prüfen von Signalen an Schnittstellen, Durchführen von netzwerkspezifischen Prüfungen, Beseitigen von Fehlern durch Softwareanpassung oder durch Tausch von Komponenten oder Baugruppen, Arbeiten auch mit englischsprachigen Unterlagen und Kommunizieren auch in englischer Sprache, Zuordnung zu Elektrofachkräften im Sinne der Unfallverhütungsvorschriften, Nutzen von IT-Systemen, auch in digitalisierten Prozessen, Anwenden von Vorschriften zu Datenschutz und Informationssicherheit.

Berufliche Tätigkeitsfelder: Beschäftigungsmöglichkeiten finden Elektroniker/innen für Informations- und Systemtechnik in Industrie- und Dienstleistungsunternehmen, die industrielle informationstechnische Systeme entwickeln und herstellen bzw. einsetzen.",101.40587136887459,-121.0176717751285
125,Elektroniker für Maschinen und Antriebstechnik nach dem Berufsbildungsgesetz/ Elektronikerin für Maschinen und Antriebs-technik nach dem Berufsbildungsgesetz,"Mechatronik-, Energie- und Elektroberufe","Ingenieurwesen, Produktion & Handwerk",3.5,https://www.bibb.de/dienst/berufesuche/de/index_berufesuche.php/profile/apprenticeship/elan21,Analysieren maschinen|Energieerzeugungs,"Profil der beruflichen Handlungsfähigkeit: Analysieren maschinen- und antriebstechnischer Systeme, Messen und Auswerten physikalischer Kennwerte an elektrischen Maschinen und Antriebssystemen, Fehler erkennen und Maßnahmen einleiten, Montieren sowie Instandsetzen mechanischer Bauteile und Baugruppen, Herstellen von Wicklungen, Installieren, Verdrahten und Anschließen von elektrischen Antriebs-, Energieerzeugungs- und Energiespeichersystemen, Installieren und Inbetriebnehmen von analogen und digitalen Steuerungen, Integration von Maschinen und Anlagen in IT-Systeme, Instandhalten und Instandsetzen von Antriebs-, Energieerzeugungs- und Energiespeichersystemen, Durchführen von betrieblicher und technischer Kommunikation sowie Informationsverarbeitung, Planen und Organisieren der Arbeit, Durchführen von qualitätssichernden Maßnahmen, Beraten und Betreuen von Kunden, Prüfen und Einhalten von Datenschutz- und Informationssicherheitskonzepten, Prüfen und Beurteilen von Schutzmaßnahmen an elektrischen Anlagen und Geräten.

Berufliche Tätigkeitsfelder: Elektroniker/Elektronikerin für Maschinen und Antriebstechnik nach dem Berufsbildungsgesetz arbeiten vor allem in Unternehmen der Elektroindustrie, die elektrische Maschinen und Antriebe sowie elektromechanische Systeme herstellen, instandsetzen, inbetriebnehmen und überprüfen.",14.287929061126015,-52.476958023903485
126,Elektroniker für Maschinen und Antriebstechnik nach der Handwerksordnung/ Elektronikerin für Maschinen und Antriebs-technik nach der Handwerksordnung,"Mechatronik-, Energie- und Elektroberufe","Ingenieurwesen, Produktion & Handwerk",3.5,https://www.bibb.de/dienst/berufesuche/de/index_berufesuche.php/profile/apprenticeship/258omn4,Analysieren maschinen|Energieerzeugungs,"Profil der beruflichen Handlungsfähigkeit: Analysieren maschinen- und antriebstechnischer Systeme, Messen und Auswerten physikalischer Kennwerte an elektrischen Maschinen und Antriebssystemen, Fehler erkennen und Maßnahmen einleiten, Montieren sowie Instandsetzen mechanischer Bauteile und Baugruppen, Herstellen von Wicklungen, Installieren, Verdrahten und Anschließen von elektrischen Antriebs-, Energieerzeugungs- und Energiespeichersystemen, Installieren und Inbetriebnehmen von analogen und digitalen Steuerungen, Integration von Maschinen und Anlagen in IT-Systeme, Instandhalten und Instandsetzen von Antriebs-, Energieerzeugungs- und Energiespeichersystemen, Durchführen von betrieblicher und technischer Kommunikation sowie Informationsverarbeitung, Planen und Organisieren der Arbeit, Durchführen von qualitätssichernden Maßnahmen, Beraten und Betreuen von Kunden, Prüfen und Einhalten von Datenschutz- und Informationssicherheitskonzepten, Prüfen und Beurteilen von Schutzmaßnahmen an elektrischen Anlagen und Geräten.

Berufliche Tätigkeitsfelder: Elektroniker/Elektronikerin für Maschinen und Antriebstechnik nach der Handwerksordnung arbeiten vor allem in Betrieben des Elektromaschinenbauerhandwerks, die elektrische Maschinen und Antriebe sowie elektromechanische Systeme herstellen, instandsetzen, inbetriebnehmen und überprüfen.",22.15921829123921,-65.20389827509184
127,Fluggerätelektroniker/ Fluggerätelektronikerin,"Mechatronik-, Energie- und Elektroberufe","Ingenieurwesen, Produktion & Handwerk",3.5,https://www.bibb.de/dienst/berufesuche/de/index_berufesuche.php/profile/apprenticeship/111012,Verlegen und Verbinden von Energie|Signal|Navigations|Radar|Lizenz beim Luftfahrt|Bundesamt nachgewiesen,"Profil der beruflichen Handlungsfähigkeit: Verlegen und Verbinden von Energie-, Signal- und Datenleitungen, Montieren und Installieren von Komponenten und Geräten zu elektrischen und mechanischen Systemen, Installieren und Justieren von Sensorsystemen, Baugruppen der Steuerungs- und Regeltechnik sowie elektropneumatischen und hydraulischen Stellgliedern, Installieren, Prüfen und Inbetriebnehmen von Kommunikations-, Navigations-, Radar- und Autopilotanlagen, Instandhalten von Flugsteuerungs- und Antriebssystemen, Erstellen von Prüfaufbauten, Simulieren von technischen Umfeldbedingungen, Erfassen von Messwerten, Prüfen und Auswerten von Signalen an Schnittstellen, Prüfen und Testen im Gesamtsystem von pneumatischen, hydraulischen, elektrischen und elektronischen Komponenten, Analysieren und Beheben von Störungen in Systemen, Einsetzen von Testsoftware und Diagnosesystemen, Planen und Steuern von Produktionsabläufen, Arbeitsabläufe unter Beachtung rechtlicher, wirtschaftlicher und terminlicher Vorgaben planen, Dokumentieren der Arbeitsabläufe einschließlich der vorgenommenen Prüfungen, Durchführen von Maßnahmen zur Qualitätssicherung, Auswerten von eigenen und fremden Fehlern, Berücksichtigen und Fördern der Redlichkeitskultur, Berücksichtigen von persönlichen und psychischen Faktoren für die Minderung von Risiken, Arbeiten auch mit englischsprachigen Unterlagen und Kommunizieren auch in englischer Sprache, Organisieren von Gruppenarbeit und Prozessschritten, Sie sind Elektrofachkräfte im Sinne der Unfallverhütungsvorschriften, , Mit erfolgreichem Abschluss der Berufsausbildung ist das geforderte Grundwissen nach Teil-66 der einschlägigen europäischen Vorschriften zur Beantragung einer CAT A-Lizenz beim Luftfahrt-Bundesamt nachgewiesen.

Berufliche Tätigkeitsfelder: Fluggerätelektroniker und Fluggerätelektronikerinnen arbeiten in Unternehmen der Luft- und Raumfahrtindustrie, bei Fluggesellschaften, in Wartungsbetrieben oder bei der Bundeswehr. Darüber hinaus können sie auch in Flugschulen Beschäftigung finden.",44.955068581652505,-90.10575249393123
128,IT-System-Elektroniker/ IT-System-Elektronikerin,"Mechatronik-, Energie- und Elektroberufe","Ingenieurwesen, Produktion & Handwerk",3.0,https://www.bibb.de/dienst/berufesuche/de/index_berufesuche.php/profile/apprenticeship/hhffgdfd,IT|System|Elektroniker/innen arbeiten in der IT|Infrastrukturen und IT|Bereich|Installieren und Konfigurieren von IT|Geräten und IT|und Instandsetzungsmaßnahmen an IT|und Instandsetzungsarbeiten an IT|Sicherheit und Datenschutz in IT|Sicherheit und zum Datenschutz,"Profil der beruflichen Handlungsfähigkeit: Installieren und Konfigurieren von IT-Geräten und IT-Systemen, Installieren von Netzwerkinfrastrukturen und Übertragungssystemen, Planen und Vorbereiten von Service- und Instandsetzungsmaßnahmen an IT-Geräten und IT-Systemen der Informationstechnik und an deren Infrastruktur, Durchführen von Service- und Instandsetzungsarbeiten an IT-Geräten und IT-Systemen der Informationstechnik und an deren Infrastruktur, Auftragsabschluss und Unterstützung von Nutzern und Nutzerinnen im Umgang mit IT-Geräten und, IT-Systemen der Informationstechnik und mit deren Infrastruktur, IT-Sicherheit und Datenschutz in IT-Systemen, Netzwerkinfrastrukturen und Übertragungssystemen, Installieren von IT-Systemen, Geräten und Betriebsmitteln sowie deren Anbindung an die Stromversorgung, Prüfen der elektrischen Sicherheit von IT-Geräten und Betriebsmitteln, Planen, Vorbereiten und Durchführen von Arbeitsaufgaben in Abstimmung mit den kundenspezifischen Geschäfts- und Leistungsprozessen, Informieren und Beraten von Kunden und Kundinnen, Beurteilen marktgängiger IT-Systeme und kundenspezifischer Lösungen, Entwickeln, Erstellen und Betreuen von IT-Lösungen, Durchführen und Dokumentieren von qualitätssichernden Maßnahmen, Umsetzen, Integrieren und Prüfen von Maßnahmen zur IT-Sicherheit und zum Datenschutz.

Berufliche Tätigkeitsfelder: IT-System-Elektroniker/innen arbeiten in der IT-Branche, in Unternehmen nahezu aller Wirtschaftsbereiche sowie in Organisationen und im Öffentlichen Dienst. Sie finden insbesondere Beschäftigung bei Herstellern und Betreibern von IT-Infrastrukturen und IT-Systemen sowie bei Installationsbetrieben für Sicherheitstechnik. Ihre Tätigkeit umfasst auch elektrotechnische Arbeiten im IT-Bereich.",-53.83127711573006,-28.144042768089385
129,Industrieelektriker/Industrieelektrikerin Ausbildung in Fachrichtung:,"Mechatronik-, Energie- und Elektroberufe","Ingenieurwesen, Produktion & Handwerk",2.0,https://www.bibb.de/dienst/berufesuche/de/index_berufesuche.php/profile/apprenticeship/1311008,und nachgelagerten Bereichen,"Profil der beruflichen Handlungsfähigkeit: Installieren von elektrischen Systemen und Anlagen, Inbetriebnahme und Betrieb von elektrischen Systemen und Anlagen, Durchführen von Wartungsarbeiten an elektrischen Systemen und Anlagen, Bearbeiten, Montieren und Verbinden mechanischer Komponenten und elektrischer Betriebsmittel, Prüfen und Analysieren elektrischer Funktionen und Systeme, Durchführen von Funktions- und Sicherheitsprüfungen, Beurteilen der Sicherheit von elektrischen Anlagen und Betriebsmitteln, Durchführen von qualitätssichernden Maßnahmen, Berücksichtigung der Vorgaben des Umweltschutzes, der Arbeitssicherheit und der Wirtschaftlichkeit, Dokumentieren der Produktionsdaten und Abtimmen mit vor- und nachgelagerten Bereichen.

Berufliche Tätigkeitsfelder: Industrieelektriker/Industrieelektrikerinnen, Fachrichtung Betriebstechnik, arbeiten in unterschiedlichen Produktionsbereichen der Wirtschaft, insbesondere in Unternehmen der Metall- und Elektroindustrie, der Automobilindustrie, dem Anlagenbau und in Energieversorgungsunternehmen.",17.03137428184097,-23.463239566633966
130,Informationselektroniker/ Informationselektronikerin,"Mechatronik-, Energie- und Elektroberufe","Ingenieurwesen, Produktion & Handwerk",3.5,https://www.bibb.de/dienst/berufesuche/de/index_berufesuche.php/profile/apprenticeship/kiu51uu,IT|und Bürosystemtechnik Sende|Empfangs|und Breitbandtechnik Sicherheits|Analysieren von Systemen der Informations,"Profil der beruflichen Handlungsfähigkeit: Analysieren von Systemen der Informations- und Kommunikationstechnik, Messen und Analysieren physikalischer Kennwerte an Systemen, Planen und Projektieren der Arbeit, Montieren, Installieren und Integrieren von Systemen, Parametrieren, Inbetriebnehmen und Übergeben, Installieren, Programmieren, Einrichten und Testen von Software, Bedienen und Administrieren, Sicherstellen des Betriebes von Systemen der Informations- und Kommunikationstechnik, Umsetzen und Integrieren von Datenschutz- und Informationssicherheitskonzepten, Warten, Instandhalten, Betreiben und Optimieren, Durchführen von betrieblicher und technischer Kommunikation sowie Informationsverarbeitung, Planen und Organisieren der Arbeit, Durchführen von qualitätssichernden Maßnahmen, Beraten und Betreuen von Kunden, Prüfen und Einhalten von Datenschutz- und Informationssicherheitskonzepten, Prüfen und Beurteilen von Schutzmaßnahmen an elektrischen Anlagen und Geräten.

Berufliche Tätigkeitsfelder: Informationselektroniker/innen planen und installieren Systeme der Informations- und Kommunikationstechnik. Sie erbringen Dienstleistung aus einer Hand, arbeiten in Installations- und Servicebetrieben. Sie arbeiten hauptsächlich in elektro- und informationstechnischen Handwerksbetrieben, aber auch in Betrieben anderer Branchen. Informationselektroniker/innen sind in folgenden Einsatzgebieten tätig: Geräte-, IT- und Bürosystemtechnik, Sende-, Empfangs- und Breitbandtechnik, Sicherheits- und Gefahrenmeldetechnik sowie Telekommunikationstechnik.",7.038941927524497,-73.97886247080658
131,Mechatroniker/Mechatronikerin,"Mechatronik-, Energie- und Elektroberufe","Ingenieurwesen, Produktion & Handwerk",3.5,https://www.bibb.de/dienst/berufesuche/de/index_berufesuche.php/profile/apprenticeship/868686,,"Profil der beruflichen Handlungsfähigkeit: Planen und Steuern von Arbeitsabläufen, Bearbeiten mechanischer Teile, Zusammenbauen von Baugruppen und Komponenten zu mechatronischen Systemen, Installieren elektrischer Baugruppen und Komponenten, Messen und Prüfen elektrischer Größen, Installieren und Testen von Hard- und Softwarekomponenten, Aufbauen und Prüfen von Steuerungen, Programmieren mechatronischer Systeme, Zusammenbauen von Baugruppen und Komponenten zu Maschinen und Systemen, Montieren und Demontieren von Maschinen, Systemen und Anlagen, Transportieren und Sichern, Prüfen und Einstellen von Funktionen an mechatronischen Systemen, Inbetriebnehmen und Bedienen mechatronischer Systeme, Instandhalten mechatronischer Systeme, Übergeben von Anlagen, Einweisen der Nutzer in die Bedienung und Erbringen von Serviceleistungen, Arbeiten auch mit englischsprachigen Unterlagen und Kommunizieren auch in englischer Sprache, Nutzung und IT-Systemen, auch in digitalisierten Prozessen, Anwenden von Vorschriften zu Datenschutz und Informationssicherheit.

Berufliche Tätigkeitsfelder: Mechatroniker/innen arbeiten in der Montage und Instandhaltung von mechatronischen Komponenten und Systemen bei den Herstellern im Anlagen- und Maschinenbau, bei den Betreibern der Systeme sowie in Servicebereichen und bei Dienstleistern in den verschiedensten Branchen und Wirtschaftszweigen. Mechatroniker/innen sind im Sinne der Unfallverhütungsvorschriften Elektrofachkräfte.",-1.9951959550229417,-77.3520050298371
132,Medizinischer Fachangestellter/ Medizinische Fachangestellte,Medizinische Gesundheitsberufe,Gesundheit & Medizin,3.0,https://www.bibb.de/dienst/berufesuche/de/index_berufesuche.php/profile/apprenticeship/n233444,Medizinische Fachangestellte sind in Hausarzt|und prozessorientiertes Arbeiten,"Profil der beruflichen Handlungsfähigkeit: Assistieren bei Untersuchung, Behandlung und chirurgischen Eingriffen, Helfen bei Notfällen, Betreuen und Beraten von Patienten vor, während und nach der Behandlung, Informieren von Patienten über die Ziele und Möglichkeiten der Vor- und Nachsorge, Durchführen von Hygienemaßnahmen, Durchführen von Laborarbeiten durch, Anwenden der Vorschriften und Richtlinien des Umweltschutzes, Organisieren der Betriebsabläufe und Überwachen der Terminplanungen, Mitwirken beim Qualitätsmanagement, Durchführen von Verwaltungsarbeiten, Dokumentieren der Behandlungsabläufe und Erfassen der erbrachten Leistungen für die Abrechnung, Ermitteln des Bedarfs an Material, Beschaffen und Verwalten des Materials, Anwenden von Informations- und Kommunikationssystemen, Beachten der Regeln des Datenschutzes und der Datensicherheit, team- und prozessorientiertes Arbeiten.

Berufliche Tätigkeitsfelder: Medizinische Fachangestellte sind in Hausarzt- und Facharztpraxen, Krankenhäusern sowie anderen medizinischen Versorgungseinrichtungen tätig. Sie werden auch in medizinischen Laboratorien, in betriebsärztlichen Abteilungen von Unternehmen und im öffentlichen Gesundheitsdienst eingesetzt. Darüber hinaus sind sie in Institutionen und Organisationen des Gesundheitswesens beschäftigt.",-52.80367765734683,-49.547339146789916
133,Tiermedizinischer Fachangestellter/ Tiermedizinische Fachangestellte,Medizinische Gesundheitsberufe,Gesundheit & Medizin,3.0,https://www.bibb.de/dienst/berufesuche/de/index_berufesuche.php/profile/apprenticeship/n745553,und des Veterinärwesens beschäftigt|und prozessorientiertes Arbeiten,"Profil der beruflichen Handlungsfähigkeit: Assistieren bei Untersuchung, Behandlung und chirurgischen Eingriffen, Betreuen von Patienten vor, während und nach der Behandlung, Versorgen und Pflegen der Patienten bei stationärer Unterbringung, Sorgen für tierartgerechte und verhaltensgemäße Haltung von Tieren, Beachten der Einhaltung des Tierschutzgesetzes, Anwenden der Vorschriften und Richtlinien des Umweltschutzes, Durchführen von Hygienemaßnahmen, Schützen vor Infektionen und Seuchen, Erstellen von Röntgenaufnahmen, Durchführen von Laborarbeiten, Beraten und Betreuen der Tierhalter und Tierhalterinnen, Informieren der Tierhalter und Tierhalterinnen über die Möglichkeiten der Prävention und Rehabilitation, Organisieren der Betriebsabläufe und Überwachen von Terminplanungen, Mitwirken bei Maßnahmen zur Qualitätssicherung, Durchführen von Verwaltungsarbeiten, Dokumentieren der Behandlungsabläufe und Erfassen und Abrechnen der erbrachten Leistungen, Ermitteln des Bedarfs an Material, Beschaffen und Verwalten von Material, Anwenden von Informations- und Kommunikationssystemen, Beachten der Regeln des Datenschutzes und der Datensicherheit, team- und prozessorientiertes Arbeiten.

Berufliche Tätigkeitsfelder: Tiermedizinische Fachangestellte sind vorwiegend in Tierarztpraxen sowie Tierkliniken tätig. Sie werden auch in veterinärmedizinischen Laboratorien, Zoos, Tierheimen oder in der Tierhaltung eingesetzt. Darüber hinaus sind sie in der tiermedizinischen Forschung, der chemischen Industrie oder bei Institutionen und Organisationen des Gesundheits- und des Veterinärwesens beschäftigt.",-6.759429892769748,-93.14507167779922
134,Zahnmedizinischer Fachangestellter/ Zahnmedizinische Fachangestellte,Medizinische Gesundheitsberufe,Gesundheit & Medizin,3.0,https://www.bibb.de/dienst/berufesuche/de/index_berufesuche.php/profile/apprenticeship/zfa22,und kieferchirurgi|Personen|zielgruppen|und prozessorientiertes Arbeiten,"Profil der beruflichen Handlungsfähigkeit: Personen-, zielgruppen- und situationsorientiertes Betreuen vor, während und nach Behandlungen, Assistieren bei zahnärztlichen Behandlungen, Erläutern von Möglichkeiten der Karies- und Parodontalprophylaxe sowie Anleiten zur Mundhygiene, Mitwirken in der Gruppenprophylaxe, Abrechnen von Leistungen und Kontrollieren von Zahlungseingängen, Dokumentieren von Behandlungsabläufen, Organisieren der Arbeitsprozesse, Gestalten von personen-, zielgruppen- und situationsgerechten Kommunikationsprozessen, Erstellen von Röntgenaufnahmen, Durchführen von bildgebenden Verfahren, Durchführen von Hygienemaßnahmen, Aufbereiten und Freigeben von Medizinprodukten, Mitwirken und Durchführen qualitätssichernder Maßnahmen, Anwenden von Informations- und Kommunikationssystemen, Beachten der rechtlichen Regelungen zum Datenschutz, Einhalten der Verschwiegenheitspflichten, Umsetzen von Umweltschutz und Nachhaltigkeit, team- und prozessorientiertes Arbeiten.

Berufliche Tätigkeitsfelder: Zahnmedizinische Fachangestellte arbeiten in Zahnarztpraxen, kieferorthopädischen, oral- und kieferchirurgi-schen Praxen sowie in Zahnkliniken. Beschäftigung finden sie auch im öffentlichen Gesundheitswesen, in der Dentalindustrie, bei Krankenkassen und in Abrechnungszentren.",-29.66547225859091,-20.1533926976869
135,Büchsenmacher/Büchsenmacherin,"Metallerzeugung und -bearbeitung, Metallbauberufe","Ingenieurwesen, Produktion & Handwerk",3.0,https://www.bibb.de/dienst/berufesuche/de/index_berufesuche.php/profile/apprenticeship/09567,,"Profil der beruflichen Handlungsfähigkeit: Herstellen von Schusswaffen, Manuelles und maschinelles Anfertigen von Bau- und Waffenteilen aus Metall, Holz und Kunststoff, Anwenden moderner und traditioneller Techniken, Montieren von optischen Geräten auf Schusswaffen, Warten, Reparieren und Pflegen von Schusswaffen, Herstellen von Ersatzteilen und Einbau dieser, Restaurieren von historischen Schusswaffen, Herstellen der Gesamtfunktion von Schusswaffen und Zubehör sowie Überprüfen der Zielgenauigkeit, Beachten von waffenrechtlichen Bestimmungen, insbesondere Waffengesetz, Beschussgesetz, Kriegswaffenkontrollgesetz, Sprengstoffgesetz und Jagdrecht, Anwenden von waffenrechtlichen Bestimmungen, insbesondere im Hinblick auf Erwerb, Besitz, Führung, Transport, Aufbewahrung, Überlassung und Herstellung, Anwenden von Sicherheit sowie dem Gesundheits- und Umweltschutz bei ihrer Arbeit, Durchführen der Arbeiten unter dem Aspekt der Qualitätssicherung, Beraten und Betreuen von Kunden, Planen der Auftragsabwicklung unter Berücksichtigung sicherheitstechnischer und betriebswirtschaftlicher Gesichtspunkte und Disponieren von Material.

Berufliche Tätigkeitsfelder: Büchsenmacher und Büchsenmacherinnen sind in Betrieben des Büchsenmacherhandwerks und in der industriellen Produktion von Schusswaffen tätig. Darüber hinaus arbeiten sie im Waffenfachhandel.",-8.184747804642548,-14.885398878898261
136,Chirurgiemechaniker/Chirurgiemechanikerin,"Metallerzeugung und -bearbeitung, Metallbauberufe","Ingenieurwesen, Produktion & Handwerk",3.5,https://www.bibb.de/dienst/berufesuche/de/index_berufesuche.php/profile/apprenticeship/2843101,,Chirurgiemechaniker/Chirurgiemechanikerin,-296.3136393979842,249.78888906008459
137,Feinpolierer/Feinpoliererin,"Metallerzeugung und -bearbeitung, Metallbauberufe","Ingenieurwesen, Produktion & Handwerk",3.0,https://www.bibb.de/dienst/berufesuche/de/index_berufesuche.php/profile/apprenticeship/2312101,,Feinpolierer/Feinpoliererin,-301.83048380726996,254.93986926215584
138,Konstruktionsmechaniker/ Konstruktionsmechanikerin,"Metallerzeugung und -bearbeitung, Metallbauberufe","Ingenieurwesen, Produktion & Handwerk",3.5,https://www.bibb.de/dienst/berufesuche/de/index_berufesuche.php/profile/apprenticeship/121214,und Metallbau,"Profil der beruflichen Handlungsfähigkeit: Planen der Aufgaben anhand von technischen Unterlagen, Herstellen von Bauteilen, Baugruppen und Metallkonstruktionen aus Blechen, Rohren oder Profilen durch manuelle und maschinelle Fertigungsverfahren, Durchführen von Schweißverfahren unter Beachtung der Arbeitssicherheit und des Umweltschutzes, Montieren und Demontieren von Metallkonstruktionen und Anwenden unterschiedlicher Fügetechniken, Erstellen von Hilfskonstruktionen, Vorrichtungen, Schablonen und Abwicklungen, Auswählen von Prüfgeräten und Prüfverfahren und Anwenden des betrieblichen Qualitätssicherungssystems, Durchführen der notwendigen Wartungsarbeiten an Anlagen, Maschinen und Werkzeugen, Abstimmen der Arbeiten mit vor- und nachgelagerten Bereichen, Bearbeiten von komplexen Aufträgen im Team, Selbständiges Durchführen von Tätigkeiten unter Beachtung der einschlägigen Vorschriften und Sicherheitsbestimmungen, Nutzen von IT-Systemen auch in digitalisierten Prozessen, Anwenden von Vorschriften zu Datenschutz und Informationssicherheit.

Berufliche Tätigkeitsfelder: Konstruktionsmechaniker und Konstruktionsmechanikerinnen arbeiten in den Bereichen Ausrüstungstechnik, Feinblechbau, Schiffbau, Schweißtechnik und im Stahl- und Metallbau.",65.55442524127527,-81.57791652986316
139,Oberflächenbeschichter/ Oberflächenbeschichterin,"Metallerzeugung und -bearbeitung, Metallbauberufe","Ingenieurwesen, Produktion & Handwerk",3.0,https://www.bibb.de/dienst/berufesuche/de/index_berufesuche.php/profile/apprenticeship/kjiu9807,,"Profil der beruflichen Handlungsfähigkeit: Anwenden von Beschichtungsverfahren der chemischen und elektrochemischen Abscheidung von Metallen und Legierungen, der Anodisations- und Dünnschichttechnik sowie das Feuerverzinken, Anwenden mechanischer, chemischer und elektrolytischer Verfahren der Vor- und Nachbehandlung von unbeschichteten und beschichteten Oberflächen, Erzeugen dekorativer oder funktioneller Schichten durch chemische und elektrochemische Abscheidung von Metallen und Legierungen, anodische Oxidation, Dünnschichttechniken oder Feuerverzinken, Anwenden der Grundlagen der mechanischen Fertigungs- und Fügeverfahren, Entfernen von Beschichtungen auf unterschiedlichen Grundwerkstoffen mit mechanischen, chemischen, elektronischen und physikalischen Verfahren, Planen und Koordinieren des Arbeitsablaufs mit den vor- und nachgelagerten Fertigungsprozessen, Steuern des Fertigungsprozesses, Bedienen, Überwachen und Warten technischer Einrichtungen und Anlagen, insbesondere durch die Eingabe von Prozessparametern, Eingriffe in Steuerprogramme, die Dokumentation des Funktions- und Prozessablaufs einschließlich der peripheren Einrichtungen, Berücksichtigen von ökologischen Aspekten in allen Phasen des Fertigungsprozesses, insbesondere der Verfahren der Stoffrückführung und -rückgewinnung, Sichern der Qualität der Erzeugnisse im Rahmen von Qualitätsmanagement durch den Einsatz von Prüfmitteln sowie der systematischen Fehlersuche und -analyse, Selbständiges Ausführen der im Arbeitsbereich übertragenen Aufgaben.

Berufliche Tätigkeitsfelder: Oberflächenbeschichter / Oberflächenbeschichterinnen arbeiten in industriellen und handwerklichen Betrieben an Beschichtungsanlagen im Bereich Galvanotechnik und Feuerverzinkung.",-49.81836627729705,-18.442388587957524
140,Stanz- und Umformmechaniker/ Stanz- und Umformmechanikerin,"Metallerzeugung und -bearbeitung, Metallbauberufe","Ingenieurwesen, Produktion & Handwerk",3.0,https://www.bibb.de/dienst/berufesuche/de/index_berufesuche.php/profile/apprenticeship/n95hj54,Die Arbeitsgebiete des Stanz|und Umformmechanikers und der Stanz|des Maschinen|Elektronik|Luft|und Raumfahrt|und Telekommunikationsindustrie,"Profil der beruflichen Handlungsfähigkeit: Herstellen von Bauteilen aus Blechen und Drähten mit Produktionsanlagen der Stanz- und Umformtechnik, Einrichten von Produktionsanlagen der Stanz- und Umformtechnik, Ermitteln von Prozessparametern und Herstellen der Produktionsfähigkeit der Anlage, Einrichten von Handhabungs- und Materialflusssystemen, Inbetriebnehmen von Produktionsanlagen, Durchtakten der Anlage in der Nullserie, Fahren von Testreihen und Dokumentieren von Produktionsparametern und Ergebnissen, Programmieren und Parametrieren von Produktionsanlagen, Planen, Überwachen und Optimieren von Prozessabläufen, Durchführen von prozessbegleitenden Prüfungen mit entsprechenden Dokumentationen, Anwenden von Standardsoftware, Produktions- und Qualitätssicherungssoftware zur Auftragsbearbeitung, Anwenden von Normen, Vorschriften und Regeln zur Sicherung der Prozessfähigkeit von Produktionsanlagen und Beitragen zur Verbesserung der Prozessabläufe, Ermitteln und Dokumentieren von technischen Störungen an Anlagen, Feststellen von Qualitätsabweichungen an Produkten, Durchführen von systematischen Fehleranalysen und Organisieren oder Ergreifen von Maßnahmen zu deren Beseitigung, Organisieren von logistischen Prozessen für Produkte, Werkzeuge und Betriebsstoffe, Beschaffen und Verwenden von Informationen aus Datenblättern, Vorschriften, Normen, Beschreibungen und Betriebsanleitungen zur Auftragsdurchführung, Anwenden von informationstechnischen Systemen und branchenüblicher Software zur Beschaffung von Informationen, zur Bearbeitung von Aufträgen und zur Dokumentation von Ergebnissen.

Berufliche Tätigkeitsfelder: Die Arbeitsgebiete des Stanz- und Umformmechanikers und der Stanz- und Umformmechanikerin liegen in Serienproduktionslinien der Industrie sowie bei produktionsunterstützenden Dienstleistungsunternehmen. Sie arbeiten überwiegend in den Bereichen des Automobil-, des Maschinen- und Anlagenbaus, der erneuerbaren Energien sowie der Medizin-, Elektronik-, Luft- und Raumfahrt- und Telekommunikationsindustrie.",43.572730158405804,-100.15491710255168
141,Uhrmacher/Uhrmacherin,"Metallerzeugung und -bearbeitung, Metallbauberufe","Ingenieurwesen, Produktion & Handwerk",3.0,https://www.bibb.de/dienst/berufesuche/de/index_berufesuche.php/profile/apprenticeship/57687980,Regel|und Umweltschutz bei der Arbeit,"Profil der beruflichen Handlungsfähigkeit: Instandhalten von mechanischen und elektronischen Uhren und Uhrenanlagen und deren Komponenten, Montieren und Demontieren von Bauteilen und Baugruppen, Durchführen von Messungen unter Einsatz modernster Messtechniken, Herstellen von Werkstücken und Bauteilen durch manuelles und maschinelles Spanen, Herstellen von lösbaren und unlösbaren Verbindungen, Durchführen von Maßnahmen der Wärmebehandlung und der Werkstoffprüfung, Behandeln und Schützen von Oberflächen und Prüfen von deren Form und Beschaffenheit, Programmieren und Bedienen von numerisch gesteuerten Werkzeugmaschinen, Instandhalten von industriell gefertigtem Schmuck, Selbständiges Durchführen der Arbeiten auf der Grundlage von technischen Unterlagen und Arbeitsaufträgen, Verkaufen von Waren und Produkten des Betriebes, Beraten von Kunden/Kundinnen in Bezug auf Produkte und Dienstleistungen des Unternehmens, Bearbeiten von Reklamationen, Mitwirken bei der Ermittlung von Verkaufspreisen, der Erstellung von Angeboten, Instandsetzungs- und Verkaufsabrechnungen, Mitgestalten des Warensortiments, Auszeichnen und Präsentieren von Waren, Kontrollieren des Warenbestands, Beschaffen von Waren, Überwachen des Wareneingangs, Durchführen von Reklamationen beim Wareneingang, Lagern und Pflegen der Waren, Planen und Koordinieren der Arbeit und Abstimmen mit anderen, insbesondere mit Kunden/Kundinnen, Betriebsinhaber/Betriebsinhaberinnen und Kollegen/Kolleginnen, Beschaffen von Informationen, Ergreifen von qualitätssichernden Maßnahmen, Dokumentieren der Leistungen und Ergreifen von Maßnahmen zur Sicherheit, zum Gesundheits- und Umweltschutz bei der Arbeit.

Berufliche Tätigkeitsfelder: Beschäftigungsmöglichkeiten finden Uhrmacher/innen in Reparatur- und Servicestätten des Uhrmacherhandwerks und des Uhrenhandels sowie in der Uhrenindustrie, aber auch in Betrieben, die Erzeugnisse der Mess-, Regel- und Nachrichtentechnik oder Schmuckwaren herstellen, sowie im Uhrengroßhandel.",204.44317561361515,-235.63751438496377
142,Verfahrensmechaniker für Beschichtungstechnik/ Verfahrensmechanikerin für Beschichtungstechnik,"Metallerzeugung und -bearbeitung, Metallbauberufe","Ingenieurwesen, Produktion & Handwerk",3.0,https://www.bibb.de/dienst/berufesuche/de/index_berufesuche.php/profile/apprenticeship/5120101,analyse,"Profil der beruflichen Handlungsfähigkeit: Anwenden von mechanischen, chemischen und elektrolytischen Verfahren der Vor- und Nachbehandlung von unbeschichteten und beschichteten Oberflächen, Beherrschen des Lagerns und Förderns der zu beschichtenden Werkstoffe und Güter sowie das Lagerns, Förderns, Dosierens und Mischens von festen und flüssigen Applikationsstoffen, Beherrschen verschiedener Applikationsverfahren wie Sprüh- und Auftragsverfahren sowie elektrostatische Beschichtungen, Bedienen, Überwachen und Warten der technischen Einrichtungen und Anlagen insbesondere durch die Eingabe von Prozessparametern, Eingriffe in Steuerprogramme, die Dokumentation des Funktions- und Prozessablaufs einschließlich der peripheren Einrichtungen, Beherrschendes Fertigungsprozesses, Selbständiges Ausführen der im Arbeitsbereich übertragenen Aufgaben, Planen und Koordinieren des Arbeitsablaufs mit den vor- und nachgelagerten Fertigungsprozessen, Beherrschen der Grundlagen der mechanischen Fertigungs- und Fügeverfahren, Berücksichtigen von ökologischen Aspekten in allen Phasen des Fertigungsprozesses, Sichern der Qualität der Erzeugnisse im Rahmen von Qualitätsmanagement durch den Einsatz von Prüfmitteln sowie der systematischen Fehlersuche und -analyse.

Berufliche Tätigkeitsfelder: Beschäftigungsmöglichkeiten finden Verfahrensmechaniker/innen für Beschichtungstechnik überwiegend in Industriebetrieben.",-89.63618833373471,15.614650977715495
143,Verfahrenstechnologe Metall/ Verfahrenstechnologin Metall,"Metallerzeugung und -bearbeitung, Metallbauberufe","Ingenieurwesen, Produktion & Handwerk",3.5,https://www.bibb.de/dienst/berufesuche/de/index_berufesuche.php/profile/apprenticeship/1132016,,"Profil der beruflichen Handlungsfähigkeit: Umformen von Werkstoffen, Steuern und Regeln von Produktionsprozessen, Einrichten von Handhabungs- und Materialflusssystemen, Überwachen und Optimieren von Prozessabläufen, Durchführen von prozessbegleitenden Prüfungen, Anwenden von Standard- und Produktionssoftware zur Auftragsbearbeitung, Arbeiten im Team (auch international), Erkennen und Beseitigen von Störungen im Produktionsablauf, Anwenden von Wärmebehandlungsverfahren, Instandhalten von Produktionssystemen und Anlagen, Beeinflussen von chemischen Vorgängen, Prüfen von Werkstoffen und Durchführen von qualitätssichernden Maßnahmen, Vorbereiten, Transportieren und Lagern von Vormaterialien, Handhaben von Werk- und Hilfsstoffen, Umweltgerechtes Entsorgen von Hilfs- und Betriebsstoffen, Handhaben und Warten von Arbeits- und Betriebsmitteln, Aufbauen und Anwenden von Steuerungs- und Regelungstechnik, Organisieren und Durchführen logistischer Prozesse.",143.91695105195103,-71.43215972058144
144,Werkzeugmechaniker/Werkzeugmechanikerin,"Metallerzeugung und -bearbeitung, Metallbauberufe","Ingenieurwesen, Produktion & Handwerk",3.5,https://www.bibb.de/dienst/berufesuche/de/index_berufesuche.php/profile/apprenticeship/585859,Press|und Prägeformen sowie Stanz,"Profil der beruflichen Handlungsfähigkeit: Fertigen von Einzelteilen aus unterschiedlichen Werkstoffen mit Werkzeugen und Maschinen, Programmieren und Bedienen von Maschinen mit numerischer Steuerung, Stellen insbesondere von Spritzguss-, Press- und Prägeformen sowie Stanz- und Umformwerkzeugen, Erstellen von Vorrichtungen und Betriebsmitteln zur Unterstützung bzw. zum Aufbau von industriellen Fertigungseinrichtungen, Fügen von Bauteilen und Baugruppen zu Werkzeugen, Instrumenten, Vorrichtungen oder Formen, Herstellen von Formflächen mit Feinbearbeitungsverfahren, Durchführen von Instandhaltungsmaßnahmen, Prüfen und Optimieren der Funktionen und Abläufe hinsichtlich Quantität und Qualität, Anwenden von technischen Unterlagen und Nutzen der Informations- und Kommunikationssysteme auch in englischer Sprache, Planen und Steuern der Arbeitsabläufe, Arbeiten im Team, Kontrollieren, Beurteilen und Dokumentieren der Arbeitsergebnisse und Anwenden von Qualitätssicherungsmethoden, Nutzen von IT-Systemen auch in digitalisierten Prozessen, Anwenden von Vorschriften zu Datenschutz und Informationssicherheit.

Berufliche Tätigkeitsfelder: Werkzeugmechaniker und Werkzeugmechanikerinnen arbeiten vorwiegend in Industriebetrieben in den Einsatzgebieten Formentechnik, Instrumententechnik, Stanztechnik oder Vorrichtungstechnik. Sie sind insbesondere in der industriellen Serienfertigung von Produkten aus Kunststoffen und Metallen tätig, sowie in der Herstellung von Instrumenten für die operative Medizintechnik.",51.649521586110666,-90.12798801549052
145,Zerspanungsmechaniker/ Zerspanungsmechanikerin,"Metallerzeugung und -bearbeitung, Metallbauberufe","Ingenieurwesen, Produktion & Handwerk",3.5,https://www.bibb.de/dienst/berufesuche/de/index_berufesuche.php/profile/apprenticeship/782319,und Serienfertigung,"Profil der beruflichen Handlungsfähigkeit: Beurteilen und Analysieren von Fertigungsaufträgen auf technische Umsetzbarkeit, Auswählen von Informationsquellen und technischen Unterlagen zur Durchführung der Fertigung, Auftragsbezogenes Auswählen von Fertigungssystemen, Planen von Fertigungsprozessen, Erstellen, Optimieren und Einrichten der Programme für numerisch gesteuerte Fertigungssysteme, Nutzen von Datenblättern, Beschreibungen, Betriebsanleitungen und anderen berufstypischen Informationen auch in englischer Sprache, Einrichten des Arbeitsplatzes und Organisieren der Arbeitsabläufe unter Beachtung terminlicher und wirtschaftlicher Vorgaben, Herstellen von Bauteilen nach qualitativen Vorgaben durch maschinelle spanabhebende Fertigungsverfahren und Überwachen des Fertigungsprozesses, Anwenden von Qualitätsmanagementsystemen, Dokumentieren und Bewerten der Arbeits- und Prüfergebnisse und Ableiten von Maßnahmen zur Fertigungs- und Produktoptimierung, Überwachen und Prüfen der Sicherheitseinrichtungen, Warten und Inspizieren von Fertigungssystemen, Arbeiten im Team, Einweisen in die Bedienung von Fertigungssystemen, Abstimmen der Tätigkeiten mit vor- und nachgelagerten Bereichen, Beachten der Kundenforderungen, Nutzen von IT-Systemen auch in digitalisierten Prozessen, Anwenden von Vorschriften zu Datenschutz und Informationssicherheit.

Berufliche Tätigkeitsfelder: Zerspanungsmechaniker und Zerspanungsmechanikerinnen arbeiten in Bereichen der Industrie und des Handwerks, in denen durch spanende Verfahren Bauteile gefertigt werden. Typische Einsatzgebiete sind Drehmaschinensysteme, Fräsmaschinensysteme, Drehautomatensysteme und Schleifmaschinensysteme der Einzel- und Serienfertigung.",25.29780854734037,-87.99720938931199
146,Augenoptiker/Augenoptikerin,"Nichtmedizinische Gesundheits-, Körperpflege- und Wellnessberufe, Medizintechnik",Gesundheit & Medizin,3.0,https://www.bibb.de/dienst/berufesuche/de/index_berufesuche.php/profile/apprenticeship/180111,,"Profil der beruflichen Handlungsfähigkeit: Korrigieren von Fehlsichtigkeiten durch Sehhilfen, Beraten von Kunden bei der Auswahl von Brillen, Kontaktlinsen und vergrößernden Sehhilfen, Ermitteln von Brillengläsern nach Verwendung, Verordnung und Sehaufgabe, Informieren von Kunden über Auswirkungen der Sehhilfen auf den Sehvorgang, Manuelles und maschinelles Bearbeiten von Werkstoffen, insbesondere aus Glas, Kunststoff und Metall, Bearbeiten und Einfassen von Brillengläsern, Anatomisches und optisches Anpassen von Brillen, Modifizieren und Reparieren von Brillen, Einweisen in den Gebrauch von Sehhilfen, Durchführen von Verwaltungsarbeiten, Mitwirken beim betrieblichen RechnungswesenKundenberatung.

Berufliche Tätigkeitsfelder: Augenoptiker/Augenoptikerinnen arbeiten in Betrieben des Augenoptikerhandwerks und der augenoptischen Industrie.",-57.320262014957365,38.624715179767236
147,Bestattungsfachkraft,"Nichtmedizinische Gesundheits-, Körperpflege- und Wellnessberufe, Medizintechnik",Gesundheit & Medizin,3.0,https://www.bibb.de/dienst/berufesuche/de/index_berufesuche.php/profile/apprenticeship/190107,und Verarbeiten von Werk,"Profil der beruflichen Handlungsfähigkeit: Entgegennehmen und Bearbeiten von Bestattungsaufträgen, Beachten von Verfügungen zur Bestattung und Betreuung und Beratung von Angehörigen unter Berücksichtigung der jeweiligen Trauersituation sowie Anwendung (trauerpsychologischer Maßnahmen) und Informieren über Möglichkeiten der organisatorischen und psychologischen Betreuung,Durchführen von friedhofstechnischen Arbeiten, Versorgen von Verstorbenen nach hygienischen und thanatopraktischen Grundsätzen, Sorgen für Verstobene durch Überführen, Aufbewahren und Aufbahren, Mitwirken bei der Durchführung der Bestattung, Informieren über Möglichkeiten der Bestattungsvorsorge, Unterbreiten von Angeboten hierüber und Erläutern von Finanzierungsmöglichkeiten, Beachten von einschlägigen Rechtsvorschriften, Normen und Sicherheitsbestimmungen sowie Riten und Gebräuchen,Selbstständiges Arbeiten und Arbeiten im Team, Abstimmen der Arbeiten mit den übrigen betrieblichen und außerbetrieblichen Beteiligten, Kundenorientiertes Arbeiten und Nutzen von modernen Informations- und Kommunikationstechniken, Planen von Arbeitsabläufen, Kontrollieren und Beurteilen vonArbeitsergebnissen, Be- und Verarbeiten von Werk- und Hilfsstoffen, Bearbeiten von Verwaltungsvorgängen, Mitwirken bei der Kostenermittlung und Anwenden von qualitätssichernden Maßnahmen sowie Maßnahmen des Gesundheitsschutzes, Anfertigen und Anwenden von technischen Unterlagen, Handhaben und Warten von Werkzeugen, Geräten, Maschinen und technischen Einrichtungen,.

Berufliche Tätigkeitsfelder: Bestattungsfachkräfte arbeiten in Bestattungsunternehmen sowie in Friedhofsverwaltungen.",128.0641764830116,-118.49106950806572
148,Friseur/Friseurin,"Nichtmedizinische Gesundheits-, Körperpflege- und Wellnessberufe, Medizintechnik",Gesundheit & Medizin,3.0,https://www.bibb.de/dienst/berufesuche/de/index_berufesuche.php/profile/apprenticeship/123456,Fernseh|und des Umweltschutzes,"Profil der beruflichen Handlungsfähigkeit: Reinigen und Pflegen von Haar und Kopfhaut, Schneiden der Haare mit klassischen und modernen Techniken, Durchführen von modischen Struktur- und Farbveränderungen der Haare, Planen, Formen und Gestalten von Frisuren, Beraten der Kunden in Friseur- und Kosmetikdienstleistungen unter Berücksichtigung ästhetischer Aspekte, der Kopf- und Gesichtsform, der Gesamterscheinung sowie modischer Trends, Unterbreiten und Umsetzen individueller Vorschläge, Betreuen von Kunden vor, während und nach der Behandlung und Eingehen auf deren Erwartungen und Wünschen, Durchführen von Haarverlängerungen und -verdichtungen und Gestalten mit Haarersatz, Pflegen der Hände und Gestalten der Nägel, Durchführen kosmetischer Maßnahmen, Planen und Dokumentieren der Behandlungsabläufe, Mitwirken bei der Organisation von Betriebsabläufen und Überwachen der Terminplanungen, Beraten der Kunden bei Produktauswahl und Produktanwendung, Präsentieren und Verkaufen der Waren sowie Produkte, Unterstützen von Marketingmaßnahmen im Salon, Anwenden der Vorschriften und Richtlinien des Gesundheits- und des Umweltschutzes.

Berufliche Tätigkeitsfelder: Friseure / Friseurinnen sind vorwiegend in Fachbetrieben des Friseurhandwerks beschäftigt, werden aber auch in Hotels, in Wellnessbereichen, auf Kreuzfahrtschiffen, in Krankenhäusern, Altenheimen und Reha-Einrichtungen eingesetzt. Darüber hinaus sind sie bei Film-, Fernseh- und Theaterproduktionen, Fotoshootings und Modenschauen tätig. Weitere Einsatzgebiete sind der Verkauf in Drogerien, Parfümerien und Warenhäusern. Eine besondere Beschäftigungsmöglichkeit bietet auch die Tätigkeit als Fachberater in der haarkosmetischen Industrie.",4.29849473472423,-27.299065854379
149,Hörakustiker/Hörakustikerin,"Nichtmedizinische Gesundheits-, Körperpflege- und Wellnessberufe, Medizintechnik",Gesundheit & Medizin,3.0,https://www.bibb.de/dienst/berufesuche/de/index_berufesuche.php/profile/apprenticeship/fs787sf,und Abrechnungsprozessen,"Profil der beruflichen Handlungsfähigkeit: Bestimmen und Beurteilen des individuellen Hörprofils durch Erheben der Anamnese, Einordnen der vorliegenden und ermittelten Befunde sowie Ermitteln des Hörbedarfs, Erheben und Bewerten audiologischer und otoskopischer Befunde unter Berücksichtigung anatomischer und pathologischer Gegebenheiten der Patienten, der Ergebnisse der Reinton- und Sprachaudiometrie sowie weiterführender Messverfahren, Beraten von Patienten hinsichtlich der Versorgung mit Hörsystemen, Hörassistenzsystemen und Sonderversorgungen unter Einbeziehung individueller Hörerwartungen sowie bezüglich Hörtraining, Hörtaktiken, Tinnitus, Implantaten, Pädakustik, individuellem Gehörschutz und Zubehör, Erstellen dreidimensionaler Abbilder des äußeren Ohrs unter Berücksichtigung psychologischer, anatomischer, pathologischer, akustischer, hörsystemtechnischer sowie kosmetischer Gegebenheiten, Herstellen von Otoplastiken, individuellem Gehörschutz und Sonderotoplastiken unter Berücksichtigung anatomischer, pathologischer, akustischer, hörsystemtechnischer sowie kosmetischer Gegebenheiten, Auswählen von Hörsystemen, Hörassistenzsystemen, Sonderversorgungen und Zubehör, Voreinstellen und Anpassen von Hörsystemen, Hörassistenzsystemen und Sonderversorgungen entsprechend des individuellen Hörprofils, Feinanpassen entsprechend dem individuellen Hörprofil, unter Durchführung und Beurteilung der vergleichenden Anpassung und Anleiten der Patienten zur Nutzung, Betreuen von Patienten und Durchführen von Rehabilitationsmaßnahmen, insbesondere durch fortlaufende audiologische Nachsorge sowie Einsatz von Hörassistenzsystemen und Kommunikationstraining, Durchführen von Service- und Instandhaltungsmaßnahmen an Hörsystemen, Hörassistenzsystemen, Sonderversorgungen und Zubehör, Organisieren und Ausführen von Geschäfts- und Abrechnungsprozessen.

Berufliche Tätigkeitsfelder: Hörakustiker und Hörakustikerinnen arbeiten vorwiegend in Handwerksbetrieben im engen Kontakt mit Patienten und Kunden.",-111.40729441667783,54.625656750344405
150,Kosmetiker/Kosmetikerin,"Nichtmedizinische Gesundheits-, Körperpflege- und Wellnessberufe, Medizintechnik",Gesundheit & Medizin,3.0,https://www.bibb.de/dienst/berufesuche/de/index_berufesuche.php/profile/apprenticeship/05968758,Einrichtungen,"Profil der beruflichen Handlungsfähigkeit: Beraten und Betreuen der Kunden beim Verkauf von kosmetischen Waren und Artikeln sowie beim Angebot und bei der Nachsorge kosmetischer Dienstleistungen unter Berücksichtigung des betrieblichen Angebotes und der Kundentypologie, Beurteilen und Reinigen, Pflegen und Schützen von Haut und Nägeln unter Einsatz berufsüblicher Hilfsmittel, Apparate und Instrumente sowie unterstützender Anwendungen unter besonderer Berücksichtigung von Hygiene und Gesundheitsschutz, Planen und Gestalten von dekorativen kosmetischen Maßnahmen am ganzen Körper unter Berücksichtigung des Kundentyps und aktueller Trends, Durchführen von Ernährungsberatung im Zusammenhang mit kosmetischen Anwendungen und unterbreiten von individuellen Vorschlägen zur Gesundheitsförderung, Kenntnisse der allgemeinen Grundlagen der Kosmetik, Durchführen von speziellen ergänzenden kosmetische Anwendungen, zum Beispiel permanenten kosmetischen Maßnahmen, insbesondere der permanenten Haarentfernung und der Applikation des permanenten Makeup, Planen und Durchführen von unterstützenden hydrotherapeutischen Anwendungen zur kosmetischen Behandlung, Durchführen von Maßnahmen der speziellen Fußpflege im kosmetischen Anwendungsbereich, Modellieren von Finger- und Fußnägeln und Beherrschen von visagistischen Techniken, Planen und Anwenden von kosmetischen Massagen, einschließlich der manuellen Lymphdrainage im kosmetischen Bereich.

Berufliche Tätigkeitsfelder: Kosmetiker und Kosmetikerinnen arbeiten vorwiegend als Angestellte oder als Selbständige in Kosmetikinstituten, aber auch in Parfümerien, bei Friseuren sowie in Einrichtungen des Gesundheitswesens wie zum Beispiel Kur- und Rehabilitationskliniken, spezialisierten Krankenhäusern oder sog. Wellness-Einrichtungen.",-27.75596656230624,-11.55574437120096
151,Maskenbildner/Maskenbildnerin,"Nichtmedizinische Gesundheits-, Körperpflege- und Wellnessberufe, Medizintechnik",Gesundheit & Medizin,3.0,https://www.bibb.de/dienst/berufesuche/de/index_berufesuche.php/profile/apprenticeship/67853422,,Maskenbildner/Maskenbildnerin,-292.099753101689,221.42291677482052
152,Zahntechniker/Zahntechnikerin,"Nichtmedizinische Gesundheits-, Körperpflege- und Wellnessberufe, Medizintechnik",Gesundheit & Medizin,3.5,https://www.bibb.de/dienst/berufesuche/de/index_berufesuche.php/profile/apprenticeship/zahnt22,Halte|und Stützelementen für Zahnersatz Ver,"Profil der beruflichen Handlungsfähigkeit: Herstellen und Instandsetzen von Prothesen, Kronen und Brücken in handwerklicher Einzelfertigung, analog und digital, Herstellen und Instandsetzen von therapeutischen und kieferorthopädischen Geräten, Herstellen von Verbindungs-, Halte- und Stützelementen für Zahnersatz, Ver- und Bearbeiten von unterschiedlichen Werkstoffen, die in der Zahnprothetik verwendet werden, Durchführen individueller Farbnahmen von Zähnen, auch am Patienten, farbgerechtes Verarbeiten von zahnfarbenen Werkstoffen, Beraten über Werkstoffe sowie technische und ästhetische Möglichkeiten, Vermessen, Analysieren und Weiterverarbeiten der Kiefermodelle, analog und digital, Durchführen vorbereitender Maßnahmen zur navigierten Implantation, Nachgestalten von Zähnen und zu ersetzenden Gewebeteilen, Fügen von Werkstoffen, die in der Zahnprothetik verwendet werden, Durchführen qualitätssichernder Maßnahmen und Dokumentation nach gesetzlichen Vorgaben.

Berufliche Tätigkeitsfelder: Zahntechniker und Zahntechnikerinnen arbeiten vor allem in gewerblichen Dentallabors. Beschäftigung finden sie auch in zahnärztlichen Praxislaboratorien, Zahnkliniken oder Betrieben der Dentalindustrie.",-85.68220133727503,53.66230918708574
153,Buchbinder/Buchbinderin,"Papier- und Druckberufe, technische Mediengestaltung","Gestaltung, Medien & Kunst",3.0,https://www.bibb.de/dienst/berufesuche/de/index_berufesuche.php/profile/apprenticeship/240910,,"Profil der beruflichen Handlungsfähigkeit: Manuelles und maschinelles Herstellen verschiedenartiger buchbinderischer Erzeugnisse wie Bücher, Akzidenzen, Broschuren, Behältnisse unter Beachtung ökonomischer und ökologischer Aspekte, Rahmen von Bildern und Objekten sowie Kaschieren von Produkten, Gestalten buchbinderischer Erzeugnisse,, Herstellen von Kunden- und Fertigungsmustern, Ausstatten von Produkten mit Sonderausführungen, Instandsetzen von Büchern,, Führen von Beratungsgesprächen und Ermitteln von Kundenwünschen, Kundenorientiertes Arbeiten selbstständig und im Team,, Auswählen produktspezifischer Materialien und Fertigungswege, Analysieren, Planen und Dokumentieren von Arbeitsaufgaben und Fertigungswegen,, Kommunizieren mit vor- und nachgelagerten Bereichen zur Optimierung der Fertigungswege, Einrichten und Bedienen von Werkzeugen, Geräten und Maschinen, Kontrollieren und Optimieren von Arbeitsabläufen, Durchführen von Mess- und Prüftätigkeiten im Rahmen der Qualitätssicherung, Warten und Pflegen von Werkzeugen, Geräten und Maschinen.

Berufliche Tätigkeitsfelder: Buchbinder und Buchbinderinnen arbeiten in handwerklichen Betrieben der Einzel- und Sonderfertigung sowie der maschinellen Fertigung.",55.547113716812426,-84.61552385406482
154,Gestalter für immersive Medien/ Gestalterin für immersive Medien,"Papier- und Druckberufe, technische Mediengestaltung","Gestaltung, Medien & Kunst",3.0,https://www.bibb.de/dienst/berufesuche/de/index_berufesuche.php/profile/apprenticeship/gestim23,VR|und XR|und TV|Produktionsbetrieben und im Rundfunk Marketing|und Kommunikationsagenturen Innovations,"Profil der beruflichen Handlungsfähigkeit: Gestalten von virtuellen Welten mit immersiven Technologien, Konzipieren und Entwickeln von immersiven Medien mit Autorenwerkzeugen und in Entwicklungsumgebungen, Gestalten von User Experience und User Interfaces, Publizieren und Distribuieren von immersiven Medienprojekten, Erstellen von Prototypen, 3D-Modellen, Animationen, virtuellen Umgebungen und immersiven Klangwelten, Durchführen von Bild- und Tonaufnahmen in realen und virtuellen Produktionen, Arbeiten in interdisziplinären, multikulturellen und dezentralen Teams, Beraten von Kundinnen und Kunden, Präsentieren und Demonstrieren von Anwendungsszenarien, Planen des Produktionsaufwandes und von Ressourcen, insbesondere unter ökonomischen, ökologischen und sozialen Gesichtspunkten, Einhalten von rechtlichen und ethischen Grundlagen bei der Erstellung immersiver Medien, Abschließen, Validieren, Dokumentieren und Archivieren von Projekten.

Berufliche Tätigkeitsfelder: Gestalter für immersive Medien/Gestalterinnen für immersive Medien arbeiten in AR-, VR-, und XR-Unternehmen, bei Medienunternehmen mit digitalen Schwerpunkten, Film- und TV-Produktionsbetrieben und im Rundfunk, Marketing- und Kommunikationsagenturen, Innovations- und Marketingabteilungen von Unternehmen sowie IT- und Entwicklungsabteilungen in Produktionsbetrieben.",-44.339627520309115,24.694071129375924
155,Medientechnologe Druck/ Medientechnologin Druck,"Papier- und Druckberufe, technische Mediengestaltung","Gestaltung, Medien & Kunst",3.0,https://www.bibb.de/dienst/berufesuche/de/index_berufesuche.php/profile/apprenticeship/653487f,,"Profil der beruflichen Handlungsfähigkeit: Herstellen verschiedenartiger Druckprodukte, Selbstständiges Einrichten und Bedienen von Produktionsanlagen zur Herstellung von Druckprodukten, Kontrollieren und Optimieren des Produktionsprozesses entsprechend den Qualitätsstandards und den Vorgaben unter Beachtung ökonomischer und ökologischer Aspekte, Durchführen von Mess- und Prüftätigkeiten im Rahmen der Qualitätssicherung, Übernehmen, Transferieren und Konvertieren von Daten unter Verwendung spezifischer Hard- und Software, Erstellen von Druckformen oder Druckdateien für die Herstellung unterschiedlicher Druckprodukte, Berücksichtigen material- und produktspezifischer Druckweiterverarbeitungstechniken, Warten und Pflegen von Produktionsanlagen, Analysieren, Planen und Dokumentieren konkreter Arbeitsaufgaben und Produktionsabläufe, selbstständig und im Team, Kommunizieren mit vor- und nachgelagerten Bereichen zur Optimierung des Produktionsprozesses.

Berufliche Tätigkeitsfelder: Medientechnologen Druck und Medientechnologinnen Druck arbeiten in handwerklichen oder industriellen Unternehmen der Druck- und Medienwirtschaft, insbesondere in den Bereichen Digitaldruck, Bogenoffsetdruck, Rollenoffsetdruck, Zeitungsdruck, Verpackungsdruck, Formulardruck, Etikettendruck, Tapetendruck, Flexodruck, Illustrationstiefdruck, Dekortiefdruck und künstlerischer Druck.",-94.94969946302045,4.270941403291869
156,Medientechnologe Druckverarbeitung/ Medientechnologin Druckverarbeitung,"Papier- und Druckberufe, technische Mediengestaltung","Gestaltung, Medien & Kunst",3.0,https://www.bibb.de/dienst/berufesuche/de/index_berufesuche.php/profile/apprenticeship/6534553,Akzidenz|und Buchproduktion,"Profil der beruflichen Handlungsfähigkeit: Industrielles Finishing von Druckprodukten, insbesondere von Büchern, Akzidenzen, Broschuren, Zeitungen und Zeitschriften, Rüsten und Konfigurieren von Aggregaten, Maschinen und Anlagen, Steuern und Überwachen von Verarbeitungsanlagen, Kontrollieren und Optimieren von Produktionsprozessen,, Durchführen von Mess- und Prüftätigkeiten im Rahmen der Qualitätssicherung, Herstellen von Kunden- und Fertigungsmustern, Auswählen von Produktionsprozessen und produktspezifischen Materialien, Analysieren, Planen und Dokumentieren von Arbeitsaufgaben und Produktionsprozessen,, Kommunizieren mit vor- und nachgelagerten Bereichen zur Optimierung des Produktionsprozesses, Kundenorientiertes und termingerechtes Arbeiten selbstständig und im Team unter Beachtung ökonomischer und ökologischer Aspekte,, Aggregatbezogenes Unterweisen von Personal, Instandhalten von Aggregaten, Maschinen und Anlagen.

Berufliche Tätigkeitsfelder: Medientechnologen Druckverarbeitung und Medientechnologinnen Druckverarbeitung arbeiten in industriellen Betrieben der Zeitungs-, Akzidenz- und Buchproduktion.",-13.93002361801608,-40.82045804463085
157,Medientechnologe Siebdruck/ Medientechnologin Siebdruck,"Papier- und Druckberufe, technische Mediengestaltung","Gestaltung, Medien & Kunst",3.0,https://www.bibb.de/dienst/berufesuche/de/index_berufesuche.php/profile/apprenticeship/gfdd556,,"Profil der beruflichen Handlungsfähigkeit: Fertigen von Siebdruckprodukten auf unterschiedlichen Bedruckstoffen,, Analysieren, Planen und Dokumentieren von konkreten Arbeitsaufgaben und Produktionsabläufen, selbstständig und im Team, Selbstständiges Aufbereiten von Vorlagen in der Siebdruckvorstufe, Übernehmen, Transferieren und Konvertieren von Daten unter Verwendung von spezifischer Hard- und Software, Erstellen von Siebdruckformen für unterschiedliche Anwendungen, Auswählen von produktspezifischen Materialien, Farben und Fertigungswegen, Einrichten und Bedienen von Produktionsanlagen zur Herstellung von Siebdruckprodukten,, Kontrollieren und Optimieren des Produktionsprozesses entsprechend den Qualitätsstandards und den Vorgaben, Durchführen von Mess- und Prüftätigkeiten im Rahmen der Qualitätssicherung, Anwenden von material- und produktspezifischen Druckweiterverarbeitungstechniken, Warten und Pflegen von Produktionsanlagen, kundenorientiertes Arbeiten und Beachten von ökonomischen und ökologischen Aspekten, Kommunizieren mit vor- und nachgelagerten Bereichen zur Optimierung des Produktionsprozesses.

Berufliche Tätigkeitsfelder: Medientechnologen Siebdruck und Medientechnologinnen Siebdruck arbeiten in handwerklichen oder industriellen Unternehmen der Druckbranche, insbesondere in den Bereichen Bogensiebdruck, Rollensiebdruck, Körpersiebdruck, technischer Siebdruck, Textilsiebdruck, keramischer Siebdruck, Glassiebdruck, großformatiger Digitaldruck und Tampondruck.",-18.227869821785482,-40.99003455900722
158,Packmitteltechnologe/ Packmitteltechnologin,"Papier- und Druckberufe, technische Mediengestaltung","Gestaltung, Medien & Kunst",3.0,https://www.bibb.de/dienst/berufesuche/de/index_berufesuche.php/profile/apprenticeship/4714784,,Packmitteltechnologe/ Packmitteltechnologin,-290.8173626726232,197.21530128828542
159,Papiertechnologe/Papiertechnologin,"Papier- und Druckberufe, technische Mediengestaltung","Gestaltung, Medien & Kunst",3.0,https://www.bibb.de/dienst/berufesuche/de/index_berufesuche.php/profile/apprenticeship/46555,und Messeinrichtungen sowie Qualitäts|und nachgelagerten sowie Service,"Profil der beruflichen Handlungsfähigkeit: Produzieren von Papier, Karton und Pappe sowie Zellstoff, Planen von Produktionsabläufen (selbstständig und im Team) unter Beachtung des Verwendungszwecks und des Produktionsprozesses, Auswählen der produktspezifischen Materialien und Fertigungswege, Bedienen der Produktionsanlagen zur Herstellung von Papier, Karton und Pappe sowie Zellstoff, Kontrollieren und Optimieren des Fertigungsprozesses entsprechend den Qualitätsstandards und den Vorgaben, Durchführen von Mess- und Prüftätigkeiten im Rahmen der Qualitätssicherung, Nutzen von Steuerungen, Regel- und Messeinrichtungen sowie Qualitäts- und Prozessleitsystemen, Durchführen von Wartungen, Inspektionen und Instandsetzungen im laufenden Produktionsprozess und bei Stillstand, Übernehmen, Transferieren und Konvertieren von Daten und arbeitsplatzbezogenes Anwenden von Hard- und Software, Kundenorientiertes Arbeiten und Beachten von ökonomischen und ökologischen Aspekten, Kommunizieren mit vor- und nachgelagerten sowie Service-Bereichen zur Optimierung des Produktionsprozesses.

Berufliche Tätigkeitsfelder: Papiertechnologen/Papiertechnologinnen arbeiten in Betrieben der Papier- und Zellstoffindustrie, insbesondere in der Herstellung von Papier, Karton, Pappe und Zellstoff sowie in papierverarbeitenden Betrieben und in der Zulieferindustrie.",-42.16515503989666,-39.606978915922475
160,Bogenmacher/Bogenmacherin,"Produktdesign und kunsthandwerkliche Berufe, bildende Kunst, Musikinstrumentenbau","Ingenieurwesen, Produktion & Handwerk",3.0,https://www.bibb.de/dienst/berufesuche/de/index_berufesuche.php/profile/apprenticeship/hfgddf,und Streichinstrumentenbaus tätig,"Profil der beruflichen Handlungsfähigkeit: Herstellen von spielfertigen Bögen für Streichinstrumente, Herstellen aller Einzelteile von Bögen, wie Bogenstangen, Bogenfröschen und Bogenbeinchen sowie Zusammenfügen zu Bögen, Unterscheiden von Bauweisen und Modellen von Bögen, Planen und Vorbereiten von Arbeitsabläufen, Auswählen von Bogenhölzern, Knochen- und Hornwerkstoffen sowie Perlmutt und Rosshaar unter Beachtung der Materialeigenschaften und Artenschutzbestimmungen, Manuelles und maschinelles Be- und Verarbeiten von Hölzern und anderen Naturstoffen sowie Kunststoffen und Metallen, insbesondere durch Sägen, Bohren Fräsen, Feilen und Schleifen, Lagern von Werk- und Hilfsstoffen, Herstellen von Oberflächen, insbesondere durch Beizen, Oelen, Lackieren und Polieren, Prüfen von Bögen auf Funktionsfähigkeit und Spielbarkeit, Reparieren von Bögen, Kundenorientiertes Handeln sowie Verkaufen von Bögen und Zubehör, Durchführen von qualitätssichernden Maßnahmen.

Berufliche Tätigkeitsfelder: Bogenmacher und Bogenmacherinnen sind in handwerklichen Werkstätten des Bogen- und Streichinstrumentenbaus tätig.",-3.9155562652738984,27.42771304345315
161,Drechsler (Elfenbeinschnitzer)/ Drechslerin (Elfenbeinschnitzerin),"Produktdesign und kunsthandwerkliche Berufe, bildende Kunst, Musikinstrumentenbau","Ingenieurwesen, Produktion & Handwerk",3.0,https://www.bibb.de/dienst/berufesuche/de/index_berufesuche.php/profile/apprenticeship/1821101,,Drechsler (Elfenbeinschnitzer)/ Drechslerin (Elfenbeinschnitzerin),-336.1065149962176,285.1864409480588
162,Edelsteinfasser/Edelsteinfasserin,"Produktdesign und kunsthandwerkliche Berufe, bildende Kunst, Musikinstrumentenbau","Ingenieurwesen, Produktion & Handwerk",3.5,https://www.bibb.de/dienst/berufesuche/de/index_berufesuche.php/profile/apprenticeship/edelsf25,Fassen von Edelsteinen in Zargen,"Profil der beruflichen Handlungsfähigkeit: Fassen von Edelsteinen in Zargen- und Chatonfassungen, in Verschnittfassungen und in kombinierten Fassungen, Zuordnen und Handhaben von Edelsteinen, organischen Stoffen und anderen Besatzmaterialien, Anfertigen von Kleinwerkzeugen, Anwenden von Fertigungstechniken, Herstellen von Fassungen, Gestalten und Behandeln von Oberflächen, Nachbereiten von Schmuck, Anfertigen und Anwenden von Skizzen, Fertigungs- und Entwurfszeichnungen, computergestütztes Konstruieren und Fertigen von Modellen und Rohlingen, Beraten von Kundinnen und Kunden und Anbieten von Leistungen, Einsetzen, Warten und Pflegen von Werkzeugen, Maschinen und Anlagen, Planen und Dokumentieren von Arbeiten, Festlegen von Arbeitsschritten, Kontrollieren der Arbeitsergebnisse und Optimieren von Arbeitsabläufen, Beurteilen von Qualität und Durchführen von qualitätssichernden Maßnahmen, Ergreifen von Maßnahmen zur Sicherheit, zum Gesundheitsschutz sowie zum Umweltschutz und zur Nachhaltigkeit bei der Arbeit.

Berufliche Tätigkeitsfelder: Edelsteinfasser und Edelsteinfasserinnen arbeiten überwiegend in Betrieben der Schmuck herstellenden Industrie, in handwerklichen Gold- und Silberschmiedewerkstätten sowie in Juweliergeschäften.",151.2588995522179,-88.04165817718123
163,Geigenbauer/Geigenbauerin,"Produktdesign und kunsthandwerkliche Berufe, bildende Kunst, Musikinstrumentenbau","Ingenieurwesen, Produktion & Handwerk",3.0,https://www.bibb.de/dienst/berufesuche/de/index_berufesuche.php/profile/apprenticeship/gdfdgg,,"Profil der beruflichen Handlungsfähigkeit: Herstellen von spielfertigen Streichinstrumenten, Herstellen und Zusammenfügen von Einzelteilen, insbesondere von Korpussen und Hälsen, Unterscheiden von Bauweisen und Modellen von Streichinstrumenten., Planen und Vorbereiten von Arbeitsabläufen, Auswählen von Materialien unter Beachtung von akustischen, optischen und mechanischen Eigenschaften sowie Artenschutzbestimmungen, Lagern von Materialien, Manuelles und maschinelles Be- und Verarbeiten von Hölzern, insbesondere durch Sägen, Schneiden, Biegen, Hobeln und Feilen, Herstellen von Oberflächen, insbesondere durch Putzen, Beizen, Lackieren und Polieren, Prüfen von Instrumenten auf Funktionsfähigkeit, Klang und Spielbarkeit, Reparieren von Streichinstrumenten und Behaaren von Bögen, Kundenorientiertes Handeln sowie Verkaufen von Streichinstrumenten und Zubehör, Durchführen von qualitätssichernden Maßnahmen.

Berufliche Tätigkeitsfelder: Geigenbauer und Geigenbauerinnen sind in handwerklichen Werkstätten des Streichinstrumentenbaus sowie in Reparaturbetrieben tätig.",36.853811953682126,15.83177441211645
164,Gestalter für visuelles Marketing/ Gestalterin für visuelles Marketing,"Produktdesign und kunsthandwerkliche Berufe, bildende Kunst, Musikinstrumentenbau","Ingenieurwesen, Produktion & Handwerk",3.0,https://www.bibb.de/dienst/berufesuche/de/index_berufesuche.php/profile/apprenticeship/87uz879i,Präsentations|und Ausstellungsräumen Kooperieren mit Verkaufs|Layout,"Profil der beruflichen Handlungsfähigkeit: Entwickeln und Realisieren von visuellen Gestaltungskonzepten, die die Unternehmensphilosophie kommunizieren und die Absatzförderung unterstützen, Präsentieren von Waren, Produkten und Dienstleistungen und Nutzen von Kunden- und Verkaufstrends für die visuellen Gestaltungskonzepte, Gestalten von Verkaufs-, Präsentations- und Ausstellungsräumen, Kooperieren mit Verkaufs- und Ausstellungspersonal sowie anderen gestalterischen und werbenden Berufsgruppen, verkaufsförderndes Einsetzen der Wirkungen von Licht, Formen, Farben und anderen Gestaltungselementen, Planen und Organisieren von Events, Kundenforen und Promotion-Aktionen, Beschaffen und Einsetzen von Werkstoffen und Präsentationsmitteln unter wirtschaftlichen und ökologischen Aspekten, Anwenden von Grafik-, Layout- und Bildbearbeitungsprogrammen, Durchführen von Kalkulationen sowie Erfolgskontrollen.

Berufliche Tätigkeitsfelder: Gestalter und Gestalterinnen für visuelles Marketing arbeiten im Handel, auf Messen, Ausstellungen und in der Industrie.",-46.84119084195202,40.348768896727265
165,Glas- und Porzellanmaler/ Glas- und Porzellanmalerin,"Produktdesign und kunsthandwerkliche Berufe, bildende Kunst, Musikinstrumentenbau","Ingenieurwesen, Produktion & Handwerk",3.0,https://www.bibb.de/dienst/berufesuche/de/index_berufesuche.php/profile/apprenticeship/5140101,,Glas- und Porzellanmaler/ Glas- und Porzellanmalerin,-321.19542126098446,263.5083072920126
166,Graveur/Graveurin,"Produktdesign und kunsthandwerkliche Berufe, bildende Kunst, Musikinstrumentenbau","Ingenieurwesen, Produktion & Handwerk",3.0,https://www.bibb.de/dienst/berufesuche/de/index_berufesuche.php/profile/apprenticeship/200715,Graveure und Graveurinnen arbeiten in metall|und kunststoffverarbeitenden Handwerks|und Industriebetrieben|Laser|und Kommunikationstechniken anwenden,"Profil der beruflichen Handlungsfähigkeit: Schriften, Linien, Flächen, Figuren und Ornamenten gravieren, Flachstiche anfertigen, Oberflächen gestalten und veredeln, Beschilderungen herstellen, Modelle und Formen anfertigen, Stempel, Form- und Prägewerkzeuge anfertigen, Gravierwerkzeuge herstellen und instand halten, Werkstücke durch manuelle und maschinelle Fertigungsverfahren für die Gravur-, Laser- und Drucktechnik vorbereiten, Betriebsmittel und technische Systeme instand halten, mit Gefahrstoffen und sonstigen Werkstoffen umgehen, Arbeiten planen und dokumentieren, Arbeitsschritte festlegen sowie Arbeitsergebnisse kontrollieren und bewerten, Arbeiten selbstständig und im Team unter Beachtung der Arbeitssicherheit, des Gesundheitsschutzes und des Umweltschutzes durchführen, betriebliche Abläufe unter den Aspekten Betriebswirtschaft, Qualitätssicherung und Kundenorientierung gestalten, Werkzeugen, Maschinen und Anlagen einsetzen, Informations- und Kommunikationstechniken anwenden.

Berufliche Tätigkeitsfelder: Graveure und Graveurinnen arbeiten in metall- und kunststoffverarbeitenden Handwerks- und Industriebetrieben.",-107.27921835771254,75.15596509625325
167,Handzuginstrumentenmacher/ Handzuginstrumentenmacherin,"Produktdesign und kunsthandwerkliche Berufe, bildende Kunst, Musikinstrumentenbau","Ingenieurwesen, Produktion & Handwerk",3.0,https://www.bibb.de/dienst/berufesuche/de/index_berufesuche.php/profile/apprenticeship/3058101,,"Profil der beruflichen Handlungsfähigkeit: Herstellen und Reparieren von Handzuginstrumenten,vor allem Akkordeons, Handharmonikas, Bandoneons sowie angeblasenen Instrumenten wie Mundharmonikas und Melodikas, Manuelles und maschinelles Bearbeiten von Metallen, Hölzern, Holzwerkstoffen und anderen Werkstoffen zur Herstellung von Instrumententeilen, Fügen von Bauteilen insbesondere mit Schrauben und Muttern sowie durch Weich- und Hartlöten, Leimen, Kleben und Holzverbindungen, Montieren von Bauteilen eines Handzuginstruments wie Baßmechanik, Schaltgruppen, Klaviatur, Stimmplatten, Stimmstock, Diskantteil, Balg, Baßmechanik, Behandeln von Oberflächen, Montieren und Stimmen der Instrumente sowie Durchführen der musikalischen, technischen und optischen Endkontrollen, Bestimmen von Instrumenten und Unterscheiden der verschiedenen Systeme der Tastatur und Bauweise sowie ihre Klangkonzeption, Marktbeobachtung und Kundenberatung.

Berufliche Tätigkeitsfelder: Ihren Arbeitsplatz finden Handzuginstrumentenmacher/innen überwiegend in Klein- und Mittelbetrieben der Herstellung und Reparatur von handgezogenen Musikinstrumenten.",-67.22862968139309,24.69341368724334
168,Holzbildhauer/Holzbildhauerin,"Produktdesign und kunsthandwerkliche Berufe, bildende Kunst, Musikinstrumentenbau","Ingenieurwesen, Produktion & Handwerk",3.0,https://www.bibb.de/dienst/berufesuche/de/index_berufesuche.php/profile/apprenticeship/1822101,und Schnitzarbeiten Ausführen von Bildhauer|Stein|Kunststoff,"Profil der beruflichen Handlungsfähigkeit: Entwerfen, Gestalten und Zeichnen von Arbeiten nach gestalterischen und funktionalen Gesichtspunkten nach Vorgaben und eigenen Ideen, Erörtern des Arbeitsauftrags mit dem Kunden, Durchführen der Arbeit nach wirtschaftlichen und ökologischen Belangen und Bewerten das Arbeitsergebnisses auf der Grundlage der Qualitätssicherung, selbständiges Durchführen der Arbeiten unter Beachtung der Sicherheit und des Gesundheitsschutzes am Arbeitsplatz, Anfertigen von Skizzen und Werkzeichnungen sowie Anwenden von technischen Unterlagen, Entwerfen, Gestalten und Vorbereiten von Bildhauer- und Schnitzarbeiten, Ausführen von Bildhauer- und Schnitzarbeiten in verschiedenen Materialien, Herstellen von Modellen und Formen in verschiedenen Materialien, Anfertigen von Schablonen und Lehren, Anwenden von unterschiedlichen Abformverfahren und Materialien, Lagern, Auswählen und Vorbereiten des Materials nach gestalterischen, wirtschaftlichen und ökologischen Gesichtspunkten, Be- und Verarbeiten von Holz, Steinen, Metallen und Kunststoffen, Auswählen, Handhaben und Instandhalten von Meßzeugen, Handwerkzeugen und Hilfsmitteln für die Holz-, Stein-, Kunststoff- und Metallbearbeitung, Durchführen von Grundfertigkeiten der Metallbearbeitung, Einrichten, Bedienen und Warten von Maschinen und Maschinenwerkzeugen, Übertragen von Maßen nach Modell oder Zeichnung, formgebendes Verarbeiten von Hölzern, Kunststoffen und Steinen, Zusammenbauen von Werkstücken, Vorbereiten und Behandeln von Oberflächen aus Holz, Stein, Kunststoff und Metall in verschiedenen, material- und anforderungsbedingten Techniken, Vermessen und Herstellen von Fundamenten, Versetzen, Verankern und Montieren von Werkstücken, Auf- und Abbauen von Arbeitsgerüsten, Bedienen von Hebe- und Transporteinrichtungen, Restaurieren von Bildhauer- und Schnitzarbeiten unter Berücksichtigung der entsprechenden Stilrichtungen, Ausbessern von Teilen, Ergänzen und Wiederherstellen von Oberflächen.

Berufliche Tätigkeitsfelder: In der Regel arbeiten Holzbildhauer/innen in Ateliers oder Werkstätten von Betrieben des Holzbildhauerhandwerks.",153.06312877432558,-100.4182997863869
169,Holzblasinstrumentenmacher/ Holzblasinstrumentenmacherin,"Produktdesign und kunsthandwerkliche Berufe, bildende Kunst, Musikinstrumentenbau","Ingenieurwesen, Produktion & Handwerk",3.0,https://www.bibb.de/dienst/berufesuche/de/index_berufesuche.php/profile/apprenticeship/3056101,,"Profil der beruflichen Handlungsfähigkeit: Herstellen und Reparieren von Blasinstrumenten aus Holz oder Metall, deren Klang durch Teilung der eingeblasenen Luftsäule entsteht, vor allem Block- und Querflöten, Oboen, Saxofone, Klarinetten, Fagotte, Durchführen von manueller und maschineller Bearbeitung von Hölzern, Metallen, Kunststoffen und anderen Werkstoffen zur Herstellung von Instrumententeilen, Fügen von Teilen insbesondere durch Löten, Schrauben, Stiften und Nieten, Montieren von Teilen eines Instruments wie Korpus und Klappenmechanik, Behandeln der Oberflächen, Spielfertigmachen und Stimmen von Instrumenten sowie Durchführen der funktionellen und optischen Endkontrolle, Bestimmen von Instrumenten, Marktbeobachtung und Kundenberatung.

Berufliche Tätigkeitsfelder: Überwiegend arbeiten Holzblasinstrumentenmacher/innen in handwerklichen oder industriellen Betrieben der Herstellung und Reparatur von Holzblasinstrumenten wie Flöten oder Fagotten.",-77.73425425004942,52.635658108901886
170,Holzspielzeugmacher/Holzspielzeugmacherin,"Produktdesign und kunsthandwerkliche Berufe, bildende Kunst, Musikinstrumentenbau","Ingenieurwesen, Produktion & Handwerk",3.0,https://www.bibb.de/dienst/berufesuche/de/index_berufesuche.php/profile/apprenticeship/1834101,Holzspielzeugmacher/innen arbeiten in Handwerks,"Profil der beruflichen Handlungsfähigkeit: Selbständiges Arbeiten unter Beachtung der Qualitätssicherung sowie der Arbeitssicherheit, des Gesundheits- und Umweltschutzes am Arbeitsplatz in handwerklicher Präzisionsarbeit, Entwerfen und Gestalten von Erzeugnissen, Anfertigen, Lesen und Auswerten von Skizzen und Zeichnungen, Auswählen und Lagern von Holz und Ergänzungswerkstoffen, Auswählen, Handhaben und Instandhalten von Handwerkzeugen, Mess- und Prüfgeräten, Einrichten, Bedienen und Instandhalten von Holzbearbeitungsmaschinen und Maschinenwerkzeugen, Ausführen von Dreharbeiten in Lang- und Querholz, Schnitzen von halbplastischen Figuren, Stechen und Ziehen von dekorativen Spänen und Spanlocken, Verbinden und Zusammenbauen von Einzelteilen, Vorbereiten und Beschichten von Oberflächen, dekoratives Bemalen und Schmücken von Erzeugnissen.

Berufliche Tätigkeitsfelder: Holzspielzeugmacher/innen arbeiten in Handwerks- und Kunsthandwerksbetrieben im Bereich Holzgestaltung, aber auch in Betrieben der Spielzeugindustrie, vereinzelt auch in Restaurierungsbetrieben.",44.97491233535119,12.593797506700458
171,Industriekeramiker Dekorationstechnik/ Industriekeramikerin Dekorationstechnik,"Produktdesign und kunsthandwerkliche Berufe, bildende Kunst, Musikinstrumentenbau","Ingenieurwesen, Produktion & Handwerk",3.0,https://www.bibb.de/dienst/berufesuche/de/index_berufesuche.php/profile/apprenticeship/65zt7dek,und Zierkeramik in Werk|und Produktionsstätten der Keramik|und Porzellanindustrie durch|und Kommunikationsmitteln Be|In,"Profil der beruflichen Handlungsfähigkeit: Kundenorientiertes und kostenbewusstes Arbeiten, selbständiges und teamorientiertes Planen und Organisieren der Arbeit unter Anwendnung von Informations- und Kommunikationsmitteln, Be-, Verarbeiten und Prüfen von keramischen Werkstoffen, Gips und Kunststoffen auf der Grundlage technischer Unterlagen und Fertigungsvorschriften, Warten und Pflegen der Betriebsmittel sowie der Mess- und Prüfmittel, Entwerfen von Dekoren und Schriften, Aufbereiten von Farben und Edelmetallpräparaten für verschiedene Veredlungstechniken, Malen von Schriften mit Farben und Edelmetallpräparaten, Bemalen von keramischen Erzeugnissen, insbesondere durch Rändern, Linieren, Bändern und Staffieren, Anfertigen von Dekorationen in Auf-, In- oder Unterglasur, Veredeln keramischer Produkte durch Kombination verschiedener Dekortechniken, Spritzen von Farben in verschiedenen Schichtstärken, Aufbringen von Buntdruckdekorationen, Berücksichtigen der Brennbedingungen für den Dekorbrand, Durchführen qualitätserhöhender und qualitätssichernder Maßnahmen im Arbeitsbereich, Beurteilen und Dokumentieren der Arbeitsergebnisse, Erkennen von Fertigungsfehlern, Warten und Pflegen der Betriebsmittel, Beachten der Vorschriften des Umweltschutzes, der Arbeitssicherheit, des Gesundheitsschutzes und der Qualitätssicherung.

Berufliche Tätigkeitsfelder: Industriekeramiker / Industriekeramikerinnen Dekorationstechnik führen ihre Tätigkeiten zur Veredlung von Porzellan, Gebrauchs- und Zierkeramik, in Werk- und Produktionsstätten der Keramik- und Porzellanindustrie durch.",8.576084382860142,-77.66557564143314
172,Keramiker/Keramikerin,"Produktdesign und kunsthandwerkliche Berufe, bildende Kunst, Musikinstrumentenbau","Ingenieurwesen, Produktion & Handwerk",3.0,https://www.bibb.de/dienst/berufesuche/de/index_berufesuche.php/profile/apprenticeship/291008,Dekorations|oder Baukeramik in Serien oder Einzelstücken|tions,"Profil der beruflichen Handlungsfähigkeit: handwerkliches Herstellen von keramischen Produkten, Handhaben und Warten von Werkzeugen, Maschinen und Einrichtungen, Auswählen keramischer Rohstoffe und vorbereiten keramischer Massen, Farben und Glasuren, Form- und Oberflächengestaltung keramischer Erzeugnisse, Trocknen und Brennen keramischer Rohlinge, Formen, Aufbauen und Modellieren von Baukeramiken, Freidrehen keramischer Gefäße auf der Töpferscheibe, Entwerfen und Umsetzen von Dekoren auf keramischen Erzeugnissen, Mitwirken bei Planung und Durchführen von verkaufsfördernden Maßnahmen in Vertrieb und Marketing, Führen von Gesprächen mit internen und externen Kunden unter Berücksichtigung kultureller Besonderheiten und verkaufsfördernder Maßnahmen, selbstständiges und teamorientiertes Planen und Organisieren der Arbeit unter Verwendung von Informa-tions- und Kommunikationsmitteln, Beachten der Vorschriften des Umweltschutzes, der Arbeitssicherheit, des Gesundheitsschutzes und der Qualitätssicherung.

Berufliche Tätigkeitsfelder: Keramiker und Keramikerinnen arbeiten in handwerklichen Betrieben zur Herstellung von Gebrauchs-, Dekorations- oder Baukeramik in Serien oder Einzelstücken.",-22.650036701050777,7.190921960249482
173,Manufakturporzellanmaler/ Manufakturporzellanmalerin,"Produktdesign und kunsthandwerkliche Berufe, bildende Kunst, Musikinstrumentenbau","Ingenieurwesen, Produktion & Handwerk",3.5,https://www.bibb.de/dienst/berufesuche/de/index_berufesuche.php/profile/apprenticeship/5142101,,Manufakturporzellanmaler/ Manufakturporzellanmalerin,-331.6241634915494,290.4672059835562
174,Metallblasinstrumentenmacher/ Metallblasinstrumentenmacherin,"Produktdesign und kunsthandwerkliche Berufe, bildende Kunst, Musikinstrumentenbau","Ingenieurwesen, Produktion & Handwerk",3.0,https://www.bibb.de/dienst/berufesuche/de/index_berufesuche.php/profile/apprenticeship/3053101,,"Profil der beruflichen Handlungsfähigkeit: Herstellen und Reparieren von Metallblasinstrumenten, vor allem Trompeten, Posaunen, Tuben und Hörner, Manuelles und maschinelles Bearbeiten von unterschiedlichen Werkstoffen, Behandeln von Oberflächen, Fügen von Bauteilen insbesondere durch Weich- und Hartlöten, Herstellen und Montieren von Schallstück, Ventil, Druckwerk, Bogen, Zug und Wasserklappe, Durchführen der Endmontage, Beeinflussen von Stimmung und Klangfarbe, Durchführen der musikalischen und optischen Endkontrolle, Sichern der Qualität, Abstimmen und Festlegen der Arbeitschritte und Sicherstellen des Arbeitsablaufs, Abschätzen und Bereitstellen des Materialbedarfs, Beschaffen von Informationen für Fertigung und Instandhaltung, Anfertigen, Lesen und Anwenden von Skizzen, Zeichnungen und Stücklisten, Einrichten des Arbeitsplatzes an Werkbank oder Werkzeugmaschine, Anwenden von Grundbegriffen der Normung, Lesen und Anwenden von Tabellen, Diagrammen, Handbüchern und Bedienungshinweisen, Marktbeobachtung und Kundenberatung.

Berufliche Tätigkeitsfelder: Überwiegend arbeiten Metallblasinstrumentenmacher/-innen in handwerklichen und industriellen Betrieben, die Hörner, Tuben, Posaunen oder Trompeten herstellen.",-3.3880045676159374,-20.305851338950067
175,Spielzeughersteller/Spielzeugherstellerin,"Produktdesign und kunsthandwerkliche Berufe, bildende Kunst, Musikinstrumentenbau","Ingenieurwesen, Produktion & Handwerk",3.0,https://www.bibb.de/dienst/berufesuche/de/index_berufesuche.php/profile/apprenticeship/3061101,und Hilfsstoffe Holz,"Profil der beruflichen Handlungsfähigkeit: Herstellen von figürlichem Spielzeug, textilem Spielzeug und Holzspielzeug, Auswählen und Bearbeiten textiler Werk- und Hilfsstoffe, Holz- und Holzwerkstoffe und Kunststoffe nach Verwendungszweck und Wirtschaftlichkeit, Erarbeiten von Unterlagen für den Fertigungsablauf sowie technische Daten über Arbeitsabläufe und Erfassen der Arbeitsergebnisse, Einrichten, Bedienen, Überwachen und Instandhalten von Werkzeugen, Maschinen und Anlagen, Anfertigen und Auswerten von Skizzen und Zeichnungen, Anfertigen von Zuschnittschablonen, Zuschnitten und Kunststoffteilen unter Beachtung rationeller Materialverwendung, Anwenden unterschiedlicher Verfahrenstechniken zur Oberflächenbehandlung, Zusammenfügen von Einzelteilen zu Baugruppen und Endprodukten, Montieren von Einzelteilen zu Baugruppen und Endprodukten, wie z B das Nähen von Puppenkleidern und Plüschhüllen und Verbinden von Körper- und Bauteilen, Dekorieren und Komplettieren der Produkte, wie z. B. Ankleiden, Frisieren und Gesichter farbig gestalten, Beurteilen der Qualität und Ergreifen von qualitätssichernden Maßnahmen, dekoratives Verpacken der Produkte, Selbständiges Ausführen der Arbeit anhand von technischen Unterlagen, Beachten der Grundsätze zum Umweltschutz, zur Sicherheit und zum Gesundheitsschutz bei der Arbeit.

Berufliche Tätigkeitsfelder: Spielzeughersteller und Spielzeugherstellerinnen arbeiten in Betrieben der Spielzeugindustrie. Je nach Produktionsbereich stellen sie figürliches Spielzeug, textiles Spielzeug und Holzspielzeug her z.B. Puppen, Plüschtiere, Puppenmöbel, Holzgreiflinge, Holzfahrzeuge und Zubehör für Modelleisenbahnen. Das Arbeitsgebiet umfasst darüber hinaus auch betriebsorganisatorische Tätigkeiten in der Arbeitsvorbereitung und in der Produktion.",52.33305951614772,-45.7004491286389
176,Vergolder/Vergolderin,"Produktdesign und kunsthandwerkliche Berufe, bildende Kunst, Musikinstrumentenbau","Ingenieurwesen, Produktion & Handwerk",3.0,https://www.bibb.de/dienst/berufesuche/de/index_berufesuche.php/profile/apprenticeship/5133101,und Restaurierungsarbeiten,"Profil der beruflichen Handlungsfähigkeit: Anfertigen von Skizzen und Zeichnungen nach Vorlagen oder eigenen Entwürfen, Bearbeiten von Untergründen, insbesondere Holz, Metall, Kunststoff, Glas, Stuck und Putze, Grundieren der Untergründe entsprechend der auszuführenden Vergoldetechniken, Ausführen von Verzierungen mit plastischen Ornamenten, Gestalten von Oberflächen in verschiedenen Techniken, Anfertigen von Rahmen, Ausführen von Einrahmungen, insbesondere unter gestalterischen und konservatorischen Kriterien, Vergolden, Versilbern und Metallisieren von Objekten im Innen- und Außenbereich, Gestalten von Objekten in verschiedenen Maltechniken, Ausführen von Imitationsmalereien, Ausführen von Erhaltungs- und Restaurierungsarbeiten.

Berufliche Tätigkeitsfelder: Ihren Arbeitsplatz haben Vergolder/innen in Vergolderwerkstätten und Restaurierungsbetrieben. Abhängig vom Auftrag sind sie in Werkstätten und direkt vor Ort, z.B. in Kirchen, Schlössern und Museen, tätig.",-20.91484945593495,112.25768696130989
177,Gebäudereiniger/Gebäudereinigerin,Reinigungsberufe,"Gastronomie, Tourismus & Dienstleistungen",3.0,https://www.bibb.de/dienst/berufesuche/de/index_berufesuche.php/profile/apprenticeship/78954,Durchführen von Unterhalts|und Wetterschutzanlagen Verkehrs|verfahren beachten insbesondere Umwelt|Arbeits|und Sozialstandards auch um zur Wert,"Profil der beruflichen Handlungsfähigkeit: Durchführen von Unterhalts- und Zwischenreinigungen, zum Beispiel an Glas, Böden, Holz und textilen Ausstattungsgegenständen, Durchführen von Hygienemaßnahmen, insbesondere im Sanitärbereich, Durchführen von Grund- und Bauschlussreinigungen, Durchführen von Außenreinigungen, insbesondere Fassadenreinigungen, Reinigungen von Licht- und Wetterschutzanlagen, Verkehrs- und Freiflächen, Verkehrsleiteinrichtungen sowie Außenanlagen, Durchführen von Industriereinigungen, Durchführen von Pflegearbeiten, Konservierungsarbeiten und Aufbereitungsarbeiten an unterschiedlichen Oberflächen, Durchführen von Hygienemaßnahmen, insbesondere im Gesundheits- und Pflegebereich (zum Beispiel Krankenhaus), Lebensmittelbereich und Sanitärbereich, Durchführen von Dekontaminationsmaßnahmen, Mitwirkung an Schädlingsmonitoringplänen, Schädlingsmonitoring und Nachsorgemaßnahmen durchführen, Vergrämungs- und Abwehrmaßnahmen durchführen, Ermitteln des Bedarfs an Oberflächenbehandlungsmitteln und Dosieren der Mittel für den Einsatz einzeln und in Kombination mit Desinfektionsmitteln, Feststellen und Dokumentieren von Oberflächenverschmutzungen und Oberflächenveränderungen, Beurteilen der Art und Beschaffenheit von Gebäuden, Bauteilen und Ausstattungsgegenständen hinsichtlich der durchzuführenden Arbeiten, Vorbereiten von kontaminierten Stoffen für die Entsorgung und Veranlassen der Entsorgung von Schmutzflotten und Gefahrstoffen, Selbstständiges Durchführen der Arbeiten auf der Grundlage von technischen Unterlagen und von Arbeitsaufträgen allein und in Kooperation mit anderen, Kommunikation mit Kundinnen und Kunden, Planen und Koordinieren der Arbeit, Einrichten von Arbeitsplätzen und Ergreifen von Maßnahmen zur Sicherheit und zum Gesundheitsschutz bei der Arbeit sowie zum Umweltschutz, Prüfen der Arbeiten auf fehlerfreie Ausführung, Dokumentieren der Arbeiten, Erstellen von Aufmaßen und Durchführen von qualitätssichernden Maßnahmen, Bedienen und Instandhalten von Geräten und Maschinen, Auf- und Abbauen von Fahrgerüsten und Bedienen von Fassadenbefahranlagen und Hubarbeitsbühnen, Grundsätze der Nachhaltigkeit bei der Auswahl von Reinigungsmitteln und -verfahren beachten, insbesondere Umwelt-, Arbeits- und Sozialstandards, auch um zur Wert- und Funktionserhaltung der gereinigten Oberflächen beizutragen.

Berufliche Tätigkeitsfelder: Beschäftigung finden Gebäudereiniger und Gebäudereinigerinnen vor allem in Gebäudereinigungsunternehmen oder bei öffentlichen bzw. gewerblichen Institutionen.",170.42098551023508,-228.3289231617053
178,Textilreiniger/Textilreinigerin,Reinigungsberufe,"Gastronomie, Tourismus & Dienstleistungen",3.0,https://www.bibb.de/dienst/berufesuche/de/index_berufesuche.php/profile/apprenticeship/56777778,,Textilreiniger/Textilreinigerin,-347.9115520957401,253.16742809620789
179,Betonfertigteilbauer/ Betonfertigteilbauerin,"Rohstoffgewinnung und -aufbereitung, Glas- und Keramikherstellung und -verarbeitung","Natur, Umwelt & Agrar",3.0,https://www.bibb.de/dienst/berufesuche/de/index_berufesuche.php/profile/apprenticeship/170813,,"Profil der beruflichen Handlungsfähigkeit: Herstellen von Betonfertigteilen und Betonwaren, Herstellen von Schalungen, Formen und Bewehrungen, Entwerfen, Herstellen und Prüfen von Betonmischungen, Gestalten und Bearbeiten von Oberflächen, Ausbessern und Instandsetzen von Betonfertigteilen, Transportieren, Lagern und Versetzen von Betonfertigteilen, Herstellen von Spannbetonfertigteilen, Verarbeiten von Betonen mit besonderen Eigenschaften und Sonderbetonen, Bedienen von Maschinen und technischen Einrichtungen, Ergreifen von Maßnahmen zur Sicherheit und zum Gesundheitsschutz, bei der Arbeit und zum Umweltschutz, Ergreifen von Maßnahmen zur Qualitätssicherung.

Berufliche Tätigkeitsfelder: Betonfertigteilbauer und Betonfertigteilbauerinnen arbeiten in Betonwerken und stellen in industriellen Prozessen Betonerzeugnisse her.",32.56985561515984,-61.39847375434697
180,Feinoptiker/Feinoptikerin,"Rohstoffgewinnung und -aufbereitung, Glas- und Keramikherstellung und -verarbeitung","Natur, Umwelt & Agrar",3.5,https://www.bibb.de/dienst/berufesuche/de/index_berufesuche.php/profile/apprenticeship/feinop23,Manuelles und maschinelles Herstellen von plan,"Profil der beruflichen Handlungsfähigkeit: Manuelles und maschinelles Herstellen von plan- und rundoptischen Bauteilen, Auswählen und Anwenden von Fügetechniken, Reinigen von optischen Bauteilen, Baugruppen und Systemen, Anwenden von Verfahren zur Oberflächenbeschichtung, Montieren und Justieren von Bauteilen und Baugruppen zu optischen Systemen, Messen und Prüfen von optischen Bauteilen, Baugruppen und Systemen, Manuelles und maschinelles Bearbeiten von Metallen und Kunststoffen, Anwenden des Qualitätsmanagements, Planen, Steuern und Optimieren von Arbeitsprozessen, Bereitstellen von Werkstoffen und Betriebsstoffen, Bedienen und Steuern von Produktionsanlagen, Instandhalten von Betriebsmitteln, Einsetzen von Informations- und Kommunikationstechnologien zur betrieblichen und technischen Kommunikation, Ergreifen von Maßnahmen zum Schutz von Gesundheit und Sicherheit bei der Arbeit, Ergreifen von Maßnahmen zur Wirtschaftlichkeit, zum Umweltschutz und zur Nachhaltigkeit.

Berufliche Tätigkeitsfelder: Feinoptiker und Feinoptikerinnen arbeiten in industriellen und handwerklichen Betrieben in der Herstellung plan- und rundoptischer Bauteile, zum Beispiel Prismen und Linsen, sowie der Herstellung optischer Baugruppen und Systeme. Die Produkte werden unter anderem in der Mess- und Vergrößerungstechnik sowie in der Halbleiterfertigung und Medizintechnik eingesetzt.",72.496103455567,-138.0883033845902
181,Figurenkeramformer/Figurenkeramformerin,"Rohstoffgewinnung und -aufbereitung, Glas- und Keramikherstellung und -verarbeitung","Natur, Umwelt & Agrar",3.0,https://www.bibb.de/dienst/berufesuche/de/index_berufesuche.php/profile/apprenticeship/1211101,,Figurenkeramformer/Figurenkeramformerin,-370.2949372865879,262.2628226267445
182,Flachglastechnologe/Flachglastechnologin,"Rohstoffgewinnung und -aufbereitung, Glas- und Keramikherstellung und -verarbeitung","Natur, Umwelt & Agrar",3.0,https://www.bibb.de/dienst/berufesuche/de/index_berufesuche.php/profile/apprenticeship/231016,und nachgelagerten Arbeitsbereichen,"Profil der beruflichen Handlungsfähigkeit: manuelles und maschinelles Trennen von Flachglas und Bearbeiten von Kanten, maschinelles Bearbeiten von Flachglas, insbesondere Bohren, Schleifen, Fräsen und Senken, Veredeln von Oberflächen durch Sandstrahlen, Bedrucken und Versiegeln, Fügen von Flachgläsern durch Laminieren und Kleben, thermisches Behandeln von Flachgläsern durch Vorspannen, Annehmen, Transportieren und Lagern von Flachglas, Rüsten und Instandhalten von Maschinen und Anlagen, Steuern und Regeln von automatisierten Produktions- und Schneidanlagen, Planen und Dokumentieren von Arbeiten, Festlegen von Arbeitsschritten sowie Kontrollieren und Bewerten von Arbeitsergebnissen, Durchführen von Qualitätskontrollen, Abstimmen von Arbeitsabläufen mit vor- und nachgelagerten Arbeitsbereichen.

Berufliche Tätigkeitsfelder: Flachglastechnologen und Flachglastechnologinnen arbeiten in flachglasverarbeitenden Betrieben der Industrie.",-9.611586202809052,-27.57274188889519
183,Glasapparatebauer/Glasapparatebauerin,"Rohstoffgewinnung und -aufbereitung, Glas- und Keramikherstellung und -verarbeitung","Natur, Umwelt & Agrar",3.0,https://www.bibb.de/dienst/berufesuche/de/index_berufesuche.php/profile/apprenticeship/glasa23,,"Profil der beruflichen Handlungsfähigkeit: Herstellen von Skizzen und Fertigungszeichnungen, Planen und Vorbereiten von Arbeitsabläufen, Trennen von Glaserzeugnissen, Manuelles Heißbearbeiten von Rohmaterialien und Werkstücken, Maschinelles Heißbearbeiten von Rohmaterialien und Werkstücken, Kaltbearbeiten von Rohmaterialien und Werkstücken, Herstellen von Glasapparaten, Nachbehandeln von Glasapparaten, Messen und Prüfen von Halbzeugen und Glasapparaten, Instandsetzen und Ändern von Halbzeugen und Glasapparaten, Durchführen von qualitätssichernden Maßnahmen, Einsetzen und Warten von Arbeitsmitteln, Ergreifen von Maßnahmen zum Schutz von Gesundheit und Sicherheit bei der Arbeit, Ergreifen von Maßnahmen zur Wirtschaftlichkeit, zum Umweltschutz und zur Nachhaltigkeit.

Berufliche Tätigkeitsfelder: Glasapparatebauer und Glasapparatebauerinnen arbeiten in handwerklichen und industriellen Betrieben sowie in Hochschulen und anderen Forschungseinrichtungen in den Einsatzgebieten Borosilikatglas, Quarzglas und Weichglas.",47.79048957995823,-42.98652293803592
184,Glasmacher/Glasmacherin,"Rohstoffgewinnung und -aufbereitung, Glas- und Keramikherstellung und -verarbeitung","Natur, Umwelt & Agrar",3.0,https://www.bibb.de/dienst/berufesuche/de/index_berufesuche.php/profile/apprenticeship/1322101,,Glasmacher/Glasmacherin,-371.7857190132337,263.6979189523108
185,Industriekeramiker Anlagentechnik/ Industriekeramikerin Anlagentechnik,"Rohstoffgewinnung und -aufbereitung, Glas- und Keramikherstellung und -verarbeitung","Natur, Umwelt & Agrar",3.0,https://www.bibb.de/dienst/berufesuche/de/index_berufesuche.php/profile/apprenticeship/87iu9anl,und Produktionsstätten der Keramik|und Porzellanindustrie durch|und Kommunikationsmitteln Be|und Brennanlagen Anwenden von Mess|Steuer|und Regelungstechniken Erkennen von Maschinen,"Profil der beruflichen Handlungsfähigkeit: Kundenorientiertes und kostenbewusstes Arbeiten, selbständiges und teamorientiertes Planen und Organisieren der Arbeit unter Anwendnung von Informations- und Kommunikationsmitteln, Be-, Verarbeiten und Prüfen von keramischen Werkstoffen, Gips und Kunststoffen auf der Grundlage technischer Unterlagen und Fertigungsvorschriften, Warten und Pflegen der Betriebsmittel sowie der Mess- und Prüfmittel, Bedienen von Maschinen und Anlagen zur Aufbereitung, Formgebung, Veredlung und Endbearbeitung keramischer Produkte, Bedienen von Trocknungs- und Brennanlagen, Anwenden von Mess-, Steuer- und Regelungstechniken, Erkennen von Maschinen- und Anlagenstörungen sowie Fertigungsfehlern und Ergreifen von Maßnahmen zur Fehlerbeseitigung, Instandhalten der Maschinen und Anlagen, Anwenden der Grundfertigkeiten der Metallbearbeitung, Warten und Pflegen der Betriebsmittel, Prüfen und Dokumentieren der Arbeitsergebnisse unter Labor- und Produktionsbedingungen nach verschiedenen Prüfverfahren, Beachten der Vorschriften des Umweltschutzes, der Arbeitssicherheit, des Gesundheitsschutzes und der Qualitätssicherung.

Berufliche Tätigkeitsfelder: Industriekeramiker / Industriekeramikerinnen Anlagentechnik führen ihre Tätigkeiten zur Herstellung von Porzellan, Gebrauchs- und Zierkeramik, Baukeramik, Feuerfestkeramik, Sanitärkeramik und Technischer Keramik in Werk- und Produktionsstätten der Keramik- und Porzellanindustrie durch.",20.43098384213445,-126.65792305413255
186,Industriekeramiker Modelltechnik/ Industriekeramikerin Modelltechnik,"Rohstoffgewinnung und -aufbereitung, Glas- und Keramikherstellung und -verarbeitung","Natur, Umwelt & Agrar",3.0,https://www.bibb.de/dienst/berufesuche/de/index_berufesuche.php/profile/apprenticeship/zt657mod,und Produktionsstätten der Keramik|und Porzellanindustrie durch|und Kommunikationsmitteln Be,"Profil der beruflichen Handlungsfähigkeit: Kundenorientiertes und kostenbewusstes Arbeiten, selbständiges und teamorientiertes Planen und Organisieren der Arbeit unter Anwendnung von Informations- und Kommunikationsmitteln, Be-, Verarbeiten und Prüfen von keramischen Werkstoffen, Gips und Kunststoffen auf der Grundlage technischer Unterlagen und Fertigungsvorschriften, Warten und Pflegen der Betriebsmittel sowie der Mess- und Prüfmittel, Anfertigen von Entwürfen und Zeichnungen unter Beachtung gestalterischer Grundlagen für die Herstellung keramischer Produkte, Anfertigen von Modellen und Einrichtungen für die Formenherstellung, Überwachen des Produktionsentwicklungsprozesses und des gesamten Produktionsablaufs, Durchführen von qualitätserhöhenden und qualitätssichernden Maßnahmen für die entwickelten Produkte im ganzen Fertigungsablauf bis zum verkaufsfähigen Zustand, Beachten der Vorschriften des Umweltschutzes, der Arbeitssicherheit, des Gesundheitsschutzes und der Qualitätssicherung.

Berufliche Tätigkeitsfelder: Industriekeramiker / Industriekeramikerinnen Modelltechnik führen ihre Tätigkeiten zur Herstellung von Porzellan, Gebrauchs- und Zierkeramik, Baukeramik, Feuerfestkeramik, Sanitärkeramik und Technischer Keramik in Werk- und Produktionsstätten der Keramik- und Porzellanindustrie durch.",-24.988481930657848,-61.31514100637413
187,Industriekeramiker Verfahrenstechnik/ Industriekeramikerin Verfahrenstechnik,"Rohstoffgewinnung und -aufbereitung, Glas- und Keramikherstellung und -verarbeitung","Natur, Umwelt & Agrar",3.0,https://www.bibb.de/dienst/berufesuche/de/index_berufesuche.php/profile/apprenticeship/sd34wver,und Produktionsstätten der Keramik|und Porzellanindustrie durch|und Kommunikationsmitteln Be,"Profil der beruflichen Handlungsfähigkeit: Kundenorientiertes und kostenbewusstes Arbeiten, selbständiges und teamorientiertes Planen und Organisieren der Arbeit unter Anwendnung von Informations- und Kommunikationsmitteln, Be-, Verarbeiten und Prüfen von keramischen Werkstoffen, Gips und Kunststoffen auf der Grundlage technischer Unterlagen und Fertigungsvorschriften, Warten und Pflegen der Betriebsmittel sowie der Mess- und Prüfmittel, Herstellen keramischer Massen und Glasuren zur Produktion und Prüfen dieser auf ihre Eignung für den weiteren Prozess, Fertigen von Einrichtungen für die Formenherstellung und Gießen von Arbeitsformen aus Gips, Formen keramischer Massen z. B. durch Gießen, Drehen, Pressen, Glasieren und Dekorieren von keramischen Produkten, Trocknen und Brennen keramischer Rohlinge, Steuern und Überwachen des Produktionsprozesses, Durchführen von qualitätserhöhenden und qualitätssichernden Maßnahmen für die hergestellten Produkte im ganzen Fertigungsablauf, Beachten der Vorschriften des Umweltschutzes, der Arbeitssicherheit, des Gesundheitsschutzes und der Qualitätssicherung.

Berufliche Tätigkeitsfelder: Industriekeramiker / Industriekeramikerinnen Verfahrenstechnik führen ihre Tätigkeiten zur Herstellung von Porzellan, Gebrauchs- und Zierkeramik, Baukeramik, Feuerfestkeramik, Sanitärkeramik und Technischer Keramik in Werk- und Produktionsstätten der Keramik- und Porzellanindustrie durch.",-32.00191666800828,-68.76126204333015
188,Leuchtröhrenglasbläser/ Leuchtröhrenglasbläserin,"Rohstoffgewinnung und -aufbereitung, Glas- und Keramikherstellung und -verarbeitung","Natur, Umwelt & Agrar",3.0,https://www.bibb.de/dienst/berufesuche/de/index_berufesuche.php/profile/apprenticeship/1343101,,Leuchtröhrenglasbläser/ Leuchtröhrenglasbläserin,-372.3893262410154,264.25858364279657
189,Steinmetz und Steinbildhauer/ Steinmetzin und Steinbildhauerin Ausbildung in Fachrichtung: – Steinmetzarbeiten,"Rohstoffgewinnung und -aufbereitung, Glas- und Keramikherstellung und -verarbeitung","Natur, Umwelt & Agrar",3.0,https://www.bibb.de/dienst/berufesuche/de/index_berufesuche.php/profile/apprenticeship/101016,,"Profil der beruflichen Handlungsfähigkeit: Herstellen und Gestalten von Formen, Modellen, Schriften, Reliefs und Skulpturen, Instandsetzen und Restaurieren von Bildhauerarbeiten, Be- und Verarbeiten von Naturwerksteinen, künstlichen Steinen und Platten, Herstellen von Bauteilen aus Naturwerksteinen und künstlichen Steinen, Verlegen von Platten und Fliesen, Versetzen von Werkstücken, Herstellen von Profilen, Herstellen von eingesetzten Flächen und Einlegearbeiten, Verlegen von Bodenbelägen und Versetzen von Treppen, Versetzen von Bauteilen und Montieren von Fassaden, Herstellen, Gestalten und Versetzen von Denkmalen, Einsetzen von programmierbaren Maschinen, Handhaben und Warten von Werkzeugen, Geräten, Maschinen und technischen Anlagen, Be- und Verarbeiten von Metallen, Kunststoffen und Hilfsstoffen, Selbständiges und kundenorientiertes Durchführen der Arbeiten auf der Grundlage von technischen Unterlagen und von Arbeitsaufträgen allein, im Team und in Kooperation mit anderen Gewerken, Planen und Koordinieren der Arbeit, Anfertigen und Anwenden von technischen Unterlagen, Einrichten von Arbeitsplätzen und Aufbauen von Gerüsten, Ergreifen von Maßnahmen zur Sicherheit und zum Gesundheitsschutz bei der Arbeit sowie zum Umweltschutz, Prüfen der Arbeiten auf fehlerfreie Ausführung, Dokumentieren der Arbeiten, Durchführen von Messungen und Dokumentieren der Ergebnisse Durchführen von qualitätssichernden Maßnahmen und Berechnen der erbrachten Leistung.

Berufliche Tätigkeitsfelder: Beschäftigung finden Steinmetz und Steinbildhauer und Steinmetzin und Steinbildhauerin vor allem in steinver- und bearbeitenden Betrieben, z. B. in Steinmetzbetrieben.",260.0504488024829,-238.95349407374664
190,Thermometermacher/Thermometermacherin,"Rohstoffgewinnung und -aufbereitung, Glas- und Keramikherstellung und -verarbeitung","Natur, Umwelt & Agrar",3.0,https://www.bibb.de/dienst/berufesuche/de/index_berufesuche.php/profile/apprenticeship/1342301,,Thermometermacher/Thermometermacherin,-369.33058596326885,261.3482892953926
191,Verfahrensmechaniker Glastechnik/ Verfahrensmechanikerin Glastechnik,"Rohstoffgewinnung und -aufbereitung, Glas- und Keramikherstellung und -verarbeitung","Natur, Umwelt & Agrar",3.0,https://www.bibb.de/dienst/berufesuche/de/index_berufesuche.php/profile/apprenticeship/1321102,Flachglas|oder Glasfaserherstellern|und Gesundheitsschutzes,"Profil der beruflichen Handlungsfähigkeit: Sichern des Materialflusses durch Bereitstellen und Lagern von Betriebsmitteln, Hilfsstoffen und Produktionserzeugnissen; Überwachen, Steuern und Regeln von Produktionsprozessen und -anlagen der Glasschmelze und Formgebung selbstständig und im Team, Anwenden von Methoden der Fertigungskontrolle, Verarbeiten und Veredeln von Glas und Glasprodukten durch verschiedene Verfahren, z. B. durch Abtragen, Trennen, Fügen, Umformen, Beschichten und Ändern der Glaseigenschaften, Feststellen von Fehlern und Störungen im Produktionsablauf, Eingrenzen der Fehler und Ergreifen von Maßnahmen zu deren Beseitigung selbstständig und im Team, Außerbetriebsetzen von Maschinen und Anlagen der Glasindustrie (insbesondere bei Produktionswechseln) selbstständig und im Team insbesondere bei Produktionswechseln, Umrüsten und Inbetriebnahme von Maschinen und Anlagen, Durchführen von Instandhaltungsarbeiten an Maschinen und Anlagen, Handhaben von Produktionsprotokollen und Produktionsablaufplänen, Dokumentieren der Betriebsdaten zur Produktions- und Prozesssteuerung im Rahmen der Technischen Kommunikation, Anwenden von Methoden des Qualitätsmanagements, Sichern der Zusammenarbeit im gesamten Prozessablauf durch kontinuierliche Kommunikation und Kooperation zwischen den Arbeitsbereichen die Zusammenarbeit, Berücksichtigung des Umwelt- und Gesundheitsschutzes.

Berufliche Tätigkeitsfelder: Beschäftigungsmöglichkeiten finden Verfahrensmechaniker/innen Glastechnik in der Glasindustrie z.B. bei Hohlglas-, Flachglas- oder Glasfaserherstellern.",-51.21086314184875,-28.215136609801352
192,Verfahrensmechaniker für Brillenoptik/ Verfahrensmechanikerin für Brillenoptik,"Rohstoffgewinnung und -aufbereitung, Glas- und Keramikherstellung und -verarbeitung","Natur, Umwelt & Agrar",3.0,https://www.bibb.de/dienst/berufesuche/de/index_berufesuche.php/profile/apprenticeship/86854849,,Verfahrensmechaniker für Brillenoptik/ Verfahrensmechanikerin für Brillenoptik,-341.2235397177958,226.7577440462317
193,Verfahrensmechaniker in der Steine- und Erdenindustrie/ Verfahrensmechanikerin in der Steine- und Erdenindustrie Ausbildung in Fachrichtung: – Transportbeton,"Rohstoffgewinnung und -aufbereitung, Glas- und Keramikherstellung und -verarbeitung","Natur, Umwelt & Agrar",3.0,https://www.bibb.de/dienst/berufesuche/de/index_berufesuche.php/profile/apprenticeship/67zu5869,Kalk|oder Gipswerken|und Palettieranlagen für Sackware bzw Wäge,"Profil der beruflichen Handlungsfähigkeit: Überwachen, Steuern und Regeln von Fertigungsanlagen, Durchführen von Maßnahmen zur Qualitätssicherung und Instandhalten von Betriebseinrichtungen, Bedienen und Überwachen von Steinbruchaggregaten und Förderanlagen in Steinbrüchen, Entnehmen von Materialproben bzw. Überwachen von automatischen Probenahmeinrichtungen und Weiterleiten der Proben an das Materiallabor, Überwachen und Steuern der Brennaggregate und Mahlanlagen für die Herstellung hydraulischer Bindemittel (Zement, Kalk, Dolomit, Gips), Auswerten von Meßdaten und korrigierendes Eingreifen in den Produktionsprozeß anhand von Meßdaten und Analyseergebnissen, Durchführen von betriebliche Reinigungs- und Wartungsarbeiten auf Kontrollgängen, Durchführen von Instandhaltungsmaßnahmen bei Bedarf bzw. Weitergeben von Fehlermeldungen an die Instandhaltung, Bedienen von Abfüll- und Palettieranlagen für Sackware bzw. Wäge- und Beladeeinrichtungen für die Befüllung von Silofahrzeugen mit Loseware.

Berufliche Tätigkeitsfelder: Ihren Arbeitsplatz haben Verfahrensmechaniker/innen in der Steine- und Erdenindustrie der Fachrichtung Baustoffe vor allem in Zement-, Kalk- oder Gipswerken.",-57.32870593344523,0.8220623015334896
194,Verfahrensmechaniker in der Steine- und Erdenindustrie/ Verfahrensmechanikerin in der Steine- und Erdenindustrie Ausbildung in Fachrichtung: – Vorgefertigte Betonerzeugnisse,"Rohstoffgewinnung und -aufbereitung, Glas- und Keramikherstellung und -verarbeitung","Natur, Umwelt & Agrar",3.0,https://www.bibb.de/dienst/berufesuche/de/index_berufesuche.php/profile/apprenticeship/67zu5869,Kalk|oder Gipswerken|und Palettieranlagen für Sackware bzw Wäge,"Profil der beruflichen Handlungsfähigkeit: Überwachen, Steuern und Regeln von Fertigungsanlagen, Durchführen von Maßnahmen zur Qualitätssicherung und Instandhalten von Betriebseinrichtungen, Bedienen und Überwachen von Steinbruchaggregaten und Förderanlagen in Steinbrüchen, Entnehmen von Materialproben bzw. Überwachen von automatischen Probenahmeinrichtungen und Weiterleiten der Proben an das Materiallabor, Überwachen und Steuern der Brennaggregate und Mahlanlagen für die Herstellung hydraulischer Bindemittel (Zement, Kalk, Dolomit, Gips), Auswerten von Meßdaten und korrigierendes Eingreifen in den Produktionsprozeß anhand von Meßdaten und Analyseergebnissen, Durchführen von betriebliche Reinigungs- und Wartungsarbeiten auf Kontrollgängen, Durchführen von Instandhaltungsmaßnahmen bei Bedarf bzw. Weitergeben von Fehlermeldungen an die Instandhaltung, Bedienen von Abfüll- und Palettieranlagen für Sackware bzw. Wäge- und Beladeeinrichtungen für die Befüllung von Silofahrzeugen mit Loseware.

Berufliche Tätigkeitsfelder: Ihren Arbeitsplatz haben Verfahrensmechaniker/innen in der Steine- und Erdenindustrie der Fachrichtung Baustoffe vor allem in Zement-, Kalk- oder Gipswerken.",-58.16656086271563,1.467432019208397
195,Verfahrensmechaniker in der Steine- und Erdenindustrie/ Verfahrensmechanikerin in der Steine- und Erdenindustrie Ausbildung in Fachrichtungen: – Baustoffe – Asphalttechnik,"Rohstoffgewinnung und -aufbereitung, Glas- und Keramikherstellung und -verarbeitung","Natur, Umwelt & Agrar",3.0,https://www.bibb.de/dienst/berufesuche/de/index_berufesuche.php/profile/apprenticeship/67zu5869,Kalk|oder Gipswerken|und Palettieranlagen für Sackware bzw Wäge,"Profil der beruflichen Handlungsfähigkeit: Überwachen, Steuern und Regeln von Fertigungsanlagen, Durchführen von Maßnahmen zur Qualitätssicherung und Instandhalten von Betriebseinrichtungen, Bedienen und Überwachen von Steinbruchaggregaten und Förderanlagen in Steinbrüchen, Entnehmen von Materialproben bzw. Überwachen von automatischen Probenahmeinrichtungen und Weiterleiten der Proben an das Materiallabor, Überwachen und Steuern der Brennaggregate und Mahlanlagen für die Herstellung hydraulischer Bindemittel (Zement, Kalk, Dolomit, Gips), Auswerten von Meßdaten und korrigierendes Eingreifen in den Produktionsprozeß anhand von Meßdaten und Analyseergebnissen, Durchführen von betriebliche Reinigungs- und Wartungsarbeiten auf Kontrollgängen, Durchführen von Instandhaltungsmaßnahmen bei Bedarf bzw. Weitergeben von Fehlermeldungen an die Instandhaltung, Bedienen von Abfüll- und Palettieranlagen für Sackware bzw. Wäge- und Beladeeinrichtungen für die Befüllung von Silofahrzeugen mit Loseware.

Berufliche Tätigkeitsfelder: Ihren Arbeitsplatz haben Verfahrensmechaniker/innen in der Steine- und Erdenindustrie der Fachrichtung Baustoffe vor allem in Zement-, Kalk- oder Gipswerken.",-67.39217044044055,-3.77460025920931
196,Werksteinhersteller/Werksteinherstellerin,"Rohstoffgewinnung und -aufbereitung, Glas- und Keramikherstellung und -verarbeitung","Natur, Umwelt & Agrar",3.0,https://www.bibb.de/dienst/berufesuche/de/index_berufesuche.php/profile/apprenticeship/240813,und Erdenindustrie,"Profil der beruflichen Handlungsfähigkeit: technische Unterlagen anfertigen und anwenden, Schalungen und Formen herstellen und einsetzen, Bewehrungen und Verstärkungen herstellen und einbauen, Betone, Vorsatzbetone und Mörtel herstellen und prüfen, Betonwerksteine, Naturwerksteine und Werksteine aus künstlichen Materialien planen, herstellen und bearbeiten, Abdichtungen, Dämmungen und Schallschutz herstellen, Betonwerksteine, Naturwerksteine und Werksteine aus künstlichen Materialien transportieren, montieren, verlegen, versetzen und verankern, Befestigungen herstellen und montieren, Oberflächen von Betonwerksteinen, Naturwerksteinen und Werksteinen aus künstlichen Materialien gestalten und behandeln, Platten aus künstlichen Werksteinen, Betonwerksteinen, Fliesen und Naturwerksteinen be- und verarbeiten sowie verlegen, Terrazzoböden und zementgebundene geschliffene Böden planen, herstellen, verlegen, bearbeiten und behandeln, Betonwerksteine, Naturwerksteine, Werksteine aus künstlichen Materialien und Terrazzi instandsetzen, mit Gefahrstoffen umgehen, Informations- und Kommunikationstechniken anwenden, Arbeitsabläufe planen und vorbereiten, Werkzeuge, Geräte, Maschinen und technische Einrichtungen bedienen, reinigen, pflegen und warten, qualitätssichernde Maßnahmen durchführen, Dokumentation vornehmen, Kundenorientierung beachten.

Berufliche Tätigkeitsfelder: Werksteinhersteller und Werksteinherstellerinnen stellen überwiegend in Betrieben des Betonstein- und Terrazzoherstellerhandwerks Betonwerksteine, Naturwerksteine und Werksteine aus künstlichen Materialien her und bearbeiten, verlegen und versetzen diese. Werksteinhersteller/-innen arbeiten auch in Betonfertigteilwerken und in der Steine- und Erdenindustrie.",-106.5761782981943,36.66463122043543
197,Fachangestellter für Bäderbetriebe/ Fachangestellte für Bäderbetriebe,"Schutz-, Sicherheits- und Überwachungsberufe","Gastronomie, Tourismus & Dienstleistungen",3.0,https://www.bibb.de/dienst/berufesuche/de/index_berufesuche.php/profile/apprenticeship/8762101,Hallen See|und Strandbädern in Kur|und Freizeitbädern,"Profil der beruflichen Handlungsfähigkeit: Beaufsichtigen des Badebetriebs und der Badegäste, insbesondere unmittelbar im Badebereich, Erkennen von Notfällen, Retten von Menschen aus dem Wasser oder Einleiten von Wasserrettungsmaßnahmen, Sichern der Lebensfunktionen verunglückter Personen, z. B. durch Wiederbelebung und Durchführen von Maßnahmen zur Ersten Hilfe, Betreuen und Beraten von Badegästen und Anbieten von Sport- und Spielarrangements, Erteilen von theoretischem und praktischem Schwimmunterricht, Sichern von Betriebsabläufen bädertechnischer Anlagen und Steuern der Prozessabläufe zur Wasseraufbereitung, Anwenden von Notfallplänen bei Betriebsstörungen und Einleiten von Maßnahmen zur Störungsbeseitigung, Pflegen und Warten von Anlagen bäder- und freizeittechnischer Einrichtungen, Anwenden einschlägiger Rechts- und Verwaltungsvorschriften, Ausführen von Verwaltungsarbeiten im Badebetrieb und Mitwirken bei Aufgaben der Öffentlichkeitsarbeit, Beaufsichtigung und Beteiligung bei Reinigungs- und Desinfektionsarbeiten, Aufrechterhaltung der Betriebssicherheit, Messen physikalischer und chemischer Größen.

Berufliche Tätigkeitsfelder: Fachangestellte für Bäderbetriebe arbeiten in privaten oder öffentlichen Badeeinrichtungen: in Frei-, Hallen, See- und Strandbädern, in Kur- und Freizeitbädern.",-30.32029447254403,-29.189241614221928
198,Fachkraft für Schutz und Sicherheit,"Schutz-, Sicherheits- und Überwachungsberufe","Gastronomie, Tourismus & Dienstleistungen",3.0,https://www.bibb.de/dienst/berufesuche/de/index_berufesuche.php/profile/apprenticeship/220119,,"Profil der beruflichen Handlungsfähigkeit: Planen und Durchführen von Maßnahmen der Sicherung und präventiven Gefahrenabwehr, Analysieren der Gefährdungspotenziale, Entwickeln und Einleiten von Sicherungsmaßnahmen, Überprüfen und Überwachen der Einhaltung objektbezogener Schutz- und Sicherheitsvorschriften, insbesondere von Arbeitsschutz, Brandschutz, Umweltschutz und Datenschutz, Beobachten der Branchenentwicklung und Bewerten der Auswirkungen auf das betriebliche Leistungsangebot, Mitwirken bei der Angebotserstellung und Auftragsbearbeitung, Ermitteln, Aufklären und Dokumentieren von sicherheitsrelevanten Sachverhalten, Überprüfen der ordnungsgemäßen Funktion von Schutz- und Sicherheitseinrichtungen und Einleiten von Maßnahmen bei Mängeln, Identifizieren der Wirkungsweise und Gefährdungspotenziale von Waffen, gefährlichen Gegenständen und Stoffen, situations- und personenbezogenes Verhalten und Handeln bei Schutz- und Sicherheitsmaßnahmen, selbstständiges und team- und kundenorientiertes Arbeiten in Kooperation mit anderen Dienstleistungsbereichen.

Berufliche Tätigkeitsfelder: Fachkräfte für Schutz und Sicherheit arbeiten in Unternehmen der Sicherheitsbranche sowie in verschiedenen Bereichen der Unternehmenssicherheit, des öffentlichen Dienstes und der Verkehrswirtschaft.",-12.683506764367372,-112.03165890928757
199,Schädlingsbekämpfer/Schädlingsbekämpferin,"Schutz-, Sicherheits- und Überwachungsberufe","Gastronomie, Tourismus & Dienstleistungen",3.0,https://www.bibb.de/dienst/berufesuche/de/index_berufesuche.php/profile/apprenticeship/668766,,Schädlingsbekämpfer/Schädlingsbekämpferin,-327.61887466716826,222.3007305635055
200,Servicekraft für Schutz und Sicherheit,"Schutz-, Sicherheits- und Überwachungsberufe","Gastronomie, Tourismus & Dienstleistungen",2.0,https://www.bibb.de/dienst/berufesuche/de/index_berufesuche.php/profile/apprenticeship/151107,und Sicherheitsmaßnahmen team,"Profil der beruflichen Handlungsfähigkeit: Schützen von Personen, Sachwerte und immaterielle Werte, insbesondere durch Umsetzung präventiver Maßnahmen und soweit erforderlich durch Gefahrenabwehr, Durchführen von Maßnahmen der Sicherung und präventiven Gefahrenabwehr, Beurteilen der Gefährdungspotenziale und Einleiten von Sicherungsmaßnahmen, Überprüfen und Überwachen der Einhaltung objektbezogener Schutz- und Sicherheitsvorschriften, insbesondere von Arbeitsschutz, Brandschutz, Umweltschutz und Datenschutz, Mitwirken bei der Ermittlung und Aufklärung und Dokumentation von sicherheitsrelevanten Sachverhalten, Überprüfen der ordnungsgemäßen Funktion von Schutz- und Sicherheitseinrichtungen und Einleiten von Maßnahmen bei Mängeln, Identifizieren der Wirkungsweise und des Gefährdungspotenzials von Waffen, gefährlichen Gegenständen und Stoffen, situations- und personenbezogenes Verhalten und Handeln bei Schutz- und Sicherheitsmaßnahmen, team- und kundenorientiertes Arbeiten in Kooperation mit anderen Dienstleistungsbereichen.

Berufliche Tätigkeitsfelder: Servicekräfte für Schutz und Sicherheit arbeiten in Unternehmen der Sicherheitsbranche sowie in verschiedenen Bereichen der Unternehmenssicherheit, des öffentlichen Dienstes und der Verkehrswirtschaft.",-21.694994563968294,-101.2439485879005
201,Werkfeuerwehrmann/Werkfeuerwehrfrau,"Schutz-, Sicherheits- und Überwachungsberufe","Gastronomie, Tourismus & Dienstleistungen",3.0,https://www.bibb.de/dienst/berufesuche/de/index_berufesuche.php/profile/apprenticeship/909089,Einsätze durch führen Rettungs|Sicherungs|und prozessorientiert,"Profil der beruflichen Handlungsfähigkeit: Werkfeuerwehrmänner und Werkfeuerwehrfrauen führen Maßnahmen zur Brandbekämpfung und Menschenrettung durch, leisten Technische Hilfe, führen ABC-Einsätze durch, führen Rettungs-, Sicherungs- und Bergungsarbeiten durch, leiten Maßnahmen zur medizinischen Notfallversorgung ein (Rettungssanitäter / Rettungssanitäterin) und fahren Fahrzeuge für die Notfallrettung, fahren Feuerwehrfahrzeuge (Fahrerlaubnis Klasse C), bedienen und warten Feuerwehrgeräte, arbeiten im vorbeugenden Brandschutz, geben der Sicherheit und dem Gesundheits- und Umweltschutz bei ihrer Arbeit einen hohen Stellenwert, berücksichtigen betriebsspezifische Besonderheiten, insbesondere zur Aufrechterhaltung der Betriebsabläufe und zur Werterhaltung, arbeiten team- und prozessorientiert.

Berufliche Tätigkeitsfelder: Werkfeuerwehrmänner und Werkfeuerwehrfrauen dienen der Gefahrenabwehr und dem vorbeugenden Brandschutz in Betrieben mit erhöhtem Gefährdungspotential, beispielsweise in chemischen Betrieben, an Häfen und Flughäfen, in Kraftwerken, in der Metall- und Elektroindustrie, bei Automobilherstellern, in Gießereien.",-196.8470729299308,82.4000590043697
202,Fachangestellter für Markt- und Sozialforschung/ Fachangestellte für Markt- und Sozialforschung,"Sprach-, literatur-, geistes-, gesellschafts- und wirtschaftswissenschaftliche Berufe","Wirtschaft, Verwaltung & Organisation",3.0,https://www.bibb.de/dienst/berufesuche/de/index_berufesuche.php/profile/apprenticeship/5437879g,Fachangestellte für Markt|Handels|und Media|und Wirtschaftsforschung tätig|und Kommunikationssystemen,"Profil der beruflichen Handlungsfähigkeit: Planen, Organisieren und Steuern der Durchführung von Forschungsprojekten im Rahmen von Projektvorgaben, Unterscheiden und Einsetzen von Methoden, Erhebungstechniken und Untersuchungstypen, Recherchieren, Beschaffen und Auswerten von Daten, Mitwirken an der Konzeption von Fragebögen und Gesprächsleitfäden, Mitwirken bei Auswahl, Schulung und Einsatz von Interviewern, Aufbereiten und Codieren von Daten, Durchführen von Plausibilitätsprüfungen, Anwenden von Auswertungsverfahren und Durchführen von Basisauswertungen, Vorbereiten von Untersuchungsberichten und Präsentationen, Erteilen von Auskünften auch in einer Fremdsprache, Durchführen von qualitätssichernden Maßnahmen, Anwenden von Informations- und Kommunikationssystemen.

Berufliche Tätigkeitsfelder: Fachangestellte für Markt- und Sozialforschung sind in Marktforschungsinstituten, in Industrie-, Handels- und Dienstleistungsunternehmen mit eigener betrieblicher Marktforschung, einschließlich Unternehmensberatungen, Werbe- und Media-Agenturen, sowie in Forschungseinrichtungen der empirischen Sozial- und Wirtschaftsforschung tätig.",-0.8062861396318307,-57.90751048541422
203,Biologiemodellmacher/ Biologiemodellmacherin,"Technische Forschungs-, Entwicklungs-, Konstruktions- und Produktionssteuerungsberufe","Forschung, Labor & Wissenschaft",3.0,https://www.bibb.de/dienst/berufesuche/de/index_berufesuche.php/profile/apprenticeship/120416,und Abfallstoffen,"Profil der beruflichen Handlungsfähigkeit: Herstellen von anatomischen, botanischen und zoologischen Modellen, Durchführen von Vollguss- und Laminierverfahren, Retuschieren von modellspezifischen Rohlingen, Verbinden von Modellteilen durch Steck- und Schraubverbindungen sowie durch Klebetechniken, Zusammenbauen von Modellteilen zu Modellen, Gestalten von Modellen mit verschiedenen Mal- und Auftragstechniken, Durchführen von Reparaturarbeiten, Planen und Vorbereiten von Arbeitsabläufen, Auswählen und Einsetzen von Materialien, Werkzeugen und Maschinen, Durchführen von qualitätssichernden Maßnahmen, Trennen, Lagern und umweltgerechtes Entsorgen von Rest- und Abfallstoffen.

Berufliche Tätigkeitsfelder: Biologiemodellmacher und Biologiemodellmacherinnen arbeiten hauptsächlich in Betrieben, die anatomische, botanische sowie zoologische Lehr- und Demonstrationsmodelle herstellen. Die Modelle werden zum Beispiel bei der Aus- und Weiterbildung an Schulen und Universitäten eingesetzt.",19.549816485008225,-3.06749330386362
204,Produktionstechnologe/ Produktionstechnologin,"Technische Forschungs-, Entwicklungs-, Konstruktions- und Produktionssteuerungsberufe","Forschung, Labor & Wissenschaft",3.0,https://www.bibb.de/dienst/berufesuche/de/index_berufesuche.php/profile/apprenticeship/271107,,"Profil der beruflichen Handlungsfähigkeit: Inbetriebnahme und Einrichten von Produktionsanlagen, Vorbereiten des Produktionsanlaufs, Anfahren neuer Prozesse, Durchführen und Dokumentieren von Testreihen, Ermitteln von Prozessparametern und Herstellen der Produktionsfähigkeit der Anlagen, Programmieren und Parametrieren der Produktionsanlagen einschließlich Werkzeugmaschinen, Prüfeinrichtungen und Industrierobotern oder andere Handhabungssystemen, Durchführen von Wartungsarbeiten, Organisieren logistischer Prozesse für Produkte, Werkzeuge, Prozessmedien und Reststoffe, Simulieren von Prozessen, Produzieren und Testen von Mustern und Prototypen, Betreiben von Produktionsanlagen, Überwachen der Prozessabläufe, Durchführen von prozessbegleitenden Prüfungen und Erstellen von Dokumentationen, Erkennen von Verbesserungspotentialen in den Prozessabläufen, Ermitteln und Dokumentieren von Prozess- und Qualitätsabweichungen, Ergreifen von Maßnahmen zu deren Beseitigung und Durchführen von systematischen Fehleranalysen, Beurteilen und Analysieren der Produktionsanlagen hinsichtlich der Realisierung von Pro-duktionsaufträgen, Anwenden von Standardsoftware, Produktions- und Qualitätssicherungssoftware, Anwenden von Normen, Vorschriften und Regeln zur Sicherung der Prozessfähigkeit von Produktionsanlagen, Arbeiten mit englischsprachigen Unterlagen, Einpflegen von Daten für die Produktionsplanung und -steuerung, Sorgen für Informationsaustausch und Abstimmen zwischen der Produktion und den anderen Betriebsbereichen.

Berufliche Tätigkeitsfelder: Produktionstechnologen / Produktionstechnologinnen arbeiten in Entwicklungsbereichen, in Pilotbereichen und Serienproduktionslinien, in Applikations- und Supportbereichen der produzierenden Industrie sowie bei produktionsunterstützenden Dienstleistungsunternehmen.",56.26425105156064,-97.59766388456126
205,Fachkraft für Lederherstellung und Gerbereitechnik,Textil- und Lederberufe,"Ingenieurwesen, Produktion & Handwerk",3.0,https://www.bibb.de/dienst/berufesuche/de/index_berufesuche.php/profile/apprenticeship/05032015,und Forschungslaboratorien Sie stellen Auto|und Umweltschutzes und der Nachhaltigkeit,"Profil der beruflichen Handlungsfähigkeit: Herstellen von Leder durch Gerben von tierischer Haut und durch verschiedene Zurichtungsmethoden, Durchführen von Eingangskontrollen der Rohware und Beurteilen und Sortieren für die weitere Bearbeitung, Separieren von kollagenen Nebenprodukten und Bereitstellen für die weitere Verwertung, Anwenden verschiedener Gerbverfahren und Gerbmittel, Neutralisieren von Leder und Anwenden von Nachgerbverfahren, Färben und Fetten von Leder, Durchführen von Trocknungsprozessen und mechanischen Verfahren zum Weichmachen und Verdichten von Leder, Durchführen von Zurichtungsprozessen und Anwenden von Applikationstechniken, Beurteilen von Leder und Einteilen in Qualitätsklassen, Beurteilen von Fertigleder und Durchführen von haptischen und visuellen Prüfungen, Einrichten und Bedienen von Maschinen und Anlagen, umweltgerechtes Durchführen von Prozessen, Planen von Arbeitsabläufen und Anwenden von produktspezifischen und berufsbezogenen Vorschriften, Beachten von Grundsätzen der Arbeitssicherheit, des Gesundheits- und Umweltschutzes und der Nachhaltigkeit.

Berufliche Tätigkeitsfelder: Die Fachkräfte für Lederherstellung und Gerbereitechnik arbeiten vorwiegend in Unternehmen der Lederindustrie, der chemischen Hilfsmittelindustrie sowie in Handwerksbetrieben. In der Regel arbeiten die Fachkräfte in der Produktion, sie finden ihren Einsatz aber auch in Betriebs- und Forschungslaboratorien. Sie stellen Auto- und Möbelleder, Schuhleder sowie Leder für Sattlerwaren, Bekleidung und Sportgeräte her.",136.00901663849626,-28.897485873451974
206,Fachkraft für Lederverarbeitung,Textil- und Lederberufe,"Ingenieurwesen, Produktion & Handwerk",2.0,https://www.bibb.de/dienst/berufesuche/de/index_berufesuche.php/profile/apprenticeship/220310,und Autositzbezügen in Muster|und Serienfertigung|und Umweltschutzes und der Kundenorientierung,"Profil der beruflichen Handlungsfähigkeit: Zusammenfügen von Schuhoberteilen und Lederwarenhalbzeugen, Zuschneiden und Vorrichten von Leder sowie Werk- und Hilfsstoffen, Herstellen von Verbindungen durch Nähen, Schweißen und Kleben, Herstellen und Anbringen von schmückendem und funktionellem Zubehör, Einrichten und Bedienen von Maschinen und Anlagen, Auswählen, Zuordnen und Verwenden von Leder sowie anderen Werk- und Hilfsstoffen und Zubehör nach Einsatzgebieten und Wirtschaftlichkeit, Planen von Arbeitsschritten und Arbeitsabläufen, Beurteilen der Qualität und Ergreifen von qualitätssichernden Maßnahmen, Beachten von Grundsätzen der Arbeitssicherheit, des Gesundheits- und Umweltschutzes und der Kundenorientierung.

Berufliche Tätigkeitsfelder: Fachkräfte für Lederverarbeitung arbeiten in Betrieben der Schuh- und Lederwarenwirtschaft, insbesondere zur Herstellung von Schuhoberteilen, Taschen, Kleinlederwaren, Polster- und Autositzbezügen, in Muster- und Serienfertigung.",153.92852826990529,32.60483814558137
207,Fahrzeuginterieur-Mechaniker/ Fahrzeuginterieur-Mechanikerin,Textil- und Lederberufe,"Ingenieurwesen, Produktion & Handwerk",3.0,https://www.bibb.de/dienst/berufesuche/de/index_berufesuche.php/profile/apprenticeship/780999po,Fahrzeuginterieur|Mechaniker und Fahrzeuginterieur|Flugzeug|und Serienfertigung eingesetzt|und Verarbeiten von Werk,"Profil der beruflichen Handlungsfähigkeit: Anfertigen von Fahrzeuginterieur und Montieren im Fertigungsprozess, Konfektionieren von Polsterwerkstoffen sowie Vorrichten und Zuschneiden von Werkstoffen, Aufbauen, Beziehen sowie Ein- und Ausbauen von Fahrzeuginterieur, Montieren und Demontieren von Bauteilen und Baugruppen, Überwachen von Fertigungsprozessen sowie Vorrichten und Bedienen von Maschinen und Anlagen, Sicherstellen des Materialflusses, Warten und Pflegen von Maschinen und Anlagen, Instandsetzen von Fahrzeuginterieur, Anfertigen und Konfektionieren von Musterteilen, Auswählen sowie Be- und Verarbeiten von Werk- und Hilfsstoffen nach Verwendungszweck, Verarbeitungsmöglichkeit und Wirtschaftlichkeit, Anwenden von technischen Unterlagen sowie Anfertigen von Schablonen, Beurteilen der Qualität und Durchführen von qualitätssichernden Maßnahmen, Vorschlagen von Maßnahmen zur kontinuierlichen Verbesserung von Arbeitsprozessen, Durchführen von Maßnahmen zur Nachhaltigkeit, zum Umweltschutz sowie zur Sicherheit und zum Gesundheitsschutz am Arbeitsplatz.

Berufliche Tätigkeitsfelder: Fahrzeuginterieur- Mechaniker und Fahrzeuginterieur- Mechanikerinnen arbeiten in Betrieben der Fahrzeug-, Flugzeug- und Schiffbauindustrie sowie in Betrieben der Zulieferindustrie. Dort werden sie in den Abteilungen Fahrzeuginterieur oder Montage in der Einzel- und Serienfertigung eingesetzt.",97.20390843679644,-37.287870697647314
208,Kürschner/Kürschnerin,Textil- und Lederberufe,"Ingenieurwesen, Produktion & Handwerk",3.0,https://www.bibb.de/dienst/berufesuche/de/index_berufesuche.php/profile/apprenticeship/3786301,und in Industriebetrieben der Pelz|und Lederverarbeitung tätig|Entwerfen und Fertigen von Pelz,"Profil der beruflichen Handlungsfähigkeit: Entwerfen und Fertigen von Pelz- und Lederbekleidung nach eigenen Ideen und Erarbeiten von Vorschlägen für ihre Modernisierung und Reparatur, Reparieren und Umarbeiten von Pelz- und Lederbekleidung, Auswählen und Beurteilen von Pelzfellen und Leder nach Verwendungszweck und Wirtschaftlichkeit unter Einhaltung der Artenschutzbestimmungen, Auswählen von textilen Werkstoffen für Materialkombinationen und Zutaten nach Verarbeitungs- und Gebrauchseigenschaften, Entwerfen und Entwickeln von Arbeitsmustern, Planen und Vorbereiten von Arbeitsabläufen, Zusammenstellen und Anordnen von Werk- und Hilfsstoffen, Vorbereiten und Nachbehandeln von Werkstoffen, Schneiden und Zuschneiden von Werk- und Hilfsstoffen, Anwenden unterschiedlicher Arbeitstechniken beim Nähen und Ausfertigen von Werkstücken, Erfassen des Zusammenhangs zwischen Gestaltung, Konstruktion und Verarbeitung, Vorrichten, Bedienen und Überwachen von Arbeitsgeräten und Maschinen, Beurteilen der Qualität und Ergreifen von qualitätssichernden Maßnahmen.

Berufliche Tätigkeitsfelder: Kürschner und Kürschnerinnen sind in Werkstätten und Ateliers in Handwerks- und in Industriebetrieben der Pelz- und Lederverarbeitung tätig.",124.7256483977531,21.89724848552067
209,Modist/Modistin,Textil- und Lederberufe,"Ingenieurwesen, Produktion & Handwerk",3.0,https://www.bibb.de/dienst/berufesuche/de/index_berufesuche.php/profile/apprenticeship/67786uz7,,"Profil der beruflichen Handlungsfähigkeit: Herstellen von Kopfbedeckungen aus Filz und Stroh, Appretieren von Materialien, in Form Bügeln von Hüten, Nähen von Kopfbedeckungen z. B. aus Stoff, Leder und Pelz, Erstellen und Handhaben von Schnittschablonen sowie Abändern von Schnittmustern, Anfertigen von Kopfbedeckungen nach Bild- und Modellvorlagen, Entwickeln, Gestalten und Erarbeiten von Entwürfen nach modischen, historischen, funktionalen und technologischen Gesichtspunkten, Erstellen von Skizzen, Zeichnungen und Mustervorlagen, Ausgestalten von Kopfbedeckungen z. B. durch Anwenden von Schneidetechniken, Rollieren, Blumen und Herstellen von Federgestecken, Aufarbeiten und Ändern von Kopfbedeckungen, Erstellen von Unterformen aus verschiedenen Materialien, Handhaben und Warten von Arbeitsgeräten, Werkzeugen und Maschinen, Führen von Kundengesprächen, insbesondere bei Beratung, Verkauf und Reklamation, Anwenden von Informations- und Kommunikationstechniken, Ergreifen von qualitätssichernden Maßnahmen, Kontrollieren der Arbeitsabläufe und -ergebnisse, Selbständiges Durchführen der Arbeiten auf der Grundlage von Arbeitsaufträgen und eigenen Entwürfen, unter Beachtung der Arbeitssicherheit, des Gesundheitsschutzes, des Umweltschutzes sowie qualitativer und wirtschaftlicher Gesichtspunkte, Beherrschen des Zusammenhangs zwischen Gestaltung, Konstruktion und Verarbeitung sowie des Einsatzes unterschiedlicher Werk- und Hilfsstoffe, Planen und Organisieren, teilweise im Team, der Tätigkeit bis hin zu Präsentation und Verkauf, kundenorientiertes Arbeiten.

Berufliche Tätigkeitsfelder: Im Handwerk sind Modisten und Modistinnen meist im Atelier oder der Werkstatt tätig, denen oft ein Ladengeschäft angeschlossen ist. In der Industrie arbeiten sie ebenfalls im Atelier oder in der Serienfertigung in Fertigungshallen. Im Handel sind sie in Verkaufsräumen zu finden, vor allem in Hutabteilungen von Warenhäusern und speziellen Hutfachgeschäften.",136.00150905498205,-21.770575888384542
210,Orthopädieschuhmacher/ Orthopädieschuhmacherin,Textil- und Lederberufe,"Ingenieurwesen, Produktion & Handwerk",3.5,https://www.bibb.de/dienst/berufesuche/de/index_berufesuche.php/profile/apprenticeship/orth777,,"Profil der beruflichen Handlungsfähigkeit: Herstellen von orthopädischen Maßschuhen, Ausführen von orthopädischen Zurichtungen an Konfektionsschuhen, Modellieren und Herstellen von Einbauelementen, Anfertigen von Einlagen, Innenschuhen, Unterschenkel- und Fußorthesen und Fußprothesen, Anmessen und Anpassen von konfektionierten Bandagen, Unterschenkel- und Fußorthesen und Hilfsmitteln zur Kompressionsversorgung, Vermessen von Fuß und Bein und Anwenden von manuellen und digitalen Abformtechniken, Anmessen und Anpassen von teilkonfektionierten Schuhen, Korrigieren und Instandhalten von orthopädischen Hilfsmitteln, Betreuen und Beraten von Patienten und Kunden, Erfassen von orthopädischen Krankheitsbildern, Erarbeiten von technischen Unterlagen und Festlegen von Arbeitsabläufen, Ermitteln von Kosten für orthopädische Hilfsmittel und Dienstleistungen, Ausführen von medizinischen Fußpflegemaßnahmen, Beurteilen von Produktqualität und Durchführen von qualitätssichernden Maßnahmen.

Berufliche Tätigkeitsfelder: Orthopädieschuhmacher und Orthopädieschuhmacherinnen arbeiten zumeist in Fachbetrieben des Orthopädieschuhmacher-Handwerks, in Kliniken und in Sanitätshäusern. Sie sind in der Werkstatt und im Maß- und Verkaufsbereich tätig. Sie entwickeln in Zusammenarbeit mit den behandelnden Ärzten, Therapeuten und den Patienten orthopädische Versorgungen.",74.44208810959402,7.901082055326471
211,Pelzveredler/Pelzveredlerin,Textil- und Lederberufe,"Ingenieurwesen, Produktion & Handwerk",3.0,https://www.bibb.de/dienst/berufesuche/de/index_berufesuche.php/profile/apprenticeship/3782101,,Pelzveredler/Pelzveredlerin,-205.98088353730094,280.54156734296186
212,Polster- und Dekorationsnäher/ Polster- und Dekorationsnäherin,Textil- und Lederberufe,"Ingenieurwesen, Produktion & Handwerk",2.0,https://www.bibb.de/dienst/berufesuche/de/index_berufesuche.php/profile/apprenticeship/lkoi9807,Polster|und Dekorationsnäher/|Innendekorationsabteilungen von Warenhäusern|Anfertigen von Gardinen,"Profil der beruflichen Handlungsfähigkeit: Anfertigen von Gardinen- und Raumdekorationen, Anfertigen von Polsterbezugsteilen aus textilen Materialien und Leder, Herstellen von Bezügen und Houssen, Auswählen und Bearbeiten von Werk- und Hilfsstoffen, Einsetzen und Warten von Werkzeugen und Geräten, Durchführung von Verzierungs- und Abschlussarbeiten, Einrichten Bedienen und Instandhalten von Nähmaschinen und Bügelanlagen, Herstellen von Zuschnittschablonen und Zuschnitte unter Berücksichtigung rationeller Materialverwendung, Vorbereiten von Arbeitsabläufen, Anwenden von Informations- und Kommunikationstechniken, Erstellen von Arbeitsunterlagen, Durchführen von Messungen, Beurteilen und Dokumentieren von Arbeitsergebnissen sowie Durchführen von qualitätssichernden Maßnahmen.

Berufliche Tätigkeitsfelder: Polster- und Dekorationsnäher/-innen arbeiten in Fachbetrieben des Raumausstatterhandwerks, der Polstermöbelindustrie, in Gardinenkonfektionsnähereien und in Betrieben, die entsprechende Dienstleistungen anbieten, z.B. in Raumausstattungs-, Innendekorationsabteilungen von Warenhäusern.",130.60989556896567,-46.317993183675696
213,Polsterer/Polsterin,Textil- und Lederberufe,"Ingenieurwesen, Produktion & Handwerk",3.0,https://www.bibb.de/dienst/berufesuche/de/index_berufesuche.php/profile/apprenticeship/230413,Sitz|Arm|und Umweltschutzes,"Profil der beruflichen Handlungsfähigkeit: Herstellen von Polstermöbeln oder Matratzen unter Anwendung verschiedener Polstertechniken, Auswählen und Verarbeiten von Textilien, Leder, Holz- und Holzwerkstoffen, Kunststoffen, Metallen und Hilfsstoffen nach Verwendungszweck und Wirtschaftlichkeit, Erstellen von technischen Unterlagen für den Fertigungsablauf, Einrichten, Bedienen und Instandhalten von Geräten, Maschinen und Anlagen, Zuschneiden und Nähen von Bezügen, Aufbauen des Polstergrunds sowie Herstellen und Einsetzen tragender und elastischer Teile, Herstellen von Rücken-, Sitz-, Arm- und Kissenpolstern, Auswählen und Montieren von mechanischen und elektrischen Funktionselementen, Beziehen von Polsterteilen sowie Aufteilen und Gestalten von Polsterflächen, Ausführen von Verzierungsarbeiten und Montieren von Halbfertigteilen, Lagern und Verpacken von Polstermöbeln oder Matratzen, Entwickeln und Anfertigen von Prototypen, Kommunizieren mit Mitarbeitern und Vorgesetzen, Beurteilen von Qualität und Durchführen von qualitätssichernden Maßnahmen, Beachten von Grundsätzen der Arbeitssicherheit, des Gesundheits- und Umweltschutzes.

Berufliche Tätigkeitsfelder: Polsterer und Polsterinnen arbeiten hauptsächlich in den Unternehmen der Polstermöbelindustrie, zum Teil auch in der handwerklichen Polstermöbelherstellung und in Unternehmen der Raumausstattung sowie in der Matratzenherstellung.",260.2127472648487,24.96813583517127
214,Produktgestalter-Textil/ Produktgestalterin-Textil,Textil- und Lederberufe,"Ingenieurwesen, Produktion & Handwerk",3.0,https://www.bibb.de/dienst/berufesuche/de/index_berufesuche.php/profile/apprenticeship/45675567,Ihre Einsatzgebiete finden Produktgestalter|Textil und Produktgestalterinnen|und produktspezifischen Informationen,"Profil der beruflichen Handlungsfähigkeit: Auswählen textiler Rohstoffe und Erzeugnisse nach Verwendungszweck und Wirtschaftlichkeit, Erarbeiten technischer Unterlagen und Festlegen von Arbeitsabläufen, Beherrschen von Konstruktionstechniken und Maschinentechnologien, Anwenden unterschiedlicher Mal- und Zeichentechniken, Anwenden verschiedener Gestaltungselemente wie Farben, Strukturen und Formen, Entwickeln von Entwürfen entsprechend unterschiedlichem Verwendungszweck und Prüfen ihrer technischen Umsetzbarkeit, Übertragen und Rapportieren der Musterentwürfe in eine technische Zeichnung, Herstellen von Musterdatenträgern und Erstellen der Prototypen auf den Maschinen, Handhaben von Bildbearbeitungssystemen zur Entwurfserstellung und -modifikation, Archivieren genutzter und entworfener Muster sowie Stammdaten, Beurteilen der Qualität und Ergreifen qualitätssichernder Maßnahmen, Beachten der Grundsätze des Umweltschutzes, der Sicherheit und des Gesundheitsschutzes bei der Arbeit, Beschaffen von trend- und produktspezifischen Informationen.

Berufliche Tätigkeitsfelder: Ihre Einsatzgebiete finden Produktgestalter - Textil und Produktgestalterinnen - Textil in den Musterabteilungen der Unternehmen der Textil- und Bekleidungsindustrie und in Textilateliers, häufig sind sie auch als freischaffende Mitarbeiter tätig.",38.693934666469794,95.48653408497883
215,Produktionsmechaniker-Textil/ Produktionsmechanikerin-Textil,Textil- und Lederberufe,"Ingenieurwesen, Produktion & Handwerk",3.0,https://www.bibb.de/dienst/berufesuche/de/index_berufesuche.php/profile/apprenticeship/zu67zugj,und Vliesstoffindustrie|Auswählen von Werk|Betriebs|und Umweltschutzes,"Profil der beruflichen Handlungsfähigkeit: Auswählen von Werk-, Betriebs- und Hilfsstoffen nach Eigenschaften, Verwendungszweck und Kundenanforderungen, Erstellen und Anwenden von technischen Unterlagen, Planen und Dokumentieren von Arbeitsschritten und Arbeitsabläufen zur Herstellung von textilen Produkten, Duchführen von Qualitätsprüfungen und Bewerten der Ergebnisse, Analysieren von Mustervorlagen, Bestimmen der Konstruktionstechniken und Produktmerkmale und Erstellen von Datenträgern, Anwenden branchenspezifischer Fertigungstechniken und Erfassen von Prozesszusammenhängen, Verändern der Produkteigenschaften durch Modifizieren der Prozessparameter, Anwenden der Steuer- und Regelungstechniken, Rüsten von Produktionsmaschinen und -anlagen, Einstellen von Prozessparametern, Kontrollieren der Prozessabläufe und Einleiten von Korrekturmaßnahmen, Instandhalten der Maschinen und Anlagen und Beheben von Maschinenstörungen, Duchführen qualitätssichernder Maßnahmen, Beachten der Grundsätze der Sicherheit, des Gesundheits- und Umweltschutzes.

Berufliche Tätigkeitsfelder: Produktionsmechaniker und Produktionsmechanikerinnen - Textil arbeiten überwiegend in den klassischen Produktionsbereichen der Textilwirtschaft, wie Webereien, Spinnereien, Stickereien und Flechtereien, in der Maschenwarenindustrie, der Tufting- und Vliesstoffindustrie.",139.73092429859148,-19.2300901510894
216,Produktprüfer-Textil,Textil- und Lederberufe,"Ingenieurwesen, Produktion & Handwerk",2.0,https://www.bibb.de/dienst/berufesuche/de/index_berufesuche.php/profile/apprenticeship/271006,Produktprüfer/|innen|Unterscheiden von textilen Fertigungs|und Verarbeitungsprozessen sowie Konfektions|und Umweltschutzes,"Profil der beruflichen Handlungsfähigkeit: Unterscheiden von textilen Fertigungs- und Verarbeitungsprozessen sowie Konfektions- und Fügetechniken, Planen und Dokumentieren der Arbeitsschritte und Arbeitsabläufe, Analysieren von Mustervorlagen, Bestimmen der Konstruktionstechniken und Produktmerkmale, Bestimmen und Klassifizieren von Oberflächen- und Konstruktionsfehlern, Anwenden von Techniken zur Beseitigung von Fehlern, Auswerten von Prüfergebnissen und Erstellen von Prüfprotokollen, Beurteilen der Qualität der Produkte, Beachten der Kundenforderungen und Bearbeiten von Reklamationen, Beachten der Grundsätze der Sicherheit bei der Arbeit, des Gesundheits- und Umweltschutzes.

Berufliche Tätigkeitsfelder: Produktprüfer/-innen - Textil werden zur Fehlererkennung und Fehlerbehebung in textilen Produktionsbereichen, in denen hochwertige Produkte hergestellt werden, eingesetzt, z. B. in Webereien, Stickereien und Strickereien und bei der Herstellung von Bekleidung.",52.60903245852119,17.341942605540808
217,Produktveredler-Textil/ Produktveredlerin-Textil,Textil- und Lederberufe,"Ingenieurwesen, Produktion & Handwerk",3.0,https://www.bibb.de/dienst/berufesuche/de/index_berufesuche.php/profile/apprenticeship/ui7kjou0,Produktveredler|Textil und Produktveredlerinnen|Betriebs,"Profil der beruflichen Handlungsfähigkeit: Anwenden von Textilveredlungsverfahren und Erfassen der physikalischen und chemischen Zusammenhänge, Auswählen von Prüfverfahren und -mittel und Duchführen von Qualitätsprüfungen, Feststellen physikalischer Größen, Durchführen optischer Messungen und Ermitteln von Kenndaten, Duchführen von Ansatz- und Rezepturberechnungen, Prüfen und Optimieren der Rezepte, Verändern der Produkteigenschaften durch Steuern und Regeln der Maschinen und Anlagen, Auswählen der Werk-, Betriebs- und Hilfsstoffe nach Eigenschaften, Verwendungszweck und Kundenanforderungen, Erstellen von Skizzen und Zeichnungen und Anwenden von technischen Unterlagen, Planen und Dokumentieren der Arbeitsschritte und Arbeitsabläufe zur Veredlung von textilen Produkten, Vorrichten von Maschinen und Anlagen, Einstellen der Prozessparameter, Kontrollieren der Veredlungsprozesse und Einleiten von Korrekturmaßnahmen, Instandhalten von Maschinen und Anlagen, Durchführen qualitätssichernder Maßnahmen, Berücksichtigen ökologischer und umweltgerechter Anforderungen, Beachten der Grundsätze der Sicherheit und des Gesundheitsschutzes bei der Arbeit.

Berufliche Tätigkeitsfelder: Produktveredler- Textil und Produktveredlerinnen -Textil arbeiten überwiegend in industriellen Unternehmen der Textilveredlung, vor allem in den Bereichen Appretur, Beschichtung, Druckerei und Färberei.",97.18077710357166,-54.01528046038966
218,Schuhfertiger/Schuhfertigerin,Textil- und Lederberufe,"Ingenieurwesen, Produktion & Handwerk",3.0,https://www.bibb.de/dienst/berufesuche/de/index_berufesuche.php/profile/apprenticeship/240616,Herren|und Kinderschuhe ua Sport|und Wanderschuhe sowie Berufs|und Umweltschutzes,"Profil der beruflichen Handlungsfähigkeit: Herstellen von Schuhen mit industriellen Fertigungsverfahren, Auswählen und Einsetzen von Ledern und anderen Werk- und Hilfsstoffen, Festlegen von Arbeitsabläufen und Anwenden von technischen Unterlagen, Schneiden und Stanzen von Schaftteilen, Vorrichten von Schaftteilen, Steppen und Kleben von Schäften, Vorbereiten von Bodenteilen, Montieren von Schäften und Bodenteilen, Finishen und Verkaufsfertigmachen von Schuhen, Anfertigen von Leistenkopien, Ausarbeiten von Schuhmodellen, Beurteilen von Qualität und Durchführen von qualitätssichernden Maßnahmen, Beachten von Grundsätzen der Arbeitssicherheit, des Gesundheits- und Umweltschutzes.

Berufliche Tätigkeitsfelder: Schuhfertiger und Schuhfertigerinnen stellen mit industriellen Fertigungsverfahren Schuhe her. Die Produktpalette umfasst Damen-, Herren- und Kinderschuhe, u.a. Sport- und Wanderschuhe sowie Berufs- und Sicherheitsschuhe. Ihr Arbeitsplatz ist überwiegend in der Produktion und in technischen Abteilungen.",164.5427796130596,53.014456165457254
219,Segelmacher/Segelmacherin,Textil- und Lederberufe,"Ingenieurwesen, Produktion & Handwerk",3.0,https://www.bibb.de/dienst/berufesuche/de/index_berufesuche.php/profile/apprenticeship/291852,Planen und auf Plätzen für Veranstaltungen Zelte|und Umweltschutzes,"Profil der beruflichen Handlungsfähigkeit: Herstellen von Segeln, Bezügen, Planen, Zelten und Markisen, Auswählen von Werk- und Hilfsstoffen sowie Zubehör nach Verwendungszweck und Wirtschaftlichkeit, Planen von Arbeitsschritten und Arbeitsabläufen, Anfertigen von technischen Unterlagen, Messen und Aufschnüren von Flächen, Handhaben von Werkzeugen, Bedienen von Maschinen und Anlagen, Zuschneiden von Werk- und Hilfsstoffen, Herstellen von Profilierungen, Verbinden durch Nähen, Schweißen oder Kleben, Anbringen von Zubehör, Anschlagen von Segeln sowie Arbeiten an Rigg und Takelage, Montieren von Bezügen, Planen, Zelten und Markisen, Durchführen von Reparatur- und Wartungsarbeiten, Beraten von Kunden und Anbieten von Serviceleistungen, Beurteilen der Qualität und Ergreifen von qualitätssichernden Maßnahmen, Beachten von Grundsätzen der Arbeitssicherheit, des Gesundheits- und Umweltschutzes.

Berufliche Tätigkeitsfelder: Segelmacher und Segelmacherinnen arbeiten überwiegend in Werkstätten oder Werkhallen, in denen Segel, Bezüge, Planen, Zelte und Markisen hergestellt werden. Die Montagearbeiten finden meistens im Freien an unterschiedlichen Orten statt, z.B. auf Schiffen und Booten (Segel, Bezüge), beim Kunden (Markisen), bei Transportfirmen (LKW-Planen) und auf Plätzen für Veranstaltungen (Zelte).",160.18110675989118,65.65373902039113
220,Technischer Konfektionär/ Technische Konfektionärin,Textil- und Lederberufe,"Ingenieurwesen, Produktion & Handwerk",3.0,https://www.bibb.de/dienst/berufesuche/de/index_berufesuche.php/profile/apprenticeship/81523,und Schutztechnik herstellen|und Umweltschutzes,"Profil der beruflichen Handlungsfähigkeit: Herstellen von technischer Konfektionsware z.B. für Sonnenschutz, Umweltschutz, Bautechnik, Transport- und Schutztechnik, Auswählen und verwenden von textilen Werk- und Hilfsstoffen, Folien, Verbundstoffen und Zubehör nach Einsatzgebieten und Wirtschaftlichkeit, Planen von Arbeitsschritten und Arbeitsabläufen, Anfertigen und Anwenden von technischen Unterlagen, Vorrichten, Bedienen und Überwachen von Maschinen und Anlagen, Zuschneiden von Werk- und Hilfsstoffen, Herstellen von Verbindungen durch Nähen, Schweißen und Kleben, Anbringen von Zubehör, Reparieren von technischer Konfektionsware und Zubehör, Umsetzen von Kundenanforderungen, Beurteilen der Qualität und Ergreifen von qualitätssichernden Maßnahmen, Beachten von Grundsätzen der Arbeitssicherheit, des Gesundheits- und Umweltschutzes.

Berufliche Tätigkeitsfelder: Ihren Arbeitsplatz haben Technische Konfektionäre und Technische Konfektionärinnen in Werkstätten oder Werkhallen von Unternehmen, die technische Konfektionsware für z.B. Sonnenschutz, Umweltschutz, Bautechnik, Transport- und Schutztechnik herstellen.",158.67643001831442,75.1830067514242
221,Textil- und Modenäher/ Textil- und Modenäherin,Textil- und Lederberufe,"Ingenieurwesen, Produktion & Handwerk",2.0,https://www.bibb.de/dienst/berufesuche/de/index_berufesuche.php/profile/apprenticeship/03042015,Textil|und Modenäher und Textil|und Musterabteilungen der Unternehmen der Textil|Herren|und Kinderoberbekleidung Berufs|Sport|und Freizeitkleidung Tag|und Nachtwäsche Bade|und Umweltschutzes,"Profil der beruflichen Handlungsfähigkeit: Anfertigen von Bekleidungsartikeln und sonstigen textilen Artikeln anhand von technischen Anweisungen, Auswählen von textilen Werk- und Hilfsstoffen und Zubehör nach Verwendungszweck und Wirtschaftlichkeit, Zuschneiden und Fügen von Teilen, Ausführen von Näharbeitsgängen, Ausführen von Bügel- und Fixierarbeiten, Einrichten, Bedienen und Instandhalten von Werkzeugen, Geräten, Maschinen und Anlagen, rationelles Ausführen von Arbeitsgängen, Planen und Vorbereiten von Arbeitsabläufen, Bearbeiten von Schnitten und Erstellen von Schnittbildern, Anwenden von technischen Unterlagen, Erfassen des Zusammenhangs zwischen Gestaltung, Konstruktion und Verarbeitung, Kommunizieren mit Mitarbeitern und Vorgesetzen, Beurteilen von Qualität und Durchführen von qualitätssichernden Maßnahmen, Beachten von Grundsätzen der Arbeitssicherheit, des Gesundheits- und Umweltschutzes.

Berufliche Tätigkeitsfelder: Textil- und Modenäher und Textil- und Modenäherinnen arbeiten vorwiegend in den Näh- und Musterabteilungen der Unternehmen der Textil- und Bekleidungsindustrie, insbesondere in den Bereichen Damen-, Herren- und Kinderoberbekleidung, Berufs-, Sport- und Freizeitkleidung, Tag- und Nachtwäsche, Bade- und Miederwaren, Kopfbedeckungen, Bekleidungszubehör, Haus- und Heimtextilien sowie in der Konfektion medizinischer und technischer Textilien.",203.20697757649285,65.90628247006644
222,Textilgestalter im Handwerk/ Textilgestalterin im Handwerk Ausbildung in Fachrichtung: – Filzen,Textil- und Lederberufe,"Ingenieurwesen, Produktion & Handwerk",3.0,https://www.bibb.de/dienst/berufesuche/de/index_berufesuche.php/profile/apprenticeship/tih56789,und Umweltschutzes,"Profil der beruflichen Handlungsfähigkeit: Gestalten und Herstellen von Klöppelspitzen, Anwenden verschiedener Klöppelspitzentechniken, Entwickeln und Gestalten von Entwürfen, Durchführen von experimentellen Spitzenarbeiten, Planen und Vorbereiten von Arbeitsabläufen, Einsetzen und Kombinieren von Werkstoffen nach Verwendungszweck und Wirtschaftlichkeit, Erstellen von technischen Unterlagen, Handhaben von Arbeitsgeräten und Werkzeugen,, Ausführen von Ecken und Runden, Umsetzen von Kantenanfängen und Kantenabschlüssen, Einarbeiten von Verbindungen und Verzierungen, Zusammenfügen und Montieren von Spitzen, Instandsetzen von Klöppelspitzen, Verkaufen und Präsentieren von Klöppelspitzen, Beraten von Kunden, Beurteilen von Qualität und Durchführen von qualitätssichernden Maßnahmen, Beachten von Grundsätzen der Arbeitssicherheit, des Gesundheits- und Umweltschutzes.

Berufliche Tätigkeitsfelder: Textilgestalter/Textilgestalterinnen im Handwerk, Fachrichtung Klöppeln, arbeiten in Werkstätten, Ateliers und Unternehmen. Mögliche Arbeitsbereiche können u.a. Modeateliers, therapeutische Einrichtungen oder Theaterwerkstätten und Museen sein. Der spätere berufliche Werdegang führt oft in die Selbstständigkeit.",1048.781665052391,763.7329061165639
223,Textilgestalter im Handwerk/ Textilgestalterin im Handwerk Ausbildung in Fachrichtung: – Klöppeln,Textil- und Lederberufe,"Ingenieurwesen, Produktion & Handwerk",3.0,https://www.bibb.de/dienst/berufesuche/de/index_berufesuche.php/profile/apprenticeship/tih56789,und Umweltschutzes,"Profil der beruflichen Handlungsfähigkeit: Gestalten und Herstellen von Klöppelspitzen, Anwenden verschiedener Klöppelspitzentechniken, Entwickeln und Gestalten von Entwürfen, Durchführen von experimentellen Spitzenarbeiten, Planen und Vorbereiten von Arbeitsabläufen, Einsetzen und Kombinieren von Werkstoffen nach Verwendungszweck und Wirtschaftlichkeit, Erstellen von technischen Unterlagen, Handhaben von Arbeitsgeräten und Werkzeugen,, Ausführen von Ecken und Runden, Umsetzen von Kantenanfängen und Kantenabschlüssen, Einarbeiten von Verbindungen und Verzierungen, Zusammenfügen und Montieren von Spitzen, Instandsetzen von Klöppelspitzen, Verkaufen und Präsentieren von Klöppelspitzen, Beraten von Kunden, Beurteilen von Qualität und Durchführen von qualitätssichernden Maßnahmen, Beachten von Grundsätzen der Arbeitssicherheit, des Gesundheits- und Umweltschutzes.

Berufliche Tätigkeitsfelder: Textilgestalter/Textilgestalterinnen im Handwerk, Fachrichtung Klöppeln, arbeiten in Werkstätten, Ateliers und Unternehmen. Mögliche Arbeitsbereiche können u.a. Modeateliers, therapeutische Einrichtungen oder Theaterwerkstätten und Museen sein. Der spätere berufliche Werdegang führt oft in die Selbstständigkeit.",1049.6507873001813,768.344704456186
224,Textilgestalter im Handwerk/ Textilgestalterin im Handwerk Ausbildung in Fachrichtung: – Posamentieren,Textil- und Lederberufe,"Ingenieurwesen, Produktion & Handwerk",3.0,https://www.bibb.de/dienst/berufesuche/de/index_berufesuche.php/profile/apprenticeship/tih56789,und Umweltschutzes,"Profil der beruflichen Handlungsfähigkeit: Gestalten und Herstellen von Klöppelspitzen, Anwenden verschiedener Klöppelspitzentechniken, Entwickeln und Gestalten von Entwürfen, Durchführen von experimentellen Spitzenarbeiten, Planen und Vorbereiten von Arbeitsabläufen, Einsetzen und Kombinieren von Werkstoffen nach Verwendungszweck und Wirtschaftlichkeit, Erstellen von technischen Unterlagen, Handhaben von Arbeitsgeräten und Werkzeugen,, Ausführen von Ecken und Runden, Umsetzen von Kantenanfängen und Kantenabschlüssen, Einarbeiten von Verbindungen und Verzierungen, Zusammenfügen und Montieren von Spitzen, Instandsetzen von Klöppelspitzen, Verkaufen und Präsentieren von Klöppelspitzen, Beraten von Kunden, Beurteilen von Qualität und Durchführen von qualitätssichernden Maßnahmen, Beachten von Grundsätzen der Arbeitssicherheit, des Gesundheits- und Umweltschutzes.

Berufliche Tätigkeitsfelder: Textilgestalter/Textilgestalterinnen im Handwerk, Fachrichtung Klöppeln, arbeiten in Werkstätten, Ateliers und Unternehmen. Mögliche Arbeitsbereiche können u.a. Modeateliers, therapeutische Einrichtungen oder Theaterwerkstätten und Museen sein. Der spätere berufliche Werdegang führt oft in die Selbstständigkeit.",1048.7816650561394,763.7329061130685
225,Textilgestalter im Handwerk/ Textilgestalterin im Handwerk Ausbildung in Fachrichtung: – Sticken,Textil- und Lederberufe,"Ingenieurwesen, Produktion & Handwerk",3.0,https://www.bibb.de/dienst/berufesuche/de/index_berufesuche.php/profile/apprenticeship/tih56789,und Umweltschutzes,"Profil der beruflichen Handlungsfähigkeit: Gestalten und Herstellen von Klöppelspitzen, Anwenden verschiedener Klöppelspitzentechniken, Entwickeln und Gestalten von Entwürfen, Durchführen von experimentellen Spitzenarbeiten, Planen und Vorbereiten von Arbeitsabläufen, Einsetzen und Kombinieren von Werkstoffen nach Verwendungszweck und Wirtschaftlichkeit, Erstellen von technischen Unterlagen, Handhaben von Arbeitsgeräten und Werkzeugen,, Ausführen von Ecken und Runden, Umsetzen von Kantenanfängen und Kantenabschlüssen, Einarbeiten von Verbindungen und Verzierungen, Zusammenfügen und Montieren von Spitzen, Instandsetzen von Klöppelspitzen, Verkaufen und Präsentieren von Klöppelspitzen, Beraten von Kunden, Beurteilen von Qualität und Durchführen von qualitätssichernden Maßnahmen, Beachten von Grundsätzen der Arbeitssicherheit, des Gesundheits- und Umweltschutzes.

Berufliche Tätigkeitsfelder: Textilgestalter/Textilgestalterinnen im Handwerk, Fachrichtung Klöppeln, arbeiten in Werkstätten, Ateliers und Unternehmen. Mögliche Arbeitsbereiche können u.a. Modeateliers, therapeutische Einrichtungen oder Theaterwerkstätten und Museen sein. Der spätere berufliche Werdegang führt oft in die Selbstständigkeit.",1048.7816650557108,763.7329061134309
226,Textilgestalter im Handwerk/ Textilgestalterin im Handwerk Ausbildung in Fachrichtung: – Stricken,Textil- und Lederberufe,"Ingenieurwesen, Produktion & Handwerk",3.0,https://www.bibb.de/dienst/berufesuche/de/index_berufesuche.php/profile/apprenticeship/tih56789,und Umweltschutzes,"Profil der beruflichen Handlungsfähigkeit: Gestalten und Herstellen von Klöppelspitzen, Anwenden verschiedener Klöppelspitzentechniken, Entwickeln und Gestalten von Entwürfen, Durchführen von experimentellen Spitzenarbeiten, Planen und Vorbereiten von Arbeitsabläufen, Einsetzen und Kombinieren von Werkstoffen nach Verwendungszweck und Wirtschaftlichkeit, Erstellen von technischen Unterlagen, Handhaben von Arbeitsgeräten und Werkzeugen,, Ausführen von Ecken und Runden, Umsetzen von Kantenanfängen und Kantenabschlüssen, Einarbeiten von Verbindungen und Verzierungen, Zusammenfügen und Montieren von Spitzen, Instandsetzen von Klöppelspitzen, Verkaufen und Präsentieren von Klöppelspitzen, Beraten von Kunden, Beurteilen von Qualität und Durchführen von qualitätssichernden Maßnahmen, Beachten von Grundsätzen der Arbeitssicherheit, des Gesundheits- und Umweltschutzes.

Berufliche Tätigkeitsfelder: Textilgestalter/Textilgestalterinnen im Handwerk, Fachrichtung Klöppeln, arbeiten in Werkstätten, Ateliers und Unternehmen. Mögliche Arbeitsbereiche können u.a. Modeateliers, therapeutische Einrichtungen oder Theaterwerkstätten und Museen sein. Der spätere berufliche Werdegang führt oft in die Selbstständigkeit.",1048.7816650550317,763.7329061140688
227,Textilgestalter im Handwerk/ Textilgestalterin im Handwerk Ausbildung in Fachrichtung: – Weben,Textil- und Lederberufe,"Ingenieurwesen, Produktion & Handwerk",3.0,https://www.bibb.de/dienst/berufesuche/de/index_berufesuche.php/profile/apprenticeship/tih56789,und Umweltschutzes,"Profil der beruflichen Handlungsfähigkeit: Gestalten und Herstellen von Klöppelspitzen, Anwenden verschiedener Klöppelspitzentechniken, Entwickeln und Gestalten von Entwürfen, Durchführen von experimentellen Spitzenarbeiten, Planen und Vorbereiten von Arbeitsabläufen, Einsetzen und Kombinieren von Werkstoffen nach Verwendungszweck und Wirtschaftlichkeit, Erstellen von technischen Unterlagen, Handhaben von Arbeitsgeräten und Werkzeugen,, Ausführen von Ecken und Runden, Umsetzen von Kantenanfängen und Kantenabschlüssen, Einarbeiten von Verbindungen und Verzierungen, Zusammenfügen und Montieren von Spitzen, Instandsetzen von Klöppelspitzen, Verkaufen und Präsentieren von Klöppelspitzen, Beraten von Kunden, Beurteilen von Qualität und Durchführen von qualitätssichernden Maßnahmen, Beachten von Grundsätzen der Arbeitssicherheit, des Gesundheits- und Umweltschutzes.

Berufliche Tätigkeitsfelder: Textilgestalter/Textilgestalterinnen im Handwerk, Fachrichtung Klöppeln, arbeiten in Werkstätten, Ateliers und Unternehmen. Mögliche Arbeitsbereiche können u.a. Modeateliers, therapeutische Einrichtungen oder Theaterwerkstätten und Museen sein. Der spätere berufliche Werdegang führt oft in die Selbstständigkeit.",1048.7816650546404,763.7329061144509
228,Änderungsschneider/Änderungsschneiderin,Textil- und Lederberufe,"Ingenieurwesen, Produktion & Handwerk",2.0,https://www.bibb.de/dienst/berufesuche/de/index_berufesuche.php/profile/apprenticeship/nmhjbkhi,und Kaufhäusern,"Profil der beruflichen Handlungsfähigkeit: Ändern, Modernisieren und Reparieren von Kleidungsstücken und Heimtextilien, Annehmen von Änderungsaufträgen und Beraten der Kunden über Änderungsmöglichkeiten und Kosten, Planen der Arbeitsschritte zur Änderung von Kleidungsstücken und Heimtextilien, Durchführen von Eingangskontrollen und Disponieren der Materialien, Handhaben von Arbeitsgeräten, Maschinen und Einrichtungen, Vorbereiten von Klein- und Großstücken sowie Hilfsstoffen für Änderungen, Ausführen von Bügelarbeiten, Ausführen von Näharbeitsgängen mit Maschine und Hand, Dokumentieren der Auftrags- und Änderungsdaten, Berücksichtigung von Sicherheit und Gesundheitsschutz bei der Arbeit, Umweltschutz sowie Wirtschaftlichkeit, Durchführen von qualitätssichernden Maßnahmen.

Berufliche Tätigkeitsfelder: Änderungsschneider/ Änderungsschneiderinnen arbeiten in Änderungsateliers oder in den Konfektionsabteilungen von Mode- und Kaufhäusern.",82.41077309393407,4.350139621008823
229,Fachmann für Restaurants und Veranstaltungsgastronomie/ Fachfrau für Restaurants und Veranstal-tungsgastronomie,"Tourismus-, Hotel- und Gaststättenberufe","Gastronomie, Tourismus & Dienstleistungen",3.0,https://www.bibb.de/dienst/berufesuche/de/index_berufesuche.php/profile/apprenticeship/restfa22,und Veranstaltungswesen,"Profil der beruflichen Handlungsfähigkeit: Empfangen und Betreuen der Gäste, Beraten der Gäste über das Speisenangebot und korrespondierende Getränke, Verkaufen von Speisen und Getränke, Präsentieren und Servieren unter Berücksichtigung verschiedener Servierarten, Zubereiten von Speisen und Getränken am Tisch des Gastes, Herstellen von Heiß- und Kaltgetränken sowie von Mischgetränken, Ausschenken von Getränken, Planen und Organisieren von Veranstaltungen und Banketts und Mitwirken bei der Durchführung, Organisieren von Serviceabläufen, Planen des Personaleinsatzes und Anleiten von Mitarbeitenden, Bedienen von Reservierungs- und Kassensystemen sowie Erstellen von Abrechnungen, Umsetzen von verkaufsfördernden Maßnahmen, Annehmen und Lagern von Waren sowie Überwachen der Bestände, Umsetzen von Hygienemaßnahmen, Beachten von Nachhaltigkeitsaspekten Arbeiten im Team.

Berufliche Tätigkeitsfelder: Fachleute für Restaurants und Veranstaltungsgastronomie arbeiten insbesondere in Restaurants, Gasthöfen, Hotels, im Catering, in der Gemeinschaftsgastronomie oder im Messe- und Veranstaltungswesen.",1.506387555098588,-16.66247442318371
230,Fachmann für Systemgastronomie/ Fachfrau für Systemgastronomie,"Tourismus-, Hotel- und Gaststättenberufe","Gastronomie, Tourismus & Dienstleistungen",3.0,https://www.bibb.de/dienst/berufesuche/de/index_berufesuche.php/profile/apprenticeship/fasyga22,,"Profil der beruflichen Handlungsfähigkeit: Umsetzen eines zentral vorgegebenen Gastronomiekonzeptes und Überwachen der Einhaltung, Organisieren und Steuern von betrieblichen Abläufen, Empfangen, Betreuen und Beraten der Gäste, Umsetzen des Reklamationsmanagements, Bedienen von Kassen- und Bezahlsystemen, Annehmen und Lagern von Waren sowie Überwachen der Bestände, Prüfen der Beschaffenheit und Qualität von Lebensmitteln, Planen des Personaleinsatzes, Anleiten von Mitarbeitenden, Arbeiten im Team, Führung und Entwicklung von Mitarbeitenden, Überwachen der Produktqualität und Durchführen von qualitätssichernden Maßnahmen, Ermitteln und Beurteilen von betrieblichen Kennzahlen, Planen und Durchführen von Marketingaktionen, Wahrnehmen grundlegender Aufgaben in Küche und Produktion, Wahrnehmen grundlegender Aufgaben im Service, Umsetzen von Hygienemaßnahmen , Beachten von Nachhaltigkeitsaspekten.

Berufliche Tätigkeitsfelder: Fachleute für Systemgastronomie arbeiten insbesondere in gastronomischen Betrieben, die auf Basis eines standardisierten und zentral gesteuerten Konzeptes multipliziert sind.",-33.203606639150074,10.855360024059024
231,Hotelfachmann/Hotelfachfrau,"Tourismus-, Hotel- und Gaststättenberufe","Gastronomie, Tourismus & Dienstleistungen",3.0,https://www.bibb.de/dienst/berufesuche/de/index_berufesuche.php/profile/apprenticeship/hofa22,Managements und des Revenue|and|Beverage,"Profil der beruflichen Handlungsfähigkeit: Arbeiten in der Reservierung und am Empfang, Verkaufen von Übernachtungen und Dienstleistungen, Organisieren des Empfangs- und Reservierungsbereiches, Bearbeiten der Gästekommunikation und des Beschwerde-Managements, Umsetzen der betrieblichen Strategien des Channel-Managements und des Revenue-Managements, Umsetzen und Auswerten von Maßnahmen der Verkaufsförderung und des Marketings, Verkaufen, Organisieren und Durchführen von Veranstaltungen, Planen, Organisieren und Kontrollieren des Housekeepings, Wahrnehmen von Aufgaben im Food-and-Beverage-Management, Annehmen und Lagern von Waren sowie Überwachen der Bestände, Empfangen und Beraten der Gäste, Servieren von Speisen und Getränken, Umsetzen von Hygienemaßnahmen, Beachten von Nachhaltigkeitsaspekten, Anleiten und Führen von Mitarbeitenden, Arbeiten im Team und Kooperieren mit angrenzenden Zuständigkeitsbereichen.

Berufliche Tätigkeitsfelder: Hotelfachleute arbeiten in Beherbergungsbetrieben, insbesondere in Hotels, Gasthöfen und Pensionen.",-31.895939326038917,-16.554407312878084
232,Kaufmann für Hotelmanagement/ Kauffrau für Hotelmanagement,"Tourismus-, Hotel- und Gaststättenberufe","Gastronomie, Tourismus & Dienstleistungen",3.0,https://www.bibb.de/dienst/berufesuche/de/index_berufesuche.php/profile/apprenticeship/kaho22,Planen Durchführen und Analysieren des Channel|Managements und des Revenue,"Profil der beruflichen Handlungsfähigkeit: Planen, Durchführen und Analysieren des Channel-Managements und des Revenue-Managements, Entwickeln, Durchführen und Auswerten von Marketingmaßnahmen, Erstellen von Rechnungen und Überwachen des Zahlungsverkehrs, Ermitteln und Auswerten von betrieblichen Kennzahlen, Führen von Betriebsstatistiken, Kalkulieren der Verkaufspreise, Annehmen und Lagern von Waren sowie Überwachen der Bestände, Ermitteln von Warenbedarfen und Bearbeiten von Beschaffungsvorgängen, Steuern, Kalkulieren und Auswerten von Veranstaltungen, Durchführen von Personalplanungen und Bearbeiten von Personalvorgängen, Arbeiten in der Reservierung und am Empfang, Verkaufen von Übernachtungen und Dienstleistungen, Bearbeiten der Gästekommunikation und des Beschwerde-Managements, Empfangen und Beraten der Gäste, Grundlegende Aufgaben im Service, Umsetzen von Hygienemaßnahmen, Beachten von Nachhaltigkeitsaspekten, Arbeiten im Team und Kooperieren mit angrenzenden Zuständigkeitsbereichen.

Berufliche Tätigkeitsfelder: Kaufleute für Hotelmanagement arbeiten vorwiegend administrativ und unterstützen die strategischen Bereiche insbesondere in Beherbergungsbetrieben, Hotelkooperationen und Hotelketten.",-8.707390363956968,-43.78785911265224
233,Kaufmann für Tourismus und Freizeit/ Kauffrau für Tourismus und Freizeit,"Tourismus-, Hotel- und Gaststättenberufe","Gastronomie, Tourismus & Dienstleistungen",3.0,https://www.bibb.de/dienst/berufesuche/de/index_berufesuche.php/profile/apprenticeship/54refdvc,und Ferienparks Campingplätze Marinas Incoming|und Wellnesstourismus,"Profil der beruflichen Handlungsfähigkeit: Entwickeln, Vermitteln und Verkaufen von touristischen und freizeitwirtschaftlichen Produkten und Dienstleistungen, Koordinieren regionaler und lokaler touristischer Angebote nach Kundenwünschen, zielgruppenspezifisches Informieren über touristische Leistungen und Attraktionen, auch in einer Fremdsprache, Beraten und Betreuen von Kunden, Anbieten von Serviceleistungen, Inszenieren von Aktionen und Durchführen von Veranstaltungen, Mitwirken bei der Entwicklung von Marketingmaßnahmen und Umsetzen dieser, Zusammenarbeiten mit lokalen und regionalen Partnern, Mitwirken bei der kaufmännischen Steuerung und Kontrolle, Gewährleisten von Servicequalität und Beachten der Umweltstandards, Anwenden von Informations- und Kommunikationssystemen, Mitwirken bei der Sicherstellung der Funktionsfähigkeit von technischen Anlagen und Einrichtungen.

Berufliche Tätigkeitsfelder: Kaufleute für Tourismus und Freizeit sind in Unternehmen der Tourismus- und Freizeitbranche tätig. Dazu gehören regionale und nationale Tourismus- und Freizeitorganisationen, lokale und regionale Tourismusstellen unterschiedlicher Rechtsform, touristische Branchenverbände, Freizeitbäder, Freizeit- und Ferienparks, Campingplätze, Marinas, Incoming-Unternehmen, touristisch orientierte Verkehrsunternehmen, weitere Einrichtungen und Unternehmen zur Vermarktung touristischer Attraktionen sowie Unternehmen und Organisationen des Gesundheits- und Wellnesstourismus.",-79.07912617848086,29.960596705844647
234,Sport- und Fitnesskaufmann/ Sport- und Fitnesskauffrau,"Tourismus-, Hotel- und Gaststättenberufe","Gastronomie, Tourismus & Dienstleistungen",3.0,https://www.bibb.de/dienst/berufesuche/de/index_berufesuche.php/profile/apprenticeship/101007,Beschäftigungsmöglichkeiten finden Sport,"Profil der beruflichen Handlungsfähigkeit: Mitwirken bei der Entwicklung und Erarbeitung von Konzepten über Sport- und sonstige Dienstleistungsangebote, Mitwirken bei der Planung und Koordinierung des täglichen Sportbetriebes und Sichern der dafür nötigen technischen Voraussetzungen (Sportgeräte, Räume, Plätze), Anwenden von sozialen und kommunikativen Fähigkeiten, Gestalten von Organisationsabläufen und Verwaltungsprozessen, team- und kundenorientiertes Arbeiten, Einsetzen von Methoden der Arbeitsplanung und -kontrolle, Bearbeiten von Geschäftsvorgängen des Rechnungswesens und Durchführen von Kalkulationen, Nutzen von Informations- und Kommunikationssystemen, Informieren, Beraten und Betreuen der Mitglieder, Kunden und Interessenten, Beobachten des Marktgeschehens und Erarbeiten von Marketingkonzepten, Erstellen, Auswerten und Präsentieren von Statistiken, Bearbeiten von personalwirtschaftlichen Vorgängen, Mitwirken bei der Planung, Organisation und Durchführung von Sportveranstaltungen, Kontrollieren der Einhaltung der Sicherheitsnormen im Sportbereich, Mitwirken bei der Verwaltung von Sportstätten, Beschaffen von Waren und Dienstleistungen.

Berufliche Tätigkeitsfelder: Beschäftigungsmöglichkeiten finden Sport- und Fitnesskaufleute überwiegend in Betrieben der Fitness- und Freizeitwirtschaft, wie z.B. Fitnesscentern, Fitnessanlagen, aber auch in Freizeitparks sowie bei Sportverbänden, Sportvereinen oder in Sportämtern.",23.312819379529778,-91.30077168132516
235,Sportfachmann/Sportfachfrau,"Tourismus-, Hotel- und Gaststättenberufe","Gastronomie, Tourismus & Dienstleistungen",3.0,https://www.bibb.de/dienst/berufesuche/de/index_berufesuche.php/profile/apprenticeship/090907,Sport|und Trainingsbetrieb von Sportvereinen und|verbänden sowie in Sport|und Fitnessstudios tätig|Trainings|Verband DSSV der Übungsleiter/ Übungsleiterin|Lizenz und Trainer,"Profil der beruflichen Handlungsfähigkeit: Informieren, Beraten und Betreuen der Mitglieder und Kunden über Sportangebote sowie gesundheitliche Aspekte von Bewegung und Ernährung, Entwickeln und Erarbeiten von Konzepten für den Breiten- und Wettkampfsport, Sicherstellen des organisatorischen Ablaufs des Sport-,Trainings- und Wettkampfbetriebes, Trainieren und Beraten der Sportlerinnen/ Sportler in einer Sportart und Anwenden der sportartspezifischen Regeln, Planen, Koordinieren, Organisieren und Durchführen sportartübergreifender und sportartspezifischer Trainings- und Wettkampfveranstaltungen, Herstellen bedarfsgerechter und situationsbedingter Trainings- und Wettkampfbedingungen, Betreuen Sportlerinnen/ Sportler im Training und Wettkampf, Durchführen von Leistungsbeobachtungen und Ziehen von Schlussfolgerungen, Veranlassen der Pflege und Wartung der Sportgeräte und -stätten und der dazugehörigen Anlagen, Fertigkeiten, Kenntnisse und Fähigkeiten zur Ausübung von Trainings¬- und Betreuungstätigkeiten, die dem ""Lizenzierten Fitnesstrainer Deutscher Sportstudio-Verband DSSV"", der ""Übungsleiter/ Übungsleiterin-C-Lizenz des Deutschen Olympischen Sportbund (DOSB)"" sowie der ""Trainer-C-Lizenz und Trainer-B-Lizenz des DOSB"" entsprechen, Beschaffen von Sportgeräten, Waren und Dienstleistungen, Bearbeiten der Geschäftsvorgänge des Rechnungswesens und Durchführen von Kalkulationen, Erstellen, Auswerten und Präsentieren von Statistiken, team- und kundenorientiertes Arbeiten unter Nutzung von sozialen und kommunikativen Kompetenzen.

Berufliche Tätigkeitsfelder: Sportfachleute sind in der Sportwirtschaft, insbesondere im Geschäfts-, Sport- und Trainingsbetrieb von Sportvereinen und -verbänden sowie in Sport- und Fitnessstudios tätig.",-27.410358537157656,-25.557162097943362
236,Veranstaltungskaufmann/ Veranstaltungskauffrau,"Tourismus-, Hotel- und Gaststättenberufe","Gastronomie, Tourismus & Dienstleistungen",3.0,https://www.bibb.de/dienst/berufesuche/de/index_berufesuche.php/profile/apprenticeship/verank26,,Veranstaltungskaufmann/ Veranstaltungskauffrau,-337.19785599860654,239.34472820852136
237,Automobilkaufmann/Automobilkauffrau,Verkaufsberufe,"Handel, Vertrieb & Logistik",3.0,https://www.bibb.de/dienst/berufesuche/de/index_berufesuche.php/profile/apprenticeship/201015,Ein|Verkaufs|Garantie|Leasing|Versicherungs,"Profil der beruflichen Handlungsfähigkeit: Ein- und Verkaufen von Teilen und Zubehör, Dokumentieren und Kontrollieren von Warenlieferungen, Anwenden von Lagerwirtschaftskonzepten, Kalkulieren von Verkaufspreisen, Führen von Beratungs-, Verkaufs- und Reklamationsgesprächen unter Berücksichtigung der Werkstattprozesse im Rahmen des Kundendienstes, Bearbeiten von Gewährleistungs-, Garantie- und Kulanzanträgen, Planen, Durchführen und Bewerten von Marketingmaßnahmen, Einkaufen von Fahrzeugen über verschiedene Vertriebswege für den Fahrzeughandel, Bereitstellen von Fahrzeugen für den Fahrzeughandel, Vorbereiten und Vermitteln von Finanzierungs-, Leasing-, Versicherungs- und Garantieverträgen, Mitwirken bei der Personalbedarfsermittlung und der Personalbeschaffung, Planen des Personaleinsatzes, Ermitteln von Prämien und Provisionen, Vorbereiten von Entgeltabrechnungen, Unterstützen der kaufmännischen Planung, Steuerung und Kontrolle in den Geschäftsfeldern, Ermitteln und Beurteilen betrieblicher Kennzahlen sowie Aufbereiten für unternehmerische Entscheidungen.

Berufliche Tätigkeitsfelder: Automobilkaufleute arbeiten in Betrieben der Kraftfahrzeugbranche, vorwiegend in Autohäusern, bei Fahrzeugimporteuren sowie Automobilherstellern.",-48.25147607812833,-20.13091350865201
238,Buchhändler/Buchhändlerin,Verkaufsberufe,"Handel, Vertrieb & Logistik",3.0,https://www.bibb.de/dienst/berufesuche/de/index_berufesuche.php/profile/apprenticeship/39185,Shops tätig|erfolgs,"Profil der beruflichen Handlungsfähigkeit: Anwenden fachbezogener Bibliographien und Nachschlagesysteme, Nutzen gewonnener Informationen im Kundenservice, Zusammenstellen und Präsentieren eines marktorientierten Sortiments, Beraten von Kunden über Literatur und Fachliteratur, Verkaufen von Büchern, Zeitschriften sowie sonstigen Medien in gedruckter und digitaler Form, Umsetzen des kulturpolitischen Auftrags, Anwenden von Warenwirtschaftssystemen und Umsetzen von Konzepten der Lagerlogistik, Bestellen und Einkaufen unter betriebswirtschaftlichen Aspekten, Auswerten von Kennziffern und Statistiken für die Erfolgskontrolle und Aufbereiten der Ergebnisse, Steuerung und Kontrolle buchhändlerischer Prozesse, Nutzen verschiedener Vertriebswege, Beobachten des Marktes, Entwickeln und Umsetzen von Marketingkonzepten, Durchführen von qualitätssichernden Maßnahmen, Anwenden von branchenspezifischen Informations- und Kommunikationstechniken in der Geschäftsabwicklung, team-, erfolgs- und kundenorientiertes Arbeiten und Nutzen von sozialen und kommunikativen Kompetenzen, Kooperieren mit Bildungs- und Kultureinrichtungen sowie Branchenorganisationen, Zusammenarbeit mit Autoren, Verlagen, dem Zwischenbuchhandel und Antiquariaten im Rahmen der Wertschöpfungskette.

Berufliche Tätigkeitsfelder: Buchhändler/Buchhändlerinnen sind in Buchhandlungen, Buchverlagen, Antiquariaten und im Zwischenbuchhandel sowie im Versandbuchhandel und in Online-Shops tätig.",-32.95805815582752,22.194978172298278
239,Drogist/Drogistin,Verkaufsberufe,"Handel, Vertrieb & Logistik",3.0,https://www.bibb.de/dienst/berufesuche/de/index_berufesuche.php/profile/apprenticeship/6841101,,Drogist/Drogistin,-353.58798016614776,256.1153251321184
240,Fachverkäufer im Lebensmittelhandwerk/ Fachverkäuferin im Lebensmittelhandwerk Ausbildung nach Schwerpunkt: – Fleischerei,Verkaufsberufe,"Handel, Vertrieb & Logistik",3.0,https://www.bibb.de/dienst/berufesuche/de/index_berufesuche.php/profile/apprenticeship/53455jk7,Unternehmen oder in der Hotellerie|Beratungs,"Profil der beruflichen Handlungsfähigkeit: Bedienen der Kunden und Entgegennehmen von Bestellungen, Beraten der Kunden über Rohstoffe, Zutaten, Herstellungsverfahren und die Verwendung von Erzeugnissen oder Produkten, Berücksichtigen von Kundenerwartungen und betrieblichen Verhaltensformen, Führen von Verkaufs-, Beratungs- und Informationsgesprächen, Beraten der Kunden über betrieblichen Veranstaltungsservice, Herstellen und Veredeln von Produkten und Gerichten, Servieren von Gerichten, Entgegennehmen und sachgerechtes Lagern von Waren, Verpacken von Waren, Präsentieren von Waren und Erzeugnissen, Dekorieren von Auslagen und Verkaufsräumen, Anwenden unterschiedlicher Formen der Werbung, Vorbereiten, Bedienen, Pflegen und Reinigen von Anlagen, Maschinen und Geräten, Beachten lebensmittel- und gewerberechtlicher Bestimmungen, Abwickeln von Kassiervorgängen, Erstellen von Lieferscheinen und Rechnungen, Führen von Wareneingangs- und Warenbestandslisten, Unterbreiten von Angeboten, Durchführen der Inventur, Planen der Arbeitsabläufe teamorientiert, Kontrollieren und Beurteilen der Arbeitsergebnisse und Anwenden von Qualitätsmanagementsystemen, Anwenden von Verfahren und Instrumenten der elektronischen Kommunikation.

Berufliche Tätigkeitsfelder: Fachverkäufer/innen im Lebensmittelhandwerk sind in Bäckereien, Fleischereien, Konditoreien und Einzelhandelsgeschäften tätig. Darüber hinaus können sie auch in der Gastronomie beschäftigt sein, vorrangig im Verpflegungsbereich bei Catering-Unternehmen oder in der Hotellerie.",60.29490597920425,-76.37569895056504
241,Fachverkäufer im Lebensmittelhandwerk/ Fachverkäuferin im Lebensmittelhandwerk Ausbildung nach Schwerpunkten: – Bäckerei – Konditorei,Verkaufsberufe,"Handel, Vertrieb & Logistik",3.0,https://www.bibb.de/dienst/berufesuche/de/index_berufesuche.php/profile/apprenticeship/53455jk7,Unternehmen oder in der Hotellerie|Beratungs,"Profil der beruflichen Handlungsfähigkeit: Bedienen der Kunden und Entgegennehmen von Bestellungen, Beraten der Kunden über Rohstoffe, Zutaten, Herstellungsverfahren und die Verwendung von Erzeugnissen oder Produkten, Berücksichtigen von Kundenerwartungen und betrieblichen Verhaltensformen, Führen von Verkaufs-, Beratungs- und Informationsgesprächen, Beraten der Kunden über betrieblichen Veranstaltungsservice, Herstellen und Veredeln von Produkten und Gerichten, Servieren von Gerichten, Entgegennehmen und sachgerechtes Lagern von Waren, Verpacken von Waren, Präsentieren von Waren und Erzeugnissen, Dekorieren von Auslagen und Verkaufsräumen, Anwenden unterschiedlicher Formen der Werbung, Vorbereiten, Bedienen, Pflegen und Reinigen von Anlagen, Maschinen und Geräten, Beachten lebensmittel- und gewerberechtlicher Bestimmungen, Abwickeln von Kassiervorgängen, Erstellen von Lieferscheinen und Rechnungen, Führen von Wareneingangs- und Warenbestandslisten, Unterbreiten von Angeboten, Durchführen der Inventur, Planen der Arbeitsabläufe teamorientiert, Kontrollieren und Beurteilen der Arbeitsergebnisse und Anwenden von Qualitätsmanagementsystemen, Anwenden von Verfahren und Instrumenten der elektronischen Kommunikation.

Berufliche Tätigkeitsfelder: Fachverkäufer/innen im Lebensmittelhandwerk sind in Bäckereien, Fleischereien, Konditoreien und Einzelhandelsgeschäften tätig. Darüber hinaus können sie auch in der Gastronomie beschäftigt sein, vorrangig im Verpflegungsbereich bei Catering-Unternehmen oder in der Hotellerie.",59.051105852861276,-75.36875490409112
242,Fotomedienfachmann/Fotomedienfachfrau,Verkaufsberufe,"Handel, Vertrieb & Logistik",3.0,https://www.bibb.de/dienst/berufesuche/de/index_berufesuche.php/profile/apprenticeship/dsfsdf,und prozessorientiertes Arbeiten,"Profil der beruflichen Handlungsfähigkeit: Kundenorientiertes Informieren und Beraten über foto- und videobezogene Produkte und Dienstleistungen sowie über die Gestaltung und Realisierung von Foto- und Videoaufnahmen, Verkaufen von Produkten und Dienstleistungen, Erstellen von fotografischen Aufnahmen nach Vorgaben und eigenen Vorstellungen, Einsetzen von Techniken zur Bildbearbeitung und Bildkorrektur, Bereitstellen von Bilddaten für die weitere Verwendung, Nutzen von verschiedenen Bildausgabetechniken, Beobachten marktrelevanter Entwicklungen, Erschließen der Kundenbedürfnisse, Durchführen von Kundenschulungen, Durchführen von Kalkulationen und Anwenden betrieblicher Controllinginstrumente, Mitwirken bei Planung und Durchführung von Vertrieb und Marketing, Planen und Realisieren der Beschaffung von Waren und Dienstleistungen, team- und prozessorientiertes Arbeiten.

Berufliche Tätigkeitsfelder: Fotomedienfachleute arbeiten in Betrieben der Fotowirtschaft, insbesondere in Einzelhandelsunternehmen, in Fach- und Großlaboren, bei Fotografen, in der Industrie, in Bild-Agenturen und weiteren Dienstleistungsunternehmen.",-28.194719395282153,-33.52806315789599
243,Kaufmann im Einzelhandel/ Kauffrau im Einzelhandel,Verkaufsberufe,"Handel, Vertrieb & Logistik",3.0,https://www.bibb.de/dienst/berufesuche/de/index_berufesuche.php/profile/apprenticeship/100815,und Datenfluss in beratungs|und selbstbedienungsorientierten Betrieben|Channel|kunden|Commerce Mitarbeiterführung und,"Profil der beruflichen Handlungsfähigkeit: Anbieten und Verkaufen von Waren und Dienstleistungen, Informieren und Beraten der Kunden unter Einsatz von Warenkenntnissen, auch in einer Fremdsprache, Bedienen und Abrechnen der Kasse sowie Abwickeln des Zahlungsverkehrs, Mitwirken bei der Sortimentsgestaltung, Ermitteln des Warenbedarfs, Beschaffen von Waren, Platzieren und Präsentieren von Waren im Verkaufsraum, Mitwirken bei Werbemaßnahmen, Kontrollieren und Pflegen von Warenbeständen, Mitwirken bei der Warenannahme und -kontrolle, Mitwirken bei logistischen Prozessen im Unternehmen, Auszeichnen und Lagern von Waren, Mitwirken beim Umsetzen einer Multi-Channel-Strategie, Auswerten von Kennziffern und Statistiken für die Erfolgskontrolle, Mitwirken bei der Planung und Organisation von Arbeitsprozessen, Planen des Personaleinsatzes im eigenen Arbeitsbereich, team-, kunden- und prozessorientiertes Arbeiten, Anwenden von Informations- und Kommunikationstechniken, Berücksichtigen von Aspekten der Nachhaltigkeit., Sie verfügen über vertiefte Qualifikationen in einem der Bereiche: Sicherstellung der Warenpräsenz, Beratung von Kunden,, Kassensystemdaten und Kundenservice sowie Werbung und Verkaufsförderung., Darüber hinaus verfügen sie über vertiefte Qualifikationen in drei der Bereiche: Beratung von Kunden in komplexen Situationen, Beschaffung von Waren, Warenbestandssteuerung und kaufmännische Steuerung und Kontrolle, Marketingmaßnahmen, E-Commerce, Mitarbeiterführung und -entwicklung sowie Vorbereitung unternehmerischer Selbständigkeit.

Berufliche Tätigkeitsfelder: Kaufleute im Einzelhandel sind in Handelsunternehmen mit unterschiedlichen Größen, Betriebsformen und Sortimenten oder als selbstständige Kaufleute tätig. Die Verkaufstätigkeit ist einer der Schwerpunkte ihres kaufmännischen Aufgabenfeldes. Darüber hinaus steuern sie den Waren- und Datenfluss in beratungs- und selbstbedienungsorientierten Betrieben.",-36.117672378175165,-56.44883884411204
244,Musikfachhändler/Musikfachhändlerin,Verkaufsberufe,"Handel, Vertrieb & Logistik",3.0,https://www.bibb.de/dienst/berufesuche/de/index_berufesuche.php/profile/apprenticeship/223098,Versandhandel und in Online|Leistungsschutz|kunden|service|und prozessorientiertes Arbeiten,"Profil der beruflichen Handlungsfähigkeit: Verkaufen von fachbezogenen Waren und Dienstleistungen wie Musikinstrumente und Zubehör, Musikalien und Tonträger, Informieren und Beraten der Kunden, vorwiegend Musiker und Musikinteressierte, über fachbezogene Waren und Dienstleistungen, Nutzen der Kenntnisse über Musik- und Notenlehre, Musikgeschichte, Musikliteratur, Kunst- und Kulturgeschichte sowie über die Herstellung und Verwendung von Instrumenten und Tonträgern, Berücksichtigen von Urheber-, Leistungsschutz- und Verwertungsrechten, Anwenden von fachbezogenen Bibliographien und Nachschlagewerken, Mitwirken bei der Sortimentsgestaltung unter Berücksichtigung der Marktentwicklung, Mitwirken bei Planung und Durchführung von verkaufsfördernden Maßnahmen in Vertrieb und Marketing, Platzieren und Präsentieren der Waren, Mitwirken an warenwirtschaftlichen Prozessen wie Einkauf, Lagerung und Vertrieb, Durchführen von Erfolgskontrollen und damit verbundenes Ableiten von Maßnahmen, Kooperieren mit Konzertveranstaltern, Bühnen, Medienanstalten und der Tonträgerindustrie, Mitwirken bei der Personaleinsatzplanung, team-, kunden-, service- und prozessorientiertes Arbeiten.

Berufliche Tätigkeitsfelder: Musikfachhändler und Musikfachhändlerinnen arbeiten in Unternehmen der Musikwirtschaft, zum Beispiel in Musikfachgeschäften,im Musik-Versandhandel und in Online-Shops, im Großhandel für Musikalien, Musikinstrumente und Tonträger, in Musikabteilungen von Warenhäusern sowie in Fachmärkten, in Musikverlagen, in Betrieben der Veranstaltungsbranche, in der Musikindustrie und bei Instrumentenherstellern.",-53.041085384575425,-37.79912371186095
245,Pharmazeutisch-kaufmännischer Angestellter/ Pharmazeutisch-kaufmännische Angestellte,Verkaufsberufe,"Handel, Vertrieb & Logistik",3.0,https://www.bibb.de/dienst/berufesuche/de/index_berufesuche.php/profile/apprenticeship/300112,Der Pharmazeutisch|kaufmännische Angestellte und die Pharmazeutisch|verbänden tätig,"Profil der beruflichen Handlungsfähigkeit: Bestellen und Einkaufen von Arzneimitteln und apothekenüblichen Waren unter Berücksichtigung rechtlicher und betriebswirtschaftlicher Aspekte, Lagern des Apothekensortiments unter Berücksichtigung rechts- und produktspezifischer Bestimmungen, Pflegen und Kontrollieren des Lagerbestandes und Optimieren der Lagerlogistik, Anwenden apothekenspezifischer Informations- und Kommunikationssysteme, Bilden und Kalkulieren von Preisen, Durchführen von Leistungsabrechnungen, Abwickeln des Zahlungsverkehrs, Ausüben von Tätigkeiten der kaufmännischen Steuerung und Kontrolle, Durchführen von Tätigkeiten nach Apothekenbetriebsordnung sowie Vorbereiten apothekenrelevanter Dokumentationen, Gestalten und Pflegen von Beziehungen zu Kunden und Geschäftspartnern, Planen, Durchführen und Auswerten von Marketingmaßnahmen, Präsentieren apothekenüblicher Waren und apothekenpflichtiger Arzneimittel, Entwickeln und Anwenden apothekenspezifischer qualitätssichernder Maßnahmen, Führen von Beratungs- und Verkaufsgesprächen über apothekenübliche Waren, Durchführen apothekenspezifischer Dienstleistungen.

Berufliche Tätigkeitsfelder: Der Pharmazeutisch-kaufmännische Angestellte und die Pharmazeutisch-kaufmännische Angestellte ist in Apotheken, Krankenhausapotheken, der pharmazeutischen Industrie, im pharmazeutischen Großhandel, bei Krankenkassen, in Apothekerkammern und -verbänden tätig.",-86.18895666211772,30.34123969772126
246,Tankwart/Tankwartin,Verkaufsberufe,"Handel, Vertrieb & Logistik",3.0,https://www.bibb.de/dienst/berufesuche/de/index_berufesuche.php/profile/apprenticeship/6861101,,Tankwart/Tankwartin,-348.9567110328612,251.77400331059076
247,Verkäufer/Verkäuferin,Verkaufsberufe,"Handel, Vertrieb & Logistik",2.0,https://www.bibb.de/dienst/berufesuche/de/index_berufesuche.php/profile/apprenticeship/110815,kunden,"Profil der beruflichen Handlungsfähigkeit: Anbieten und Verkaufen von Waren und Dienstleistungen, Informieren und Beraten der Kunden, auch in einer Fremdsprache, Einsetzen von Warenkenntnissen, Platzieren und Präsentieren der Waren im Verkaufsraum, Mitwirken bei Werbemaßnahmen, Bedienen und Abrechnen der Kasse sowie Abwickeln des Zahlungsverkehrs, Kontrollieren und Pflegen von Warenbeständen, Mitwirken bei der Warenannahme und -kontrolle, Auszeichnen und Lagern der Waren, Nutzen warenwirtschaftlicher Kennziffer, team-, kunden- und prozessorientiertes Arbeiten, Anwenden von Informations- und Kommunikationstechniken, Berücksichtigen von Aspekten der Nachhaltigkeit, Verkäuferinnen und Verkäufer verfügen über vertiefte Qualifikationen in einem der Bereiche: Sicherstellung der Warenpräsenz, Beratung von Kunden, Kassensystemdaten und Kundenservice sowie Werbung und Verkaufsförderung.

Berufliche Tätigkeitsfelder: Verkäufer und Verkäuferinnen sind in Handelsunternehmen mit unterschiedlichen Größen, Betriebsformen und Sortimenten tätig. Die Verkaufstätigkeit ist der Mittelpunkt ihres kaufmännischen Aufgabenfeldes.",-60.56986232394702,-38.98311883697382
248,Eisenbahner in der Zugverkehrssteuerung/ Eisenbahnerin in der Zugverkehrssteuerung,Verkehrs- und Logistikberufe (außer Fahrzeugführung),"Handel, Vertrieb & Logistik",3.0,https://www.bibb.de/dienst/berufesuche/de/index_berufesuche.php/profile/apprenticeship/eiz22,und Tarifrecht Ergreifen von Sicherheits,"Profil der beruflichen Handlungsfähigkeit: Sicheres Bedienen von Stellwerkseinrichtungen, Sicheres Leiten des Fahrdienstes bei Regelbetrieb, Sicheres Leiten des Fahrdienstes bei Abweichungen vom Regelbetrieb, Sicheres Leiten des Fahrdienstes bei Störungen und gefährlichen Ereignissen, Mitwirken an Trassenplanung, Trassenkonstruktion und Koordinierungsprozessen EIU-EVU, Organisation des Ausbildungsbetriebes, Berufsbildung sowie Arbeits- und Tarifrecht, Ergreifen von Sicherheits- und Gesundheitsschutz bei der Arbeit, Durchführen von Maßnahmen zur Nachhaltigkeit, zum Umweltschutz sowie zur Sicherheit und zum Gesundheitsschutz am Arbeitsplatz, Digitalisierte Arbeitswelt, Durchführen von qualitätssichernden Maßnahmen, Einhalten von Sicherheitsmanagementsystemen, Einsetzen von betrieblicher und technischer Kommunikation, Führen von Kundengesprächen.

Berufliche Tätigkeitsfelder: Eisenbahner und Eisenbahnerinnen in der Zugverkehrssteuerung arbeiten auf zentralen und dezentralen Stellwerkssystemen und in Betriebszentralen.",-82.31168841390073,-17.814239464975692
249,Fachkraft für Hafenlogistik,Verkehrs- und Logistikberufe (außer Fahrzeugführung),"Handel, Vertrieb & Logistik",3.0,https://www.bibb.de/dienst/berufesuche/de/index_berufesuche.php/profile/apprenticeship/se995765,und Massengut in See|und Binnenhäfen|Annehmen von Export,"Profil der beruflichen Handlungsfähigkeit: Annehmen von Export- und Importgütern von verschiedenen Verkehrsmitteln und Prüfen der Lieferung an Hand der Begleitpapiere, Durchführen von Güterkontrollen auf Quantität, Qualität, Identität und Beschaffenheit und Dokumentieren des Ergebnisses, Auswählen von Containern für Transporte; Planen, Durchführen, Kontrollieren und Dokumentieren der Beladungen, Zusammenstellen von Gütern zu Ladungseinheiten, Verladen und Sichern in Transportmitteln, Kundenorientiertes Planen und Organisieren der Arbeitsabläufe, Mitwirken bei logistischen Planungs- und Organisationsprozessen und Durchführen von qualitätssichernden Maßnahmen, Anforderungsgerechtes Lagern von Gütern und Bearbeiten der Lagergüter zur Werterhaltung bzw. entsprechend dem Kundenauftrag, Bearbeiten von Versand- und Umschlagspapieren, Kontrollieren, Verladen und Sichern von Gefahrgut und Anwenden von Maßnahmen zur Gefahrenvermeidung, Einsetzen von Arbeits- und Fördermitteln, Arbeiten im Team, Kommunizieren und Kooperieren mit vorausgehenden und nachfolgenden Dienstleistern und Anwenden von Fremdsprachenkenntnissen.

Berufliche Tätigkeitsfelder: Fachkräfte für Hafenlogistik arbeiten auf Umschlagsterminals sowie in Lägern für Stück- und Massengut in See- und Binnenhäfen.",24.86222878535594,-104.81482318041114
250,"Fachkraft für Kurier-, Express- und Postdienstleistungen",Verkehrs- und Logistikberufe (außer Fahrzeugführung),"Handel, Vertrieb & Logistik",2.0,https://www.bibb.de/dienst/berufesuche/de/index_berufesuche.php/profile/apprenticeship/hgzt6574,Fachkräfte für Kurier|Express|und Kommunikationssystemen,"Profil der beruflichen Handlungsfähigkeit: Planen der Auslieferfolge und Zustellen der Sendungen, Sortieren und Vorbereiten der Sendungen für den weiteren Versandweg, Durchführen von Nachbereitungen von Zustellungen, Annehmen von Aufträgen und Sendungen, Entgegennehmen und Abrechnen von Zahlungen, Bearbeiten von Sendungsdokumentationen, Informieren der Kunden über Dienstleistungen des Unternehmens, Entgegennehmen der Kundenwünsche und situationsgerechte Kommunikation, Mitwirken bei qualitätssichernden Maßnahmen, Nutzen von Informations- und Kommunikationssystemen.

Berufliche Tätigkeitsfelder: Fachkräfte für Kurier-, Express- und Postdienstleistungen sind in Unternehmen tätig, die den Transport kleinteiliger und zeitkritischer Sendungen und sonstige logistische Dienstleistungen planen, organisieren, steuern, überwachen und abwickeln. Sie arbeiten vor allem in den Bereichen Auftragsannahme, Umschlag und Zustellung.",-102.22443891657882,-18.58621868187034
251,Fachkraft für Lagerlogistik,Verkehrs- und Logistikberufe (außer Fahrzeugführung),"Handel, Vertrieb & Logistik",3.0,https://www.bibb.de/dienst/berufesuche/de/index_berufesuche.php/profile/apprenticeship/89787i6u,Fachkräfte für Lagerlogistik sind in Industrie|Handels|Mitwirken bei logistischen Planungs,"Profil der beruflichen Handlungsfähigkeit: Mitwirken bei logistischen Planungs- und Organisationsprozessen, Annehmen der Güter und Prüfen der Lieferung anhand der Begleitpapiere, Transportieren und Zuleiten der Güter zum betrieblichen Bestimmungsort, Auspacken, Sortieren und Lagern der Güter anforderungsgerecht und nach wirtschaftlichen Grundsätzen unter Beachtung der Lagerordnung, Durchführen von Bestandskontrollen und Maßnahmen der Bestandspflege, Kommissionieren und Verpacken der Güter für Sendungen und Zusammenstellen zu Ladeeinheiten, Kennzeichnen, Beschriften und Sichern von Sendungen nach gesetzlichen Vorgaben, Erstellen von Ladelisten/ Beladeplänen unter Beachtung von Ladevorschriften, Verladen und Verstauen der Sendungen anhand der Begleitpapiere in Transportmittel und Anwenden der Verschlussvorschriften, Bearbeiten der Versand- und Begleitpapiere und Erstellen von Versandaufzeichnungen, Mitwirken bei der Erstellung der Tourenpläne, Planen, Organisieren und Überwachen des Einsatzes von Arbeits- und Fördermitteln, Anwenden betrieblicher Informations- und Kommunikationssysteme, Standardsoftware und arbeitsplatzbezogener Software, Kommunizieren und Kooperieren mit vorausgehenden und nachfolgenden Funktionsbereichen, Anwenden fachspezifischer Fremdsprachenkenntnisse, Mitwirken bei qualitätssichernden Maßnahmen.

Berufliche Tätigkeitsfelder: Fachkräfte für Lagerlogistik sind in Industrie-, Handels- und Speditionsbetrieben sowie bei weiteren logistischen Dienstleistern tätig. Ihre Arbeitsaufgaben umfassen alle Tätigkeiten der Lagerlogistik.",-74.43043661921922,-64.94770159019676
252,Fachlagerist/Fachlageristin,Verkehrs- und Logistikberufe (außer Fahrzeugführung),"Handel, Vertrieb & Logistik",2.0,https://www.bibb.de/dienst/berufesuche/de/index_berufesuche.php/profile/apprenticeship/786uz879,Handels,"Profil der beruflichen Handlungsfähigkeit: Annehmen der Güter, Prüfen der Lieferung anhand der Begleitpapiere, Transportieren und Zuleiten der Güter zum betrieblichen Bestimmungsort, Auspacken und Sortieren der Güter, Anforderungsgerechtes Lagern der Güter nach wirtschaftlichen Grundsätzen unter Beachtung der Lagerordnung, Durchführen von Kontrollen, Kommissionieren und Bestandspflege, Verpacken von Gütern und Sendungen, Zusammenstellen von Gütern zu Ladeeinheiten, Kennzeichnen, Beschriften und Sichern von Sendungen nach gesetzlichen Vorgaben, Verladen und Verstauen von Sendungen im Transportmittel anhand der Begleitpapiere, Anwenden der Verschlussvorschriften, Nutzen und Pflegen von Arbeits- und Fördermitteln, Anwendung betrieblicher Informations- und Kommunikationssysteme sowie arbeitsplatzbezogener Software, Kundenorientiertes Arbeiten und Abstimmen im Team, Beachtung der Grundsätze der Arbeitssicherheit, des Gesundheitsschutzes bei der Arbeit, des Umweltschutzes und der rationellen Energieverwendung, Mitwirken bei qualitätssichernden Maßnahmen.

Berufliche Tätigkeitsfelder: Fachlageristen / Fachlageristinnen sind in Industrie-, Handels- und Speditionsbetrieben sowie bei weiteren logistischen Dienstleistern tätig. Ihre Arbeitsaufgaben umfassen Tätigkeiten im Rahmen des Güterumschlags und der Güterlagerung.",-61.603709037953244,-50.342188969023674
253,"Kaufmann für Kurier-, Express- und Postdienstleistungen/ Kauffrau für Kurier-, Express- und Postdienstleistungen",Verkehrs- und Logistikberufe (außer Fahrzeugführung),"Handel, Vertrieb & Logistik",3.0,https://www.bibb.de/dienst/berufesuche/de/index_berufesuche.php/profile/apprenticeship/98oilkmn,Kaufleute für Kurier|Express|und Kommunikationssystemen,"Profil der beruflichen Handlungsfähigkeit: Planen und Organisieren der Beförderung und des Umschlags von Sendungen sowie ergänzenden logistischen Leistungen unter Beachtung von Rechtsvorschriften, Wirtschaftlichkeit und Belangen des Umweltschutzes, Planen, Steuern und Überwachen des Zusammenwirkens der an der Leistungserstellung Beteiligten und Sicherstellen des Informationsflusses, Erarbeiten von Angeboten, Verkaufen von Dienstleistungen und Abschließen von Verträgen, Bearbeiten personalwirtschaftlicher Fragen, Ermitteln der Kundenwünsche, Beraten der Kunden und Erteilen von Auskünften auch in einer Fremdsprache, Beobachten des Marktes und Mitwirken bei der Entwicklung des Dienstleistungsangebotes, Umsetzen der Qualitätsziele, Ergreifen von Maßnahmen bei Leistungsstörungen und Bearbeiten von Kundenreklamationen, Durchführen von Kalkulationen und Mitwirken bei der kaufmännischen Steuerung und Kontrolle, Nutzen von Informations- und Kommunikationssystemen.

Berufliche Tätigkeitsfelder: Kaufleute für Kurier-, Express- und Postdienstleistungen sind in Unternehmen tätig, die den Transport kleinteiliger und zeitkritischer Sendungen und sonstige logistische Dienstleistungen planen, organisieren, steuern, überwachen und abwickeln.",-50.396336916147426,-67.03252858929245
254,Kaufmann für Spedition und Logistikdienstleistung/ Kauffrau für Spedition und Logistikdienstleistung,Verkehrs- und Logistikberufe (außer Fahrzeugführung),"Handel, Vertrieb & Logistik",3.0,https://www.bibb.de/dienst/berufesuche/de/index_berufesuche.php/profile/apprenticeship/6564564,,"Profil der beruflichen Handlungsfähigkeit: Planen und Organisieren des Güterversands, des Umschlags und der Lagerung und weiterer logistischer Leistungen unter Beachtung einschlägiger Rechtsvorschriften und der Belange des Umweltschutzes, Steuern und Überwachen des Zusammenwirkens der an Logistikketten beteiligten Personen und Einrichtungen, Nutzen der Möglichkeiten, Sendungen zu größeren Ladeeinheiten zusammenzufassen, Besorgen des Versicherungsschutzes, Berücksichtigen von Zoll- und außenwirtschaftlichen Bestimmungen, Nutzen von Informations- und Kommunikationstechnologien, Beschaffen und Zurverfügungstellen von Informationen, Korrespondieren und Kommunizieren mit ausländischen Geschäftspartnern und Kunden in englischer Sprache und Bearbeiten englischsprachiger Dokumente, Ermitteln von Kundenwünschen, Beraten und Betreuen von Kunden, Ermitteln und Bewerten Leistungsangebote des Transport- und Logistikmarkts, Kalkulieren von Preisen, Erarbeiten von Angeboten und Vorbereiten von Verträgen, Bearbeiten von Kundenreklamationen und Schadenmeldungen und Veranlassen von Schadenregulierungen, Durchführen von Zahlungsvorgängen und Vorgängen des Mahnwesens, Mitwirken bei der Ermittlung von Kosten und Erträgen sowie bei der kaufmännischen Steuerung, Beobachten des Markts und Mitwirken an der Weiterentwicklung des Leistungsangebots ihres Unternehmens, Mitwirken beim Aufbau von Netzwerken zur Zusammenfassung, Beförderung und Auslieferung von Ladungen, Mitarbeiten bei der Entwicklung von Logistikkonzepten, selbständiges Wahrnehmen der Aufgaben im Rahmen betrieblicher Anweisungen und der maßgebenden Rechtsvorschriften.

Berufliche Tätigkeitsfelder: Kaufleute für Spedition und Logistikdienstleistung sind in Unternehmen tätig, die den Transport von Gütern und sonstige logistische Dienstleistungen planen, organisieren, steuern, überwachen und abwickeln.",30.103828223824827,-117.5292941952097
255,Kaufmann im Eisenbahn- und Straßenverkehr/ Kauffrau im Eisenbahn- und Straßenverkehr,Verkehrs- und Logistikberufe (außer Fahrzeugführung),"Handel, Vertrieb & Logistik",3.0,https://www.bibb.de/dienst/berufesuche/de/index_berufesuche.php/profile/apprenticeship/7123101,Kaufleute im Eisenbahn,"Profil der beruflichen Handlungsfähigkeit: Ermitteln der Verkehrswege, Verkehrsmittel und Verkehrsverbindungen und Organisieren von Transporten und Transportketten unter ökonomischen und ökologischen Gesichtspunkten, Bearbeiten von Transportverträgen unter Beachtung gesetzlicher und vertraglicher Bestimmungen, Kalkulieren der Preise für nationale wie internationale Transporte, Arbeiten in der Produktionsplanung und Fahrplanerstellung, Mitwirken bei der Planung und Umsetzung von Änderungen in den Prozeßabläufen bei Transporten und daraus folgend, der Infrastruktur (z.B. Fahrzeuge, Werkstätten, Containerumschlaganlagen, Schienennetze), unter betriebswirtschaftlichen und logistischen Aspekten, Mitwirken an Markt- und Wettbewerbsanalysen für die Durchführung von Marketingmaßnahmen und Durchführen von Erfolgskontrollen bei abgeschlossenen Maßnahmen, Ermitteln der Kundenwünsche, Beraten und Betreuen der Kunden, Ausarbeiten von entsprechenden Angeboten und Verkaufen der Leistungen des Betriebes, Bearbeiten von Reklamationen und Durchführen von Schadensregulierungen, Nutzen von fremdsprachlichen Informationsunterlagen des Betriebes, Korrespondieren und Kommunizieren in typischen Situationen mit Kunden in einer fremden Sprache, Mitwirken bei der Kosten- und Leistungsrechnung sowie dem Controlling, Ausführen von Aufgaben der Materialwirtschaft und des Einkaufs, Wahrnehmen von Planungsaufgaben bei der Personalverwaltung, Beraten der Mitarbeiter, Bearbeiten von Vorgängen aus dem Bereich des Personalservices (Führung der Personalakten und Einsichtgewährung, Entgeltabrechnung, Sozialabgaben, Arbeitszeiterfassungen) und Durchführen von Personaleinsatzplanungen.

Berufliche Tätigkeitsfelder: Kaufleute im Eisenbahn- und Straßenverkehr sind in Betrieben tätig, die Verkehrs- und Infrastrukturleistungen auf Schiene und der Straße anbieten. Sie arbeiten in den Bereichen Produktion, Leistungs- und Infrastrukturplanung, Vertriebssteuerung, Absatz, Marketing, Qualitätsmanagement, Personalverwaltung, Einkauf, Materialwirtschaft, Rechnungswesen und Controlling.",-8.05602218651151,-73.02104139013005
256,Luftverkehrskaufmann/ Luftverkehrskauffrau,Verkehrs- und Logistikberufe (außer Fahrzeugführung),"Handel, Vertrieb & Logistik",3.0,https://www.bibb.de/dienst/berufesuche/de/index_berufesuche.php/profile/apprenticeship/g345,und Logistikwirtschaft tätig,"Profil der beruflichen Handlungsfähigkeit: Anwenden der Instrumente der kaufmännischen Steuerung und Kontrolle, Gestalten von Kundenbeziehungen und Vertrieb von Dienstleistungen, Unterstützen der Entwicklung von Marketingkonzepten und Umsetzen von Marketingmaßnahmen, Steuern der Passagier- und Flugzeugabfertigung, Koordinieren von Luftfrachtabfertigungsprozessen, Umsetzen von Luftsicherheitsvorgaben, Gestalten von personalwirtschaftlichen Prozessen, Mitwirken bei Vertragsgestaltungen und Durchführen von Einkaufsprozessen, Gestalten von Terminalprozessen, Fachbezogene Anwendung der englischen Sprache.

Berufliche Tätigkeitsfelder: Luftverkehrskaufleute sind in Unternehmen der Luftverkehrs- und Logistikwirtschaft tätig.",-39.56631683997127,43.17942663535455
257,Servicekaufmann im Luftverkehr/ Servicekauffrau im Luftverkehr,Verkehrs- und Logistikberufe (außer Fahrzeugführung),"Handel, Vertrieb & Logistik",3.0,https://www.bibb.de/dienst/berufesuche/de/index_berufesuche.php/profile/apprenticeship/565gdgf,,"Profil der beruflichen Handlungsfähigkeit: Koordinieren der Vorgänge bei der Abfertigung von Flugzeugen, Einchecken und Boarden von Passagieren, Beraten und Betreuen von Passagieren unter Berücksichtigung der Bedürfnisse besonderer Personengruppen sowie soziokultureller Besonderheiten, Durchführen der Gepäckermittlung und Bearbeiten von Reklamationen, Aufzeigen von Lösungsmöglichkeiten bei Konfliktsituationen, Informieren von Kunden über Sicherheitseinrichtungen und -verfahren und Einleiten von Maßnahmen in Notfallsituationen, Durchführen von Marketingmaßnahmen, Bearbeiten von Zahlungs- und Abrechnungsvorgängen, Bearbeiten von Kundenbeschwerden, Fachbezogenes Anwenden der englischen Sprache, Verkaufen von Waren und Dienstleistungen, Unterstützen von personalwirtschaftlichen Prozessen.

Berufliche Tätigkeitsfelder: Servicekaufleute im Luftverkehr sind in Unternehmen der Luftverkehrswirtschaft tätig.",-26.068857626944006,-24.396424386032848
258,Straßenwärter/Straßenwärterin,Verkehrs- und Logistikberufe (außer Fahrzeugführung),"Handel, Vertrieb & Logistik",3.0,https://www.bibb.de/dienst/berufesuche/de/index_berufesuche.php/profile/apprenticeship/67584930,und Verarbeiten von Werk|und Hilfsstoffen und Durchführen von Bau|und Bauinstandhaltungsmaßnahmen im Mauer|und Kommunikationstechniken,"Profil der beruflichen Handlungsfähigkeit: Planen der Arbeitsabläufe, Kontrollieren und Beurteilen der Arbeitsergebnisse und Anwenden von qualitätssichernden Maßnahmen sowie Maßnahmen des betriebswirtschaftlichen Handelns, Einrichten, Sichern und Räumen der Arbeitsstellen, Erstellen und Anwenden von technischen Unterlagen, Durchführen von Messungen, Handhaben und Warten von Werkzeugen, Geräten, Maschinen und technischen Einrichtungen, Führen von Fahrzeugen und Fahrzeugkombinationen der Führerscheinklasse CE im öffentlichen Straßenverkehr, Absichern von Unfallstellen durch Aufbauen der notwendigen Verkehrszeichen und Absperreinrichtungen, Einleiten von Maßnahmen der ersten Hilfe, Erstatten von Meldungen zu Unfällen und Räumen der Unfallstellen, Wählen, Prüfen und Lagern von Baumaterialien, Be- und Verarbeiten von Werk- und Hilfsstoffen und Durchführen von Bau- und Bauinstandhaltungsmaßnahmen im Mauer- und Stahlbetonbau an Bauwerken, Durchführen von Bau- und Instandhaltungsmaßnahmen im Tiefbau an Straßen und Straßennebenanlagen und Abstimmen der Maßnahmen mit anderen, Anlegen und Pflegen von Grünflächen, Pflanzen und Pflegen von Gehölzen, Kontrollieren und Fällen von Bäumen, Durchführen von Maßnahmen des Winterdienstes, Auswählen und Aufbringen das Streugutes unter Verwendung von Fahrzeugen der Führerscheinklasse CE, Durchführen von Aufgaben der Streckenwartung, Anbringen und Instandhalten von Verkehrszeichen und Verkehrseinrichtungen, Veranlassen von Maßnahmen an Verkehrssicherungs- und Telematiksystemen, Umgang mit modernen Informations- und Kommunikationstechniken.

Berufliche Tätigkeitsfelder: Straßenwärter/innen sind in erster Linie im Öffentlichen Dienst bei den Straßenbauverwaltungen beschäftigt. Sie arbeiten bei den für Straßenunterhaltung zuständigen Abteilungen der Städte, Gemeinden, Kreise sowie in den Straßen- und Autobahnmeistereien der einzelnen Bundesländer und in privaten Betrieben der gewerblichen Wirtschaft.",144.74451345579328,-173.92280875323925
259,Kaufmann für Dialogmarketing/ Kauffrau für Dialogmarketing,"Werbung, Marketing, kaufmännische und redaktionelle Medienberufe","Wirtschaft, Verwaltung & Organisation",3.0,https://www.bibb.de/dienst/berufesuche/de/index_berufesuche.php/profile/apprenticeship/h161205,Handels|einführung|einsatz und,"Profil der beruflichen Handlungsfähigkeit: Kommunizieren und Korrespondieren mit Auftraggebern und Kunden, Planen, Organisieren, Kontrollieren und Dokumentieren von Kampagnen und Projekten, Planen und Durch führen von Maßnahmen zu Personalbeschaffung, -einführung, -einsatz und -entwicklung, Steuerung und Kontrolle der Projektabwicklung unter betriebswirtschaftlicher Sicht, insbesondere mit Hilfe Call Center-spezifischer Kennzahlen und Steuergrößen, Bearbeiten von Aufgaben mit Unterstützung von Informations- und Kommunikationssystemen, Mitwirken bei Angebotsgestaltung, Vertragsanbahnung und Vertragsabschlüssen, Kalkulieren von Angeboten, Präsentieren und Verkaufen von kundenorientierten Produkten oder Dienstleistungen für Auftraggeber, Bearbeiten von Anfragen, Aufträgen und Reklamationen von Auftraggebern und Kunden, Prüfen der Auftragsdurchführung mit Hilfe von Qualitätssicherungsinstrumenten, Beobachten der Markt und Wettbewerber und Mitwirken bei der Gestaltung des Dienstleistungsangebotes.

Berufliche Tätigkeitsfelder: Kaufleute für Dialogmarketing sind in Call Centern, in Servicecentern von Industrie-, Handels- und Dienstleistungsunternehmen und in anderen dialogorientierten Organisationseinheiten tätig.",-47.93468067041897,-54.86545969435741
260,Kaufmann für Marketingkommunikation/ Kauffrau für Marketingkommunikation,"Werbung, Marketing, kaufmännische und redaktionelle Medienberufe","Wirtschaft, Verwaltung & Organisation",3.0,https://www.bibb.de/dienst/berufesuche/de/index_berufesuche.php/profile/apprenticeship/n7636646,Profit,"Profil der beruflichen Handlungsfähigkeit: beraten Kunden in Fragen der Marketingkommunikation, beobachten und analysieren Märkte und bestimmen Zielgruppen, entwickeln integrierte Kommunikationskonzepte für Kampagnen und Einzelmaßnahmen, koordinieren den Kommunikationsmix und bewerten dessen Wirksamkeit, steuern die kreative Umsetzung, organisieren und kontrollieren Herstellungsprozesse von Kommunikationsmitteln, planen und kontrollieren den Einsatz von Medien und Maßnahmen, sichern die Qualität der arbeitsteilig erbrachten Leistungen, entwickeln vertragliche Grundlagen für die Zusammenarbeit und für den Erwerb von Rechten und Lizenzen, planen, kalkulieren und kontrollieren Projektbudgets und wenden betriebliche Controllinginstrumente an.

Berufliche Tätigkeitsfelder: Kaufleute für Marketingkommunikation sind bei Agenturen, Beratungsunternehmen und Dienstleistern sowie in Marketing- und Kommunikationsabteilungen von Unternehmen, Non-Profit-Organisationen und öffentlichen Institutionen tätig.",-132.27469604738135,37.966273022072045
261,Kaufmann für audiovisuelle Medien/ Kauffrau für audiovisuelle Medien,"Werbung, Marketing, kaufmännische und redaktionelle Medienberufe","Wirtschaft, Verwaltung & Organisation",3.0,https://www.bibb.de/dienst/berufesuche/de/index_berufesuche.php/profile/apprenticeship/7034101,Video|und Musikproduktion Filmtheater und Multimedia|und Kommunikationssystemen team|und projektorientiertes Arbeiten,"Profil der beruflichen Handlungsfähigkeit: Kennen der Produkte und Dienstleistungen sowie der Produktionsformen und Abläufe im eigenen Unternehmen und in der Branche, Durchführen von kaufmännischen, organisatorischen und logistischen Aufgaben im Rahmen der Planung, Herstellung und Vermarktung audiovisueller Medien unter Beachtung der Wirtschaftlichkeit des Handelns, Analysieren und Beurteilen von Konzepten, Produkten und Dienstleistungen des Unternehmens unter Berücksichtigung wirtschaftlicher, rechtlicher und technischer Gesichtspunkte und Beachten von künstlerischen und gestalterischen Aspekten, Planen des Einsatzes von Personal- und Materialressourcen für die Medienproduktion, Prüfen von Finanzierungsmöglichkeiten und Durchführen von Kalkulationen, Beraten der Kunden über Produkte und Dienstleistungen, Führen von Verhandlungen mit Anbietern und Kunden, Erwerben und Verwerten von Rechten und Lizenzen, Beschaffen von Equipment und Organisieren des Einsatzes, Beobachten des Marktes für Medienprodukte und Dienstleistungen, Entwickeln von Marketingkonzepten, Vermarkten der Produkte und Dienstleistungen des Unternehmens, Organisieren des Vertriebs der Produkte, Auswerten von Kennzahlen und Statistiken zur Erfolgskontrolle, Nutzen von Informations- und Kommunikationssystemen, team- und projektorientiertes Arbeiten.

Berufliche Tätigkeitsfelder: Kaufleute für audiovisuelle Medien arbeiten in der Medienbranche, z.B. in den Bereichen Fernsehen und Rundfunk, Film-, Video- und Musikproduktion, Filmtheater und Multimedia.",2.3862732488589042,-81.55578373944546
262,Medienkaufmann Digital und Print/ Medienkauffrau Digital und Print,"Werbung, Marketing, kaufmännische und redaktionelle Medienberufe","Wirtschaft, Verwaltung & Organisation",3.0,https://www.bibb.de/dienst/berufesuche/de/index_berufesuche.php/profile/apprenticeship/n2345645,und Programmplanung Anwenden presse|und Printprodukten und Anbieten von Media|und Produktionsmittel sowie Dienstleistungen,"Profil der beruflichen Handlungsfähigkeit: Beobachten der unterschiedlichen Medienmärkte und der für sie relevanten gesellschaftlichen und technischen Entwicklungen, Mitwirken an der Produkt- und Programmplanung, Anwenden presse- und urheberrechtlicher Bestimmungen und Berücksichtigen branchenspezifischer Rahmenbedingungen, Mitarbeiten an der Entwicklung von Marketingkonzepten und Umsetzen von Marketingkonzepten, Beraten der Kunden über Medienprodukte und Dienstleistungen, Verkaufen von Digital- und Printprodukten und Anbieten von Media- und Dienstleistungen, Mitwirken bei der Gestaltung und Herstellung von Medienprodukten, Bearbeiten von Aufgaben in Vertrieb und Marketing, Berechnen von Produktions- und Vertriebskosten, Durchführen von Kalkulationen und Anwenden betrieblicher Controllinginstrumente, Mitwirken bei Kauf und Verkauf von Rechten und Lizenzen, Einkaufen von Arbeits- und Produktionsmittel sowie Dienstleistungen.

Berufliche Tätigkeitsfelder: Medienkaufleute Digital und Print sind in Verlagen und Medienhäusern tätig, die gedruckte und digitale Medien herausgeben sowie Dienstleistungen anbieten.",-41.532833701269176,-34.18857995905779
263,Servicefachkraft für Dialogmarketing,"Werbung, Marketing, kaufmännische und redaktionelle Medienberufe","Wirtschaft, Verwaltung & Organisation",2.0,https://www.bibb.de/dienst/berufesuche/de/index_berufesuche.php/profile/apprenticeship/n5453542,Handels|Datenschutz|und Sicherheitsvorschriften,"Profil der beruflichen Handlungsfähigkeit: Kommunizieren und Korrespondieren mit Kunden, bei gleichzeitiger Nutzung von Informations- und Kommunikationssystemen, Bearbeiten von Kundenanfragen, Aufträgen und Reklamationen, Analysieren des Bedarfs, Beraten von Kunden und Anbieten von kundenspezifischen Problemlösungen, situationsangepasstes Einsetzen rhetorischer Mittel und Gesprächsführungstechniken, kundenorientiertes Präsentieren und Verkaufen von Produkten und Dienstleistungen, aktive Kontaktaufnahme mit potenziellen Kunden und Interessenten, Mitwirken bei der Vorbereitung von Projekten, Durchführen von Projekten im Team und Dokumentieren der Projektergebnisse, Berücksichtigen spezifischer Kennzahlen und Steuerungsgrößen für das Projektcontrolling, Nutzen von Datenbanken, Pflegen und Sichern von Daten, Anwenden einschlägiger Rechts-, Datenschutz- und Sicherheitsvorschriften.

Berufliche Tätigkeitsfelder: Servicefachkräfte für Dialogmarketing sind in Call Centern, Servicecentern von Industrie-, Handels- und Dienstleistungsunternehmen und in anderen dialogorientierten Organisationseinheiten tätig.",-23.504665426604177,-49.745304291079684
