id,title,gruppe,super_cluster,dauer_monate,berufliche_taetigkeitsfelder,profil_berufliche_handlungsfaehigkeit,bibb_url,description,skills,x,y
0,,(Innen-)Ausbauberufe,Bau & Handwerk,36,"['Bauwerksabdichter/innen sind in Betrieben der Bauwirtschaft beschäftigt, vor allem in Spezialbauunternehmen für Abdichtungstechnik oder Flachdachabdichtung sowie in Sonderabteilungen von Bauunternehmen des Hoch', 'und Tiefbaus und von Dachdeckereien.']","['Prüfen der Zweckmäßigkeit der Abdichtungsmaßnahme vor Ort, insbesondere hinsichtlich des Wärme', 'und Brandschutzes, Prüfen der Abdichtungsuntergründe auf Beschaffenheit und Eignung, Ausbessern der Abdichtungsuntergründe oder Veranlassen entsprechender Maßnahmen, Prüfen der Abreißfestigkeit des Betons von Verkehrsflächen und Vorbereiten und Beschichten der Betonflächen, Einschätzen der Witterungsverhältnisse im Hinblick auf die Art der Abdichtung und Ergreifen von Schutzmaßnahmen für die Abdichtung bei Arbeitsunterbrechungen, Herstellen von Abdichtungen gegen Bodenfeuchtigkeit, gegen nichtdrückendes und gegen drückendes Wasser bei Dächern, unter Dachbegrünungen, bei Terrassen und Balkonen, Bodenplatten und Kelleraußenwänden, Bädern und Küchen, Großbehältern und Deponien, Parkdecks sowie Tunnel', 'und Brückenbauwerken, Herstellen von Abdichtungsanschlüssen und Abdichtungsabschlüssen sowie von Bewegungsfugen, Einbauen von Dämmstoffen, Herstellen von Schutzschichten und Belägen, Anfertigen von Bauberichten und Aufmaßskizzen und Dokumentieren der erbrachten Leistungen, Prüfen der fehlerfreien Ausführung und Qualität Abdichtungsarbeiten, Sanieren und Reparieren sowie Warten und Instandhalten von abgedichteten Flächen, Selbständiges Vorbereiten und Durchführen der Arbeiten auf der Grundlage von technischen Unterlagen und von Arbeitsaufträgen allein und in Kooperation mit anderen, Planen und Koordinieren der Arbeit, Abstimmen mit den am Bau Beteiligten, Ergreifen von Maßnahmen zur Sicherstellung des Arbeitsablaufes, zur Sicherheit und zum Gesundheitsschutz bei der Arbeit sowie zum Umweltschutz auf der Baustelle, Einrichten von Baustellen, Sichern des Arbeitsplatzes zur Abwehr von Unfällen und Gefahren, Aufstellen von Arbeits', ', Trag', 'und Schutzgerüsten und Prüfen der Betriebssicherheit, Aufstellen und Bedienen von Gasbrennern, Bitumenschmelzkochern, Schweißautomaten, Abreißprüfgeräten sowie von Bauaufzugsanlagen, Anfertigen von einfachen Skizzen, Zeichnungen und Verlegeplänen und Durchführen von Messungen, Prüfen von Bau', 'und Bauhilfsstoffen nach Art und Menge und Lagern und Transportieren dieser Stoffe, Ausführen einfacher Holz', ', Mauer', ', Putz', ', Beton', 'und Stemmarbeiten.']",https://www.bibb.de/dienst/berufesuche/de/index_berufesuche.php/profile/apprenticeship/4823301,"Tätigkeitsfelder: Bauwerksabdichter/innen sind in Betrieben der Bauwirtschaft beschäftigt, vor allem in Spezialbauunternehmen für Abdichtungstechnik oder Flachdachabdichtung sowie in Sonderabteilungen von Bauunternehmen des Hoch, und Tiefbaus und von Dachdeckereien.; Profil: Prüfen der Zweckmäßigkeit der Abdichtungsmaßnahme vor Ort, insbesondere hinsichtlich des Wärme, und Brandschutzes, Prüfen der Abdichtungsuntergründe auf Beschaffenheit und Eignung, Ausbessern der Abdichtungsuntergründe oder Veranlassen entsprechender Maßnahmen, Prüfen der Abreißfestigkeit des Betons von Verkehrsflächen und Vorbereiten und Beschichten der Betonflächen, Einschätzen der Witterungsverhältnisse im Hinblick auf die Art der Abdichtung und Ergreifen von Schutzmaßnahmen für die Abdichtung bei Arbeitsunterbrechungen, Herstellen von Abdichtungen gegen Bodenfeuchtigkeit, gegen nichtdrückendes und gegen drückendes Wasser bei Dächern, unter Dachbegrünungen, bei Terrassen und Balkonen, Bodenplatten und Kelleraußenwänden, Bädern und Küchen, Großbehältern und Deponien, Parkdecks sowie Tunnel, und Brückenbauwerken, Herstellen von Abdichtungsanschlüssen und Abdichtungsabschlüssen sowie von Bewegungsfugen, Einbauen von Dämmstoffen, Herstellen von Schutzschichten und Belägen, Anfertigen von Bauberichten und Aufmaßskizzen und Dokumentieren der erbrachten Leistungen, Prüfen der fehlerfreien Ausführung und Qualität Abdichtungsarbeiten, Sanieren und Reparieren sowie Warten und Instandhalten von abgedichteten Flächen, Selbständiges Vorbereiten und Durchführen der Arbeiten auf der Grundlage von technischen Unterlagen und von Arbeitsaufträgen allein und in Kooperation mit anderen, Planen und Koordinieren der Arbeit, Abstimmen mit den am Bau Beteiligten, Ergreifen von Maßnahmen zur Sicherstellung des Arbeitsablaufes, zur Sicherheit und zum Gesundheitsschutz bei der Arbeit sowie zum Umweltschutz auf der Baustelle, Einrichten von Baustellen, Sichern des Arbeitsplatzes zur Abwehr von Unfällen und Gefahren, Aufstellen von Arbeits, , Trag, und Schutzgerüsten und Prüfen der Betriebssicherheit, Aufstellen und Bedienen von Gasbrennern, Bitumenschmelzkochern, Schweißautomaten, Abreißprüfgeräten sowie von Bauaufzugsanlagen, Anfertigen von einfachen Skizzen, Zeichnungen und Verlegeplänen und Durchführen von Messungen, Prüfen von Bau, und Bauhilfsstoffen nach Art und Menge und Lagern und Transportieren dieser Stoffe, Ausführen einfacher Holz, , Mauer, , Putz, , Beton, und Stemmarbeiten.","['und Tiefbaus und von Dachdeckereien', 'Trag', 'Mauer', 'Putz', 'Beton', 'und Stemmarbeiten']",218.03163999538666,-232.1972623102987
1,,(Innen-)Ausbauberufe,Bau & Handwerk,36,"['Bodenleger/innen arbeiten insbesondere in Fußbodenverlegebetrieben, in Fachbetrieben des Raumausstatterhandwerks sowie in allen Betrieben, die entsprechende Dienstleistungen anbieten, zum Beispiel in Raumausstattungsabteilungen von Warenhäusern und in Fachgeschäften für Bodenbeläge oder Raumausstattung.']","['Verlegen von Fertigparkett und Schichtwerkstoffen, Prüfen der Verlegebedingungen, Vorbereiten von Untergründen zum Verlegen von textilen und elastischen Bodenbelägen sowie von Fertigparkett und Schichtwerkstoffen, Herstellen von Untergründen, Gestalten und Verlegen von textilen und elastischen Bodenbelägen, Behandeln von Oberflächen von Korkböden und anderen Bodenbelägen, Be', 'und Verarbeiten und Anbringen von Profilen, Instandsetzen und Instandhalten von textilen und elastischen Bodenbelägen sowie Fertigparkett und Schichtwerkstoffen, Prüfen der Arbeiten auf fehlerfreie Ausführung und Dokumentieren der Arbeit, Durchführen qualitätssichernder Maßnahmen und Berechnen der erbrachten Leistung, Bedienen und Instandhalten von Geräten und Maschinen, Durchführen von Messungen und Dokumentieren der Ergebnisse, Auswählen und Einrichten von Geräten und Maschinen und Durchführen von Wartungsarbeiten, Manuelles und maschinelles Verarbeiten von Holz, Holzwerkstoffen, Kunststoffen und Metallen, Selbständiges und kundenorientiertes Durchführen der Arbeiten auf der Grundlage von technischen Unterlagen und von Arbeitsaufträgen allein, im Team und in Kooperation mit anderen Gewerken, Planen und Koordinieren der Arbeit, Einrichten von Arbeitsplätzen und Ergreifen von Maßnahmen zur Sicherheit und zum Gesundheitsschutz bei der Arbeit sowie zum Umweltschutz.']",https://www.bibb.de/dienst/berufesuche/de/index_berufesuche.php/profile/apprenticeship/89576854,"Tätigkeitsfelder: Bodenleger/innen arbeiten insbesondere in Fußbodenverlegebetrieben, in Fachbetrieben des Raumausstatterhandwerks sowie in allen Betrieben, die entsprechende Dienstleistungen anbieten, zum Beispiel in Raumausstattungsabteilungen von Warenhäusern und in Fachgeschäften für Bodenbeläge oder Raumausstattung.; Profil: Verlegen von Fertigparkett und Schichtwerkstoffen, Prüfen der Verlegebedingungen, Vorbereiten von Untergründen zum Verlegen von textilen und elastischen Bodenbelägen sowie von Fertigparkett und Schichtwerkstoffen, Herstellen von Untergründen, Gestalten und Verlegen von textilen und elastischen Bodenbelägen, Behandeln von Oberflächen von Korkböden und anderen Bodenbelägen, Be, und Verarbeiten und Anbringen von Profilen, Instandsetzen und Instandhalten von textilen und elastischen Bodenbelägen sowie Fertigparkett und Schichtwerkstoffen, Prüfen der Arbeiten auf fehlerfreie Ausführung und Dokumentieren der Arbeit, Durchführen qualitätssichernder Maßnahmen und Berechnen der erbrachten Leistung, Bedienen und Instandhalten von Geräten und Maschinen, Durchführen von Messungen und Dokumentieren der Ergebnisse, Auswählen und Einrichten von Geräten und Maschinen und Durchführen von Wartungsarbeiten, Manuelles und maschinelles Verarbeiten von Holz, Holzwerkstoffen, Kunststoffen und Metallen, Selbständiges und kundenorientiertes Durchführen der Arbeiten auf der Grundlage von technischen Unterlagen und von Arbeitsaufträgen allein, im Team und in Kooperation mit anderen Gewerken, Planen und Koordinieren der Arbeit, Einrichten von Arbeitsplätzen und Ergreifen von Maßnahmen zur Sicherheit und zum Gesundheitsschutz bei der Arbeit sowie zum Umweltschutz.",[],224.99550111567208,-219.082835319527
2,,(Innen-)Ausbauberufe,Bau & Handwerk,36,"['In Estrichlegereien, in Fachbetrieben für Fußbodentechnik, in Betrieben des Bauhauptgewerbes sowie bei Altbausanierungsunternehmen arbeiten Estrichleger/innen. Sie sind auf wechselnden Baustellen tätig.']","['Herstellen von Estrichen aus verschiedenen Materialien und Verlegen von Oberböden, Vorbereiten von Untergründen nach unterschiedlichen Verfahren, Herstellen von Estrichmörtel mit unterschiedlichen Bindemitteln, Herstellen von verschiedenen Estrichen, auch als Gefälle', 'und Ausgleichestriche, mit und ohne Bewehrungen, Einbringen von Verbundestrichen, Estrichen auf Trennschichten und schwimmende Estriche von Hand und maschinell, Einbauen von Fertigteilestrichen unterschiedlicher Systeme, Auftragen von Kunstharzschichten, Einbauen von Hohlraum', 'und Doppelböden, Herstellen von Böden aus Beton, Auswählen von Platten, Bahnen und Laminaten für Bodenbeläge im Hinblick auf die Gestaltung von Flächen, Verlegen von Belägen aus Platten, Bahnen und Laminaten, Herstellen von Bauteilen im Trockenbau, beispielsweise Sonderkonstruktionen für Böden, Einbauen von Dämmstoffen für den Wärme', ', Kälte', 'und Schallschutz und Prüfen der Estriche und Beläge auf Schäden, Sanieren und Instandsetzen der Estriche und Beläge, Durchführen von angrenzenden Arbeiten in den Gewerben des Hochbaus, Selbständiges Durchführen der Arbeiten auf der Grundlage von technischen Unterlagen und von Arbeitsaufträgen allein und in Kooperation mit anderen, Planen und Koordinieren der Arbeit, Abstimmen mit den am Bau Beteiligten, Einrichten von Baustellen, Ergreifen von Maßnahmen zur Sicherstellung des Arbeitsablaufes, zur Sicherheit und zum Gesundheitsschutz bei der Arbeit sowie zum Umweltschutz auf der Baustelle, Prüfen der Arbeiten auf fehlerfreie Ausführung und Dokumentieren der Arbeit, Durchführen von qualitätssichernden Maßnahmen, Berechnen der erbrachten Leistung und Übergeben der geräumten Baustelle, Einsetzen von Geräten und Maschinen und Einmessen von Bauwerken und Bauteilen.']",https://www.bibb.de/dienst/berufesuche/de/index_berufesuche.php/profile/apprenticeship/4861101,"Tätigkeitsfelder: In Estrichlegereien, in Fachbetrieben für Fußbodentechnik, in Betrieben des Bauhauptgewerbes sowie bei Altbausanierungsunternehmen arbeiten Estrichleger/innen. Sie sind auf wechselnden Baustellen tätig.; Profil: Herstellen von Estrichen aus verschiedenen Materialien und Verlegen von Oberböden, Vorbereiten von Untergründen nach unterschiedlichen Verfahren, Herstellen von Estrichmörtel mit unterschiedlichen Bindemitteln, Herstellen von verschiedenen Estrichen, auch als Gefälle, und Ausgleichestriche, mit und ohne Bewehrungen, Einbringen von Verbundestrichen, Estrichen auf Trennschichten und schwimmende Estriche von Hand und maschinell, Einbauen von Fertigteilestrichen unterschiedlicher Systeme, Auftragen von Kunstharzschichten, Einbauen von Hohlraum, und Doppelböden, Herstellen von Böden aus Beton, Auswählen von Platten, Bahnen und Laminaten für Bodenbeläge im Hinblick auf die Gestaltung von Flächen, Verlegen von Belägen aus Platten, Bahnen und Laminaten, Herstellen von Bauteilen im Trockenbau, beispielsweise Sonderkonstruktionen für Böden, Einbauen von Dämmstoffen für den Wärme, , Kälte, und Schallschutz und Prüfen der Estriche und Beläge auf Schäden, Sanieren und Instandsetzen der Estriche und Beläge, Durchführen von angrenzenden Arbeiten in den Gewerben des Hochbaus, Selbständiges Durchführen der Arbeiten auf der Grundlage von technischen Unterlagen und von Arbeitsaufträgen allein und in Kooperation mit anderen, Planen und Koordinieren der Arbeit, Abstimmen mit den am Bau Beteiligten, Einrichten von Baustellen, Ergreifen von Maßnahmen zur Sicherstellung des Arbeitsablaufes, zur Sicherheit und zum Gesundheitsschutz bei der Arbeit sowie zum Umweltschutz auf der Baustelle, Prüfen der Arbeiten auf fehlerfreie Ausführung und Dokumentieren der Arbeit, Durchführen von qualitätssichernden Maßnahmen, Berechnen der erbrachten Leistung und Übergeben der geräumten Baustelle, Einsetzen von Geräten und Maschinen und Einmessen von Bauwerken und Bauteilen.",['Kälte'],244.28271174577367,-269.67784342891116
3,,(Innen-)Ausbauberufe,Bau & Handwerk,24,"['Fachkräfte für Holz', 'und Bautenschutzarbeiten arbeiten in Betrieben des Holz', 'und Bautenschutzgewerbes des Handwerks und der Industrie.']","['Erkennen von Schäden an Holz', 'und Holzbauteilen, Durchführen von vorbeugenden Holzschutzmaßnahmen gegen tierische und pflanzliche Holzzerstörer (Insekten und Pilze), Bekämpfen von holzzerstörende Insekten und Pilzen, Beseitigen von Schäden, welche durch tierische und pflanzliche Holzzerstörer verursacht werden, Erkennen von Schäden an Bauwerken aus Beton, Mauerwerk und Naturstein, Trocknen durchfeuchteter Bauwerke, Durchführen von Außen', 'und Innenabdichtungen an erdberührten Bauteilen, Durchführen nachträglicher chemischer Horizontalabdichtungen, Aufbringen von Sanierputzen, Instandsetzen von feuchte', 'und salzgeschädigten Mauerwerken, Planen und Dokumentieren der Arbeit, Ergreifen von Maßnahmen zur Sicherheit und zum Gesundheitsschutz bei der Arbeit sowie zum Umweltschutz am Arbeitsplatz, Einrichten, Sichern und Räumen von Arbeitsplätzen, kunden', 'und betriebswirtschaftlich orientiertes Arbeiten auf der Grundlage von Arbeitsaufträgen allein und im Team, Durchführen von qualitätssichernden Maßnahmen.']",https://www.bibb.de/dienst/berufesuche/de/index_berufesuche.php/profile/apprenticeship/0181007,"Tätigkeitsfelder: Fachkräfte für Holz, und Bautenschutzarbeiten arbeiten in Betrieben des Holz, und Bautenschutzgewerbes des Handwerks und der Industrie.; Profil: Erkennen von Schäden an Holz, und Holzbauteilen, Durchführen von vorbeugenden Holzschutzmaßnahmen gegen tierische und pflanzliche Holzzerstörer (Insekten und Pilze), Bekämpfen von holzzerstörende Insekten und Pilzen, Beseitigen von Schäden, welche durch tierische und pflanzliche Holzzerstörer verursacht werden, Erkennen von Schäden an Bauwerken aus Beton, Mauerwerk und Naturstein, Trocknen durchfeuchteter Bauwerke, Durchführen von Außen, und Innenabdichtungen an erdberührten Bauteilen, Durchführen nachträglicher chemischer Horizontalabdichtungen, Aufbringen von Sanierputzen, Instandsetzen von feuchte, und salzgeschädigten Mauerwerken, Planen und Dokumentieren der Arbeit, Ergreifen von Maßnahmen zur Sicherheit und zum Gesundheitsschutz bei der Arbeit sowie zum Umweltschutz am Arbeitsplatz, Einrichten, Sichern und Räumen von Arbeitsplätzen, kunden, und betriebswirtschaftlich orientiertes Arbeiten auf der Grundlage von Arbeitsaufträgen allein und im Team, Durchführen von qualitätssichernden Maßnahmen.","['Fachkräfte für Holz', 'Erkennen von Schäden an Holz']",29.551389917151557,-82.99060116758623
4,,(Innen-)Ausbauberufe,Bau & Handwerk,36,"['Ihren Arbeitsplatz haben Fliesen', ', Platten', 'und Mosaikleger/innen in Hochbau', 'und Ausbauunternehmen und Handwerksbetrieben, zum Beispiel bei Verlegebetrieben.']","['Verlegen von Fliesen, Platten, Mosaiken, Natursteinen und Werksteinen im Dick', 'und Dünnbettverfahren, Auswählen von Fliesen, Platten, Mosaiken, Natursteinen und Werksteinen im Hinblick auf die Gestaltung von Flächen, Vorbereiten von Untergründen nach unterschiedlichen Verfahren, Herstellen von Putzen und Estrichen, Herstellen von Bekleidungen und Belägen für gegliederte, vertikale, horizontale und geneigte Flächen, Bekleiden von Bauteilen, insbesondere Säulen, Treppen, Bögen, Herstellen und Montieren von Ummantelungen und Verkleidungen, Montieren von vorgefertigten Bauteilen, insbesondere Sanitärsystembauteile, Tragkonstruktionen und Montagewände, Ausführen von Abdichtungen im Verbund mit Bekleidungen und Belägen aus Fliesen, Platten und Mosaiken, Einbauen von Dämmstoffen für den Wärme', ', Kälte', 'und Schallschutz, Entfernen von Ausblühungen und Prüfen von Bekleidungen und Belägen auf Schäden, Sanieren und Instandsetzen, Durchführen von angrenzenden Arbeiten in den Gewerben des Hochbaus, Selbständiges Durchführen der Arbeiten auf der Grundlage von technischen Unterlagen und von Arbeitsaufträgen allein und in Kooperation mit anderen, Planen und Koordinieren der Arbeit, Abstimmen mit den am Bau Beteiligten, Einrichten von Baustellen, Ergreifen von Maßnahmen zur Sicherstellung des Arbeitsablaufes, zur Sicherheit und zum Gesundheitsschutz bei der Arbeit sowie zum Umweltschutz auf der Baustelle, Prüfen der Arbeiten auf fehlerfreie Ausführung, Dokumentieren der Arbeiten, Durchführen von qualitätssichernden Maßnahmen, Berechnen der erbrachten Leistung und Übergeben der geräumten Baustelle, Einsetzen von Geräten und Maschinen, Auf', 'und Abbauen von Arbeitsgerüsten und Einmessen von Bauwerken und Bauteilen.']",https://www.bibb.de/dienst/berufesuche/de/index_berufesuche.php/profile/apprenticeship/4830101,"Tätigkeitsfelder: Ihren Arbeitsplatz haben Fliesen, , Platten, und Mosaikleger/innen in Hochbau, und Ausbauunternehmen und Handwerksbetrieben, zum Beispiel bei Verlegebetrieben.; Profil: Verlegen von Fliesen, Platten, Mosaiken, Natursteinen und Werksteinen im Dick, und Dünnbettverfahren, Auswählen von Fliesen, Platten, Mosaiken, Natursteinen und Werksteinen im Hinblick auf die Gestaltung von Flächen, Vorbereiten von Untergründen nach unterschiedlichen Verfahren, Herstellen von Putzen und Estrichen, Herstellen von Bekleidungen und Belägen für gegliederte, vertikale, horizontale und geneigte Flächen, Bekleiden von Bauteilen, insbesondere Säulen, Treppen, Bögen, Herstellen und Montieren von Ummantelungen und Verkleidungen, Montieren von vorgefertigten Bauteilen, insbesondere Sanitärsystembauteile, Tragkonstruktionen und Montagewände, Ausführen von Abdichtungen im Verbund mit Bekleidungen und Belägen aus Fliesen, Platten und Mosaiken, Einbauen von Dämmstoffen für den Wärme, , Kälte, und Schallschutz, Entfernen von Ausblühungen und Prüfen von Bekleidungen und Belägen auf Schäden, Sanieren und Instandsetzen, Durchführen von angrenzenden Arbeiten in den Gewerben des Hochbaus, Selbständiges Durchführen der Arbeiten auf der Grundlage von technischen Unterlagen und von Arbeitsaufträgen allein und in Kooperation mit anderen, Planen und Koordinieren der Arbeit, Abstimmen mit den am Bau Beteiligten, Einrichten von Baustellen, Ergreifen von Maßnahmen zur Sicherstellung des Arbeitsablaufes, zur Sicherheit und zum Gesundheitsschutz bei der Arbeit sowie zum Umweltschutz auf der Baustelle, Prüfen der Arbeiten auf fehlerfreie Ausführung, Dokumentieren der Arbeiten, Durchführen von qualitätssichernden Maßnahmen, Berechnen der erbrachten Leistung und Übergeben der geräumten Baustelle, Einsetzen von Geräten und Maschinen, Auf, und Abbauen von Arbeitsgerüsten und Einmessen von Bauwerken und Bauteilen.","['Ihren Arbeitsplatz haben Fliesen', 'Platten', 'und Mosaikleger/innen in Hochbau', 'Kälte']",215.87100888156345,-228.14355984364406
5,,(Innen-)Ausbauberufe,Bau & Handwerk,36,"['Beschäftigungsmöglichkeiten ergeben sich für Industrie', 'Isolierer/innen sowohl in Betrieben, die sich auf Dämmungen und Isolierungen spezialisiert haben, als auch in großen Industriebetrieben, wie Kraftwerken, Raffinerien, Energieversorgungsunternehmen oder in der chemischen Industrie.']","['Herstellen von Wärme', ', Kälte', 'und Schalldämmungen an Rohrleitungen, Behältern, Einbauten, Decken und Wänden, Aufstellen und Prüfen von Arbeits', 'und Schutzgerüsten, Montieren von Leichtwänden und abgehängten Decken, Aufreißen, Abwickeln, Herstellen und Montieren von einfachen und komplexen Formteilen aus Blech, Aufmessen von Anlageteilen und Anfertigen von Isometrien, Auswählen von Dämmstoffen, Werkstoffen für Ummantelungen und Befestigungsmitteln nach Anwendungszweck und unter Berücksichtigung schall', 'und brandschutztechnischer Gesichtspunkte, Anbringen der Dämmstoffe durch Anlegen, Ansetzen, Wickeln, Kleben, Verdrahten und Bandagieren, Einbringen der Dämmstoffe durch Schütten, Blasen, Stopfen und Schäumen, Herstellen und Anbringen von Matratzen aus Dämmstoffen, Herstellen und Anbringen von Stütz', 'und Tragkonstruktionen, Ummanteln der Dämmungen mit Blechen, Folien, Bahnen, Bandagen und plastischen Hartmänteln und Formstücken, Prüfen der Ausführung von Dämmsystemen und Dampfbremsen sowie Beurteilen ihrer Wirkung, Ergreifen von Maßnahmen zur Qualitätssicherung.']",https://www.bibb.de/dienst/berufesuche/de/index_berufesuche.php/profile/apprenticeship/4820101,"Tätigkeitsfelder: Beschäftigungsmöglichkeiten ergeben sich für Industrie, Isolierer/innen sowohl in Betrieben, die sich auf Dämmungen und Isolierungen spezialisiert haben, als auch in großen Industriebetrieben, wie Kraftwerken, Raffinerien, Energieversorgungsunternehmen oder in der chemischen Industrie.; Profil: Herstellen von Wärme, , Kälte, und Schalldämmungen an Rohrleitungen, Behältern, Einbauten, Decken und Wänden, Aufstellen und Prüfen von Arbeits, und Schutzgerüsten, Montieren von Leichtwänden und abgehängten Decken, Aufreißen, Abwickeln, Herstellen und Montieren von einfachen und komplexen Formteilen aus Blech, Aufmessen von Anlageteilen und Anfertigen von Isometrien, Auswählen von Dämmstoffen, Werkstoffen für Ummantelungen und Befestigungsmitteln nach Anwendungszweck und unter Berücksichtigung schall, und brandschutztechnischer Gesichtspunkte, Anbringen der Dämmstoffe durch Anlegen, Ansetzen, Wickeln, Kleben, Verdrahten und Bandagieren, Einbringen der Dämmstoffe durch Schütten, Blasen, Stopfen und Schäumen, Herstellen und Anbringen von Matratzen aus Dämmstoffen, Herstellen und Anbringen von Stütz, und Tragkonstruktionen, Ummanteln der Dämmungen mit Blechen, Folien, Bahnen, Bandagen und plastischen Hartmänteln und Formstücken, Prüfen der Ausführung von Dämmsystemen und Dampfbremsen sowie Beurteilen ihrer Wirkung, Ergreifen von Maßnahmen zur Qualitätssicherung.","['Herstellen von Wärme', 'Kälte']",26.538470827469386,-61.213244269162395
6,,(Innen-)Ausbauberufe,Bau & Handwerk,24,"['Beschäftigungsmöglichkeiten ergeben sich sowohl in Betrieben, die sich auf Dämmungen und Isolierungen spezialisiert haben als auch in großen Industriebetrieben, wie Kraftwerken, Raffinerien, Energieversorgungsunternehmen oder in der chemischen Industrie.']","['Herstellen von Wärme', ', Kälte', 'und Schalldämmungen an Rohrleitungen, Behältern, Einbauten, Decken und Wänden, Aufstellen und Prüfen von Arbeits', 'und Schutzgerüsten, Montieren von Leichtwänden und abgehängten Decken, Aufreißen, Abwickeln und Herstellen von einfachen Formteilen aus Blech, Montieren von Formteilen, Auswählen von Dämmstoffen, Werkstoffen für Ummantelungen und Befestigungsmitteln nach Anwendungszweck und unter Berücksichtigung schall', 'und brandschutztechnischer Gesichtspunkte, Anbringen der Dämmstoffe durch Anlegen, Ansetzen, Wickeln, Kleben, Verdrahten und Bandagieren, Einbringen der Dämmstoffe durch Schütten, Blasen, Stopfen und Schäumen, Herstellen und Anbringen von Matratzen aus Dämmstoffen, Herstellen und Anbringen von Stütz', 'und Tragkonstruktionen, Ummanteln der Dämmungen mit Blechen, Folien, Bahnen, Bandagen und plastischen Hartmänteln, Kontrollieren der ausgeführten Arbeiten.']",https://www.bibb.de/dienst/berufesuche/de/index_berufesuche.php/profile/apprenticeship/4820301,"Tätigkeitsfelder: Beschäftigungsmöglichkeiten ergeben sich sowohl in Betrieben, die sich auf Dämmungen und Isolierungen spezialisiert haben als auch in großen Industriebetrieben, wie Kraftwerken, Raffinerien, Energieversorgungsunternehmen oder in der chemischen Industrie.; Profil: Herstellen von Wärme, , Kälte, und Schalldämmungen an Rohrleitungen, Behältern, Einbauten, Decken und Wänden, Aufstellen und Prüfen von Arbeits, und Schutzgerüsten, Montieren von Leichtwänden und abgehängten Decken, Aufreißen, Abwickeln und Herstellen von einfachen Formteilen aus Blech, Montieren von Formteilen, Auswählen von Dämmstoffen, Werkstoffen für Ummantelungen und Befestigungsmitteln nach Anwendungszweck und unter Berücksichtigung schall, und brandschutztechnischer Gesichtspunkte, Anbringen der Dämmstoffe durch Anlegen, Ansetzen, Wickeln, Kleben, Verdrahten und Bandagieren, Einbringen der Dämmstoffe durch Schütten, Blasen, Stopfen und Schäumen, Herstellen und Anbringen von Matratzen aus Dämmstoffen, Herstellen und Anbringen von Stütz, und Tragkonstruktionen, Ummanteln der Dämmungen mit Blechen, Folien, Bahnen, Bandagen und plastischen Hartmänteln, Kontrollieren der ausgeführten Arbeiten.","['Herstellen von Wärme', 'Kälte']",-22.282887007538378,-27.947555363932334
7,,(Innen-)Ausbauberufe,Bau & Handwerk,36,[],[],https://www.bibb.de/dienst/berufesuche/de/index_berufesuche.php/profile/apprenticeship/89896111,,[],-362.2967452047143,191.99426007981612
8,,(Innen-)Ausbauberufe,Bau & Handwerk,36,"['Rollladen', 'und Sonnenschutzmechatroniker/innen arbeiten vor allem in Fachbetrieben des Rollladen', 'und Sonnenschutztechnikerhandwerks und bei industriellen Herstellern von Rollladen', 'und Sonnenschutzanlagen.']","['Rollpanzer und Behänge aus Halbzeugen herstellen, Rollläden, Markisen und Jalousien herstellen, liefern und montieren, Tore und Rollgitter montieren und dabei die Herstellervorgaben umsetzen, Rollladen', 'und Fensterkombinationen herstellen und montieren, Antriebe und Steuerungen montieren und nach Kundenanforderungen programmieren, Maßnahmen zur Energieeinsparung planen und durchführen, Sicherheits', 'und Einbruchschutzmaßnahmen bei Herstellung, Montage und Sanierung von Rollläden, Fenstern und Türen durchführen, Sicherheits', 'und Funktionsprüfungen durchführen und dokumentieren, Transport von Bauteilen, Baugruppen und Arbeitsmitteln organisieren, Qualitätssichernde Maßnahmen durchführen und dabei Zusammenhänge zwischen Qualität, Kundenzufriedenheit und Betriebserfolg berücksichtigen, Arbeiten auf der Grundlage von Arbeitsaufträgen oder Plänen alleine und im Team durchführen mit anderen Gewerken selbständig und kundenorientiert koordinieren, Arbeitsplätze einrichten, sichern und räumen, Werk', 'und Hilfsstoffen sowie Halbzeuge be', 'und verarbeiten, Werkzeuge, Geräte, Maschinen und technische Anlagen handhaben, bedienen und Instand setzen, Wartungs', 'und Instandsetzungsmaßnahmen vorbereiten, durchführen und dokumentieren, Leistungen übergeben, Kundengespräche führen, weitere Kundenbedarfe erfassen und deren Umsetzbarkeit prüfen, erbrachte Leistungen berechnen und Maßnahmen zur Sicherheit und zum Gesundheitsschutz bei der Arbeit sowie zum Umweltschutz am Arbeitsplatz ergreifen.']",https://www.bibb.de/dienst/berufesuche/de/index_berufesuche.php/profile/apprenticeship/gd8798,"Tätigkeitsfelder: Rollladen, und Sonnenschutzmechatroniker/innen arbeiten vor allem in Fachbetrieben des Rollladen, und Sonnenschutztechnikerhandwerks und bei industriellen Herstellern von Rollladen, und Sonnenschutzanlagen.; Profil: Rollpanzer und Behänge aus Halbzeugen herstellen, Rollläden, Markisen und Jalousien herstellen, liefern und montieren, Tore und Rollgitter montieren und dabei die Herstellervorgaben umsetzen, Rollladen, und Fensterkombinationen herstellen und montieren, Antriebe und Steuerungen montieren und nach Kundenanforderungen programmieren, Maßnahmen zur Energieeinsparung planen und durchführen, Sicherheits, und Einbruchschutzmaßnahmen bei Herstellung, Montage und Sanierung von Rollläden, Fenstern und Türen durchführen, Sicherheits, und Funktionsprüfungen durchführen und dokumentieren, Transport von Bauteilen, Baugruppen und Arbeitsmitteln organisieren, Qualitätssichernde Maßnahmen durchführen und dabei Zusammenhänge zwischen Qualität, Kundenzufriedenheit und Betriebserfolg berücksichtigen, Arbeiten auf der Grundlage von Arbeitsaufträgen oder Plänen alleine und im Team durchführen mit anderen Gewerken selbständig und kundenorientiert koordinieren, Arbeitsplätze einrichten, sichern und räumen, Werk, und Hilfsstoffen sowie Halbzeuge be, und verarbeiten, Werkzeuge, Geräte, Maschinen und technische Anlagen handhaben, bedienen und Instand setzen, Wartungs, und Instandsetzungsmaßnahmen vorbereiten, durchführen und dokumentieren, Leistungen übergeben, Kundengespräche führen, weitere Kundenbedarfe erfassen und deren Umsetzbarkeit prüfen, erbrachte Leistungen berechnen und Maßnahmen zur Sicherheit und zum Gesundheitsschutz bei der Arbeit sowie zum Umweltschutz am Arbeitsplatz ergreifen.","['Rollladen', 'und Sonnenschutzanlagen', 'und Hilfsstoffen sowie Halbzeuge be']",40.67337725785085,-91.06138349735062
9,,(Innen-)Ausbauberufe,Bau & Handwerk,36,['Ihren Arbeitsplatz haben Stuckateure/Stuckateurinnen in Betrieben des Stuckateurhandwerks oder in Industriebetrieben des Ausbaus.'],"['Selbständiges Durchführen der Arbeiten auf der Grundlage von technischen Unterlagen und von Arbeitsaufträgen allein und in Kooperation mit anderen, Planen und Koordinieren der Arbeit und Abstimmen mit den am Bau Beteiligten, Einrichten von Baustellen und Ergreifen von Maßnahmen zur Sicherstellung des Arbeitsablaufes, zur Sicherheit und zum Gesundheitsschutz bei der Arbeit sowie zum Umweltschutz auf der Baustelle, Prüfen der Arbeiten auf fehlerfreie Ausführung, Dokumentieren der Arbeiten, Durchführen von qualitätssichernden Maßnahmen, Berechnen der erbrachten Leistung und Übergeben der geräumte Baustelle, Einsetzen von Geräten und Maschinen, Auf', 'und Abbauen von Arbeits', ', Schutz', 'und Traggerüsten und Einmessen von Bauwerken und Bauteilen, Einteilen von Flächen unter Berücksichtigung gestalterischer Gesichtspunkte, Vorbereiten von Untergründen, Bekleiden von Flächen mit Wand', 'Trockenputz, Herstellen von Putzen für unterschiedliche Anwendungszwecke und Durchführen von Drahtputzarbeiten, Gestalten von Putzoberflächen, Herstellen von Wärmedämmverbundsystemen, Herstellen von Estrichen und Einbauen von Fertigteilestrichen, Ziehen von Stukkprofilen am Tisch und vor Ort, Versetzen und Einputzen der Stukkprofile, Herstellen von Antragstuck und Ausführen von Arbeiten in Stuccolustro', 'und Stuckmarmortechnik, Setzen von Wänden aus Gipswandbauplatten, Herstellen von Montagewänden, Ummantelungen, Bekleidungen und Unterdecken im Rahmen des Trockenbaus, Montieren und Einbauen von vorgefertigten Bauteilen, Einbauen von Dämmstoffen für den Wärme', ', Kälte', ', Schall', 'und Brandschutz, Feststellen von Schäden im Rahmen von Instandsetzungs', 'und Sanierungsarbeiten, Ermitteln der Ursachen und Durchführen von Instandsetzungs', 'und Sanierungsarbeiten, Durchführen von angrenzende Arbeiten in den Gewerben des Hochbaus.']",https://www.bibb.de/dienst/berufesuche/de/index_berufesuche.php/profile/apprenticeship/4810101,"Tätigkeitsfelder: Ihren Arbeitsplatz haben Stuckateure/Stuckateurinnen in Betrieben des Stuckateurhandwerks oder in Industriebetrieben des Ausbaus.; Profil: Selbständiges Durchführen der Arbeiten auf der Grundlage von technischen Unterlagen und von Arbeitsaufträgen allein und in Kooperation mit anderen, Planen und Koordinieren der Arbeit und Abstimmen mit den am Bau Beteiligten, Einrichten von Baustellen und Ergreifen von Maßnahmen zur Sicherstellung des Arbeitsablaufes, zur Sicherheit und zum Gesundheitsschutz bei der Arbeit sowie zum Umweltschutz auf der Baustelle, Prüfen der Arbeiten auf fehlerfreie Ausführung, Dokumentieren der Arbeiten, Durchführen von qualitätssichernden Maßnahmen, Berechnen der erbrachten Leistung und Übergeben der geräumte Baustelle, Einsetzen von Geräten und Maschinen, Auf, und Abbauen von Arbeits, , Schutz, und Traggerüsten und Einmessen von Bauwerken und Bauteilen, Einteilen von Flächen unter Berücksichtigung gestalterischer Gesichtspunkte, Vorbereiten von Untergründen, Bekleiden von Flächen mit Wand, Trockenputz, Herstellen von Putzen für unterschiedliche Anwendungszwecke und Durchführen von Drahtputzarbeiten, Gestalten von Putzoberflächen, Herstellen von Wärmedämmverbundsystemen, Herstellen von Estrichen und Einbauen von Fertigteilestrichen, Ziehen von Stukkprofilen am Tisch und vor Ort, Versetzen und Einputzen der Stukkprofile, Herstellen von Antragstuck und Ausführen von Arbeiten in Stuccolustro, und Stuckmarmortechnik, Setzen von Wänden aus Gipswandbauplatten, Herstellen von Montagewänden, Ummantelungen, Bekleidungen und Unterdecken im Rahmen des Trockenbaus, Montieren und Einbauen von vorgefertigten Bauteilen, Einbauen von Dämmstoffen für den Wärme, , Kälte, , Schall, und Brandschutz, Feststellen von Schäden im Rahmen von Instandsetzungs, und Sanierungsarbeiten, Ermitteln der Ursachen und Durchführen von Instandsetzungs, und Sanierungsarbeiten, Durchführen von angrenzende Arbeiten in den Gewerben des Hochbaus.","['und Abbauen von Arbeits', 'Schutz', 'Kälte', 'Schall']",359.49978249115753,-318.41424455217145
10,,(Innen-)Ausbauberufe,Bau & Handwerk,36,"['Ihren Arbeitsplatz haben Trockenbaumonteurinnen und Trockenbaumonteure in Trockenbau', 'und Stuckateurbetrieben, in Spezialbetrieben für Akustikbau und Objektausbau sowie in anderen Betrieben des Bauhauptgewerbes.']","['Trockenbaumonteurinnen und', 'monteure sind Fachleute für die Errichtung und Gestaltung von Innenräumen durch Trockenbauverfahren. Sie spielen eine entscheidende Rolle bei der Verbesserung der Energieeffizienz von Gebäuden, indem sie Dämmstoffe für den Wärme', ', Feuchte', ', Schall', 'und Brandschutz einbauen. Ihr Tätigkeitsfeld umfasst das Herstellen von Montagewänden, Abschottungen, Bekleidungen und Unterdecken sowie das Montieren von Unterkonstruktionen für Wand', 'und Deckenkonstruktionen. Darüber hinaus führen sie den Ausbau von Feuchträumen und Dachgeschossen durch und errichten Brandschutzkonstruktionen sowie Sonderdecken wie Akustik', ', Heiz', ', Kühl', 'und Klimadecken sowie Strahlenschutzkonstruktionen. Sanierung und Instandhaltung von Trockenbaukonstruktionen gehören ebenfalls zu ihren Aufgaben. In der Ausbildung lernen sie, Aufträge zu übernehmen, die Arbeiten zu planen, Baustellen einzurichten und zu unterhalten, Baustoffe auszuwählen und zu verarbeiten, Zeichnungen zu erstellen, Messungen durchzuführen, Untergründe zu prüfen, Maschinen und Anlagen einzusetzen und qualitätssichernde Maßnahmen durchzuführen.']",https://www.bibb.de/dienst/berufesuche/de/index_berufesuche.php/profile/apprenticeship/78opl,"Tätigkeitsfelder: Ihren Arbeitsplatz haben Trockenbaumonteurinnen und Trockenbaumonteure in Trockenbau, und Stuckateurbetrieben, in Spezialbetrieben für Akustikbau und Objektausbau sowie in anderen Betrieben des Bauhauptgewerbes.; Profil: Trockenbaumonteurinnen und, monteure sind Fachleute für die Errichtung und Gestaltung von Innenräumen durch Trockenbauverfahren. Sie spielen eine entscheidende Rolle bei der Verbesserung der Energieeffizienz von Gebäuden, indem sie Dämmstoffe für den Wärme, , Feuchte, , Schall, und Brandschutz einbauen. Ihr Tätigkeitsfeld umfasst das Herstellen von Montagewänden, Abschottungen, Bekleidungen und Unterdecken sowie das Montieren von Unterkonstruktionen für Wand, und Deckenkonstruktionen. Darüber hinaus führen sie den Ausbau von Feuchträumen und Dachgeschossen durch und errichten Brandschutzkonstruktionen sowie Sonderdecken wie Akustik, , Heiz, , Kühl, und Klimadecken sowie Strahlenschutzkonstruktionen. Sanierung und Instandhaltung von Trockenbaukonstruktionen gehören ebenfalls zu ihren Aufgaben. In der Ausbildung lernen sie, Aufträge zu übernehmen, die Arbeiten zu planen, Baustellen einzurichten und zu unterhalten, Baustoffe auszuwählen und zu verarbeiten, Zeichnungen zu erstellen, Messungen durchzuführen, Untergründe zu prüfen, Maschinen und Anlagen einzusetzen und qualitätssichernde Maßnahmen durchzuführen.","['Trockenbaumonteurinnen und', 'Feuchte', 'Schall', 'Heiz', 'Kühl']",-185.9313573934957,35.01315780181018
11,,(Innen-)Ausbauberufe,Bau & Handwerk,36,"['Beschäftigungsmöglichkeiten finden Wärme', ', Kälte', 'und Schallschutzisolierer/innen in Isolierbaubetrieben, in Spezialbetrieben für Akustikbau und Schallschutz, in Trockenbau', 'und Stuckateurbetrieben oder in anderen Betrieben des Bauhauptgewerbes.']","['Planen und Koordinieren der Arbeit, Abstimmen mit den am Bau Beteiligten und Einrichten von Baustellen, Ergreifen von Maßnahmen zur Sicherstellung des Arbeitsablaufes, zur Sicherheit und zum Gesundheitsschutz bei der Arbeit sowie zum Umweltschutz auf der Baustelle, Prüfen der Arbeiten auf fehlerfreie Ausführung, Dokumentieren der Arbeiten und Durchführen von qualitätssichernden Maßnahmen, Berechnen der erbrachten Leistung und Übergeben der geräumten Baustelle, Einsetzen von Geräten und Maschinen, Auf', 'und Abbauen von Arbeits', ', Schutz', 'und Traggerüsten und Einmessen von Bauwerken und Bauteilen, Bearbeiten von Materialien des Oberflächenschutzes, beispielsweise Blechen aus Stahl und Nichteisenmetallen sowie Kunststoffen, Herstellen und Anbringen von Stütz', 'und Tragkonstruktionen, Herstellen von Modellen für Formstücke, Herstellen von Aufrissen und Abwicklungen von Schablonen für einfache und komplexe Formteile, Aufmessen von Anlagenteilen und Anfertigen von Isometrien, Prüfen der Voraussetzungen zum Dämmen und Auswählen von Dämmstoffen, Herstellen von Matratzen aus Dämmstoffen, Einbauen von Dämmstoffen für den Wärme', ', Kälte', ', Schall', 'und Brandschutz, Vorfertigen und Montieren von Teilen und Formstücken, Ummanteln von Dämmungen mit Blechen, Folien, Bahnen, Bandagen und plastischen Hartmänteln und Formstücken, Herstellen und Montieren von Innenauskleidungen für Kühlräume, Herstellen von Bauteilen im Trockenbau, Prüfen von Dämmsystemen und Beurteilen ihrer Wirkung, Feststellen von Schäden im Rahmen von Instandsetzungs', 'und Sanierungsarbeiten, Ermitteln der Ursachen und Durchführen von Instandsetzungs', 'und Sanierungsarbeiten, Durchführen von angrenzenden Arbeiten in den Gewerben des Hochbaus.']",https://www.bibb.de/dienst/berufesuche/de/index_berufesuche.php/profile/apprenticeship/4820401,"Tätigkeitsfelder: Beschäftigungsmöglichkeiten finden Wärme, , Kälte, und Schallschutzisolierer/innen in Isolierbaubetrieben, in Spezialbetrieben für Akustikbau und Schallschutz, in Trockenbau, und Stuckateurbetrieben oder in anderen Betrieben des Bauhauptgewerbes.; Profil: Planen und Koordinieren der Arbeit, Abstimmen mit den am Bau Beteiligten und Einrichten von Baustellen, Ergreifen von Maßnahmen zur Sicherstellung des Arbeitsablaufes, zur Sicherheit und zum Gesundheitsschutz bei der Arbeit sowie zum Umweltschutz auf der Baustelle, Prüfen der Arbeiten auf fehlerfreie Ausführung, Dokumentieren der Arbeiten und Durchführen von qualitätssichernden Maßnahmen, Berechnen der erbrachten Leistung und Übergeben der geräumten Baustelle, Einsetzen von Geräten und Maschinen, Auf, und Abbauen von Arbeits, , Schutz, und Traggerüsten und Einmessen von Bauwerken und Bauteilen, Bearbeiten von Materialien des Oberflächenschutzes, beispielsweise Blechen aus Stahl und Nichteisenmetallen sowie Kunststoffen, Herstellen und Anbringen von Stütz, und Tragkonstruktionen, Herstellen von Modellen für Formstücke, Herstellen von Aufrissen und Abwicklungen von Schablonen für einfache und komplexe Formteile, Aufmessen von Anlagenteilen und Anfertigen von Isometrien, Prüfen der Voraussetzungen zum Dämmen und Auswählen von Dämmstoffen, Herstellen von Matratzen aus Dämmstoffen, Einbauen von Dämmstoffen für den Wärme, , Kälte, , Schall, und Brandschutz, Vorfertigen und Montieren von Teilen und Formstücken, Ummanteln von Dämmungen mit Blechen, Folien, Bahnen, Bandagen und plastischen Hartmänteln und Formstücken, Herstellen und Montieren von Innenauskleidungen für Kühlräume, Herstellen von Bauteilen im Trockenbau, Prüfen von Dämmsystemen und Beurteilen ihrer Wirkung, Feststellen von Schäden im Rahmen von Instandsetzungs, und Sanierungsarbeiten, Ermitteln der Ursachen und Durchführen von Instandsetzungs, und Sanierungsarbeiten, Durchführen von angrenzenden Arbeiten in den Gewerben des Hochbaus.","['Beschäftigungsmöglichkeiten finden Wärme', 'Kälte', 'und Abbauen von Arbeits', 'Schutz', 'Schall']",312.30284909151476,-295.9151699670131
12,,(Innen-)Ausbauberufe,Bau & Handwerk,36,"['Beschäftigungsmöglichkeiten finden Zimmerer und Zimmerinnen im Handwerk und in der Industrie z.B. in Zimmereibetrieben, Unternehmen des Bauhauptgewerbes oder in der Fertighausindustrie, bei Dachdeckereien oder Altbausanierungsbetrieben.']","['Selbständiges Durchführen der Arbeiten auf der Grundlage von technischen Unterlagen und von Arbeitsaufträgen allein und in Kooperation mit anderen, Planen und Koordinieren der Arbeit und Abstimmen mit den am Bau Beteiligten, Einrichten von Baustellen und Ergreifen von Maßnahmen zur Sicherstellung des Arbeitsablaufes, zur Sicherheit und zum Gesundheitsschutz bei der Arbeit sowie zum Umweltschutz auf der Baustelle, Prüfen der Arbeiten auf fehlerfreie Ausführung, Dokumentieren der Arbeiten, Durchführen von qualitätssichernden Maßnahmen, Berechnen der erbrachten Leistung und Übergeben der geräumten Baustelle, Einsetzen von Geräten und Maschinen, Auf', 'und Abbauen von Arbeits', ', Schutz', 'und Traggerüsten und Einmessen von Bauwerken und Bauteilen, Herstellen von Holzkonstruktionen, beispielsweise für Decken, Dächer, Fachwerk und Holzrahmenbau, in unterschiedlichen Ausführungen, Herstellen des Abbundes und Berücksichtigen dabei des konstruktiven Holzschutzes, Herstellen und Einbauen von Türen, Toren, geraden und gewendelten Treppen, Herstellen von Außenwandbekleidungen, insbesondere unter Berücksichtigung der Hinterlüftung, Einsetzen von stationären Holzbearbeitungsmaschinen, Herstellen von Bauteilen im Trockenbau, Herstellen von Unterkonstruktionen und Bekleidungen, Bearbeiten und Behandeln von Holzoberflächen, Einbauen von Dämmstoffen für den Wärme', ', Kälte', ', Schall', 'und Brandschutz, Durchführen von Erhaltungs', 'und Instandsetzungsmaßnahmen an Holzkonstruktionen, Durchführen von angrenzendev Arbeiten in den Gewerben des Hochbaus.']",https://www.bibb.de/dienst/berufesuche/de/index_berufesuche.php/profile/apprenticeship/4510401,"Tätigkeitsfelder: Beschäftigungsmöglichkeiten finden Zimmerer und Zimmerinnen im Handwerk und in der Industrie z.B. in Zimmereibetrieben, Unternehmen des Bauhauptgewerbes oder in der Fertighausindustrie, bei Dachdeckereien oder Altbausanierungsbetrieben.; Profil: Selbständiges Durchführen der Arbeiten auf der Grundlage von technischen Unterlagen und von Arbeitsaufträgen allein und in Kooperation mit anderen, Planen und Koordinieren der Arbeit und Abstimmen mit den am Bau Beteiligten, Einrichten von Baustellen und Ergreifen von Maßnahmen zur Sicherstellung des Arbeitsablaufes, zur Sicherheit und zum Gesundheitsschutz bei der Arbeit sowie zum Umweltschutz auf der Baustelle, Prüfen der Arbeiten auf fehlerfreie Ausführung, Dokumentieren der Arbeiten, Durchführen von qualitätssichernden Maßnahmen, Berechnen der erbrachten Leistung und Übergeben der geräumten Baustelle, Einsetzen von Geräten und Maschinen, Auf, und Abbauen von Arbeits, , Schutz, und Traggerüsten und Einmessen von Bauwerken und Bauteilen, Herstellen von Holzkonstruktionen, beispielsweise für Decken, Dächer, Fachwerk und Holzrahmenbau, in unterschiedlichen Ausführungen, Herstellen des Abbundes und Berücksichtigen dabei des konstruktiven Holzschutzes, Herstellen und Einbauen von Türen, Toren, geraden und gewendelten Treppen, Herstellen von Außenwandbekleidungen, insbesondere unter Berücksichtigung der Hinterlüftung, Einsetzen von stationären Holzbearbeitungsmaschinen, Herstellen von Bauteilen im Trockenbau, Herstellen von Unterkonstruktionen und Bekleidungen, Bearbeiten und Behandeln von Holzoberflächen, Einbauen von Dämmstoffen für den Wärme, , Kälte, , Schall, und Brandschutz, Durchführen von Erhaltungs, und Instandsetzungsmaßnahmen an Holzkonstruktionen, Durchführen von angrenzendev Arbeiten in den Gewerben des Hochbaus.","['und Abbauen von Arbeits', 'Schutz', 'Kälte', 'Schall', 'und Brandschutz Durchführen von Erhaltungs']",305.9603297521752,-313.7108018947816
13,,"Bauplanungs-, Architektur- und Vermessungsberufe",IT & Technik,36,"['Vor allem in Straßen', 'und Verkehrsverwaltungen der Bundesländer, in Bauämtern der Landkreise und Kommunen sowie in Ingenieurbüros und Bauunternehmen sind Fachkräfte für Straßen', 'und Verkehrstechnik beschäftigt.']","['Ausführen von zeichnerischen, rechnerischen, konstruktiven, kaufmännischen und verwaltenden Tätigkeiten selbständig und in Kooperation mit anderen im Innen', 'und Außendienst, manuelles Arbeiten und Arbeiten mit der Technik der Daten', 'und Informationsverarbeitung, Kommunikation und Telematik, Beachten der Gesetze des Straßenrechts und des Straßenverkehrsrechts, des Natur', 'und Umweltschutzes und der Vorschriften der Straßenverkehrstechnik und der Straßenbautechnik, Ausführen von Vermessungsarbeiten, Darstellen von Geländeplänen und', 'profilen, Erheben, Auswerten und Darstellen von Daten, Konstruieren und Berechnen von Straßen', 'und Verkehrsführungen, Erstellen von Entwurfsplänen für Straßen, Rad', 'und Gehwege, Bauwerke und öffentliche Nahverkehrsanlagen, Berechnen der Lärmbelastungen und Planen von Lärmschutzmaßnahmen, Planen von Anlagen der Straßenentwässerung, Berücksichtigen von Fachbeiträgen der Landespflege, des Städtebaues und des Immissionsschutzes, Bearbeiten von Unterlagen für die Baurechtsbeschaffung, Vorbereiten von Ausschreibungen für Bauleistungen und Aufstellen von Kostenanschläge, Mitwirken bei der Leitung und Überwachung von Baumaßnahmen und Abrechnen von Bauleistungen, Arbeiten in der technischen Organisation des Betriebes, der Erhaltung und Betreuung des Verkehrswegenetzes und der Bauwerke, Aufstellen von Einsatzplänen für Straßenunterhaltungsarbeiten, Planen und Darstellen der Straßen', 'und Verkehrsausstattung, Ausarbeiten und Darstellen von Maßnahmen zur Verkehrssicherheit und Verkehrssteuerung, Erfassen von Straßen', 'und Verkehrsbestandsdaten und Auswerten in Straßeninformationssystemen.']",https://www.bibb.de/dienst/berufesuche/de/index_berufesuche.php/profile/apprenticeship/6236789,"Tätigkeitsfelder: Vor allem in Straßen, und Verkehrsverwaltungen der Bundesländer, in Bauämtern der Landkreise und Kommunen sowie in Ingenieurbüros und Bauunternehmen sind Fachkräfte für Straßen, und Verkehrstechnik beschäftigt.; Profil: Ausführen von zeichnerischen, rechnerischen, konstruktiven, kaufmännischen und verwaltenden Tätigkeiten selbständig und in Kooperation mit anderen im Innen, und Außendienst, manuelles Arbeiten und Arbeiten mit der Technik der Daten, und Informationsverarbeitung, Kommunikation und Telematik, Beachten der Gesetze des Straßenrechts und des Straßenverkehrsrechts, des Natur, und Umweltschutzes und der Vorschriften der Straßenverkehrstechnik und der Straßenbautechnik, Ausführen von Vermessungsarbeiten, Darstellen von Geländeplänen und, profilen, Erheben, Auswerten und Darstellen von Daten, Konstruieren und Berechnen von Straßen, und Verkehrsführungen, Erstellen von Entwurfsplänen für Straßen, Rad, und Gehwege, Bauwerke und öffentliche Nahverkehrsanlagen, Berechnen der Lärmbelastungen und Planen von Lärmschutzmaßnahmen, Planen von Anlagen der Straßenentwässerung, Berücksichtigen von Fachbeiträgen der Landespflege, des Städtebaues und des Immissionsschutzes, Bearbeiten von Unterlagen für die Baurechtsbeschaffung, Vorbereiten von Ausschreibungen für Bauleistungen und Aufstellen von Kostenanschläge, Mitwirken bei der Leitung und Überwachung von Baumaßnahmen und Abrechnen von Bauleistungen, Arbeiten in der technischen Organisation des Betriebes, der Erhaltung und Betreuung des Verkehrswegenetzes und der Bauwerke, Aufstellen von Einsatzplänen für Straßenunterhaltungsarbeiten, Planen und Darstellen der Straßen, und Verkehrsausstattung, Ausarbeiten und Darstellen von Maßnahmen zur Verkehrssicherheit und Verkehrssteuerung, Erfassen von Straßen, und Verkehrsbestandsdaten und Auswerten in Straßeninformationssystemen.","['Vor allem in Straßen', 'und Verkehrstechnik beschäftigt']",96.74417660113735,-99.24549288402115
14,,"Bauplanungs-, Architektur- und Vermessungsberufe",IT & Technik,36,"['Fachkräfte für Wasserwirtschaft sind vor allem in Wasserwirtschafts', 'und Umweltverwaltungen, in Ingenieurbüros sowie in Ver', 'und Entsorgungsbetrieben beschäftigt.']","['Ausführen von fachtechnischen Arbeiten, insbesondere Messen, Zeichnen, Überwachen sowie betriebswirtschaftlichen und verwaltenden Tätigkeiten selbständig und in Kooperation mit Anderen im Innen', 'und Außendienst, manuelles Arbeiten und Arbeiten mit der Technik der Daten', 'und Informationsverarbeitung, Kommunikation und Telematik, Beachten der Gesetze des Wasser', 'und Bodenschutzrechts, des Natur', 'und Umweltschutzes und der Vorschriften der Wasserwirtschaft, Vermessen von Gelände, Gewässer und Anlagen und Darstellen in Plänen, Durchführen, Auswerten und Darstellen von Wasserstands', 'und Abflussmessungen, Entnehmen von Proben an Gewässern und Anlagen und Dokumentieren der Proben, Zeichnen, Konstruieren und Berechnen von Plänen für Wasserversorgungs', 'und Abwasseranlagen sowie zur Gewässerrenaturierung und zum Hochwasser', 'oder Küstenschutz, Erstellen oder Bearbeiten der Unterlagen für Anzeigen, Genehmigungen und Gewässerbenutzungsverfahren und Mitwirken bei der Durchführung von wasserrechtlichen Verfahren sowie bei der Erstellung von Wasserbewirtschaftungs', 'und Maßnahmenplänen, Durchführen von örtlichen Ermittlungen und Erstellen von Unterlagen für Festsetzungsverfahren für Wasserschutzgebiete und Feststellungsverfahren für Überschwemmungsgebiete, Abstimmen von wasserwirtschaftlichen Planungen mit anderen Fachplanungen und Trägern öffentlicher Belange, Mitwirken bei Untersuchungen und Sanierung von Boden', 'und Gewässerverunreinigungen, Vorbereiten von Ausschreibungen für Bauleistungen und Aufstellen von Kostenanschläge, Überwachen der Bauausführung, Erstellen und Prüfen der Aufmaße und Abrechnungen, Überwachen von Wasserschutz', 'und Überschwemmungsgebieten, Kontrollieren von Wasserversorgungs', 'und Abwasseranlagen, Gewässerbenutzungen, sowie von Betrieben und Anlagen zum Umgang mit wassergefährdenden Stoffen.']",https://www.bibb.de/dienst/berufesuche/de/index_berufesuche.php/profile/apprenticeship/6235678,"Tätigkeitsfelder: Fachkräfte für Wasserwirtschaft sind vor allem in Wasserwirtschafts, und Umweltverwaltungen, in Ingenieurbüros sowie in Ver, und Entsorgungsbetrieben beschäftigt.; Profil: Ausführen von fachtechnischen Arbeiten, insbesondere Messen, Zeichnen, Überwachen sowie betriebswirtschaftlichen und verwaltenden Tätigkeiten selbständig und in Kooperation mit Anderen im Innen, und Außendienst, manuelles Arbeiten und Arbeiten mit der Technik der Daten, und Informationsverarbeitung, Kommunikation und Telematik, Beachten der Gesetze des Wasser, und Bodenschutzrechts, des Natur, und Umweltschutzes und der Vorschriften der Wasserwirtschaft, Vermessen von Gelände, Gewässer und Anlagen und Darstellen in Plänen, Durchführen, Auswerten und Darstellen von Wasserstands, und Abflussmessungen, Entnehmen von Proben an Gewässern und Anlagen und Dokumentieren der Proben, Zeichnen, Konstruieren und Berechnen von Plänen für Wasserversorgungs, und Abwasseranlagen sowie zur Gewässerrenaturierung und zum Hochwasser, oder Küstenschutz, Erstellen oder Bearbeiten der Unterlagen für Anzeigen, Genehmigungen und Gewässerbenutzungsverfahren und Mitwirken bei der Durchführung von wasserrechtlichen Verfahren sowie bei der Erstellung von Wasserbewirtschaftungs, und Maßnahmenplänen, Durchführen von örtlichen Ermittlungen und Erstellen von Unterlagen für Festsetzungsverfahren für Wasserschutzgebiete und Feststellungsverfahren für Überschwemmungsgebiete, Abstimmen von wasserwirtschaftlichen Planungen mit anderen Fachplanungen und Trägern öffentlicher Belange, Mitwirken bei Untersuchungen und Sanierung von Boden, und Gewässerverunreinigungen, Vorbereiten von Ausschreibungen für Bauleistungen und Aufstellen von Kostenanschläge, Überwachen der Bauausführung, Erstellen und Prüfen der Aufmaße und Abrechnungen, Überwachen von Wasserschutz, und Überschwemmungsgebieten, Kontrollieren von Wasserversorgungs, und Abwasseranlagen, Gewässerbenutzungen, sowie von Betrieben und Anlagen zum Umgang mit wassergefährdenden Stoffen.","['und Entsorgungsbetrieben beschäftigt', 'und Bodenschutzrechts des Natur']",118.26428165075846,-127.44884320112857
15,,"Bauplanungs-, Architektur- und Vermessungsberufe",IT & Technik,36,"['Geomatiker und Geomatikerinnen arbeiten im öffentlichen Dienst oder in privatwirtschaftlichen Firmen der Geoinformationsbranche, insbesondere in Dienststellen des Vermessungs', ', Kataster', 'und Geoinformationswesens', 'in Betrieben und Verlagen der Kartographie', 'in Betrieben der Fernerkundung und in Betrieben und Dienststellen mit Anwendung der Geoinformationssysteme.']","['Erfassen und Beschaffen von Geodaten, Verarbeiten, Verwalten und Veranschaulichen von Geodaten, Modellieren von Geodaten und Aufbereiten in unterschiedliche Formate für verschiedene Medien, Nutzen der Informations', 'und Kommunikationssysteme der Geomatik, kundenorientiertes Durchführen von Aufträgen unter Verwendung von Geodaten, Mitwirken in der Kundenberatung und Anwenden von Marketingstrategien, Anwenden von Methoden der visuellen Kommunikation und grafischen Gestaltung von Karten sowie Vermittlung und Darstellung komplexer räumlicher Sachverhalte, Umsetzen von Geodaten in Karten, Präsentationsgrafiken und multimediale Produkte, Anwenden von Informations', 'und Kommunikationstechniken, Beachten der berufsbezogenen Rechts', 'und Verwaltungsvorschriften, Anwenden naturwissenschaftlicher und mathematischer Grundlagen der Geoinformationstechnologie, teamorientiertes und qualitätssicherndes Arbeiten.']",https://www.bibb.de/dienst/berufesuche/de/index_berufesuche.php/profile/apprenticeship/51467,"Tätigkeitsfelder: Geomatiker und Geomatikerinnen arbeiten im öffentlichen Dienst oder in privatwirtschaftlichen Firmen der Geoinformationsbranche, insbesondere in Dienststellen des Vermessungs, , Kataster, und Geoinformationswesens, in Betrieben und Verlagen der Kartographie, in Betrieben der Fernerkundung und in Betrieben und Dienststellen mit Anwendung der Geoinformationssysteme.; Profil: Erfassen und Beschaffen von Geodaten, Verarbeiten, Verwalten und Veranschaulichen von Geodaten, Modellieren von Geodaten und Aufbereiten in unterschiedliche Formate für verschiedene Medien, Nutzen der Informations, und Kommunikationssysteme der Geomatik, kundenorientiertes Durchführen von Aufträgen unter Verwendung von Geodaten, Mitwirken in der Kundenberatung und Anwenden von Marketingstrategien, Anwenden von Methoden der visuellen Kommunikation und grafischen Gestaltung von Karten sowie Vermittlung und Darstellung komplexer räumlicher Sachverhalte, Umsetzen von Geodaten in Karten, Präsentationsgrafiken und multimediale Produkte, Anwenden von Informations, und Kommunikationstechniken, Beachten der berufsbezogenen Rechts, und Verwaltungsvorschriften, Anwenden naturwissenschaftlicher und mathematischer Grundlagen der Geoinformationstechnologie, teamorientiertes und qualitätssicherndes Arbeiten.","['Kataster', 'und Geoinformationswesens', 'in Betrieben und Verlagen der Kartographie']",-53.85937634315993,-22.421901971602203
16,,"Berufe in Finanzdienstleistungen, Rechnungswesen und Steuerberatung",Wirtschaft & Verwaltung,36,"['Bankkaufleute sind in den wesentlichen Geschäftsbereichen von Kreditinstituten tätig. Auch bei Bausparkassen, Versicherungsgesellschaften, Kreditkartengesellschaften, Kapitalanlagegesellschaften, Wirtschaftsberatungsfirmen, Unternehmen für Vermögens', 'und Anlageberatung sowie Unternehmen der Grundstücks', 'und Wohnungswirtschaft finden sie Beschäftigungsmöglichkeiten.']","['Kunden gewinnen und Kundenbeziehungen pflegen, Serviceleistungen anbieten und Kunden ganzheitlich beraten, zu Konten und Zahlungsverkehrsarten beraten, Kundenaufträge im Rahmen der Kontoführung bearbeiten, Vermögen mit verschiedenen Sparformen bilden, Vermögen mit Wertpapieren bilden, zu Vorsorge und Absicherung informieren, Konsumentenkredite anbieten und Abschlüsse vorbereiten, Baufinanzierungen vorbereiten und bearbeiten, über staatliche Förderungen und steuerliche Auswirkungen informieren, an gewerblichen Finanzierungen mitwirken und Kreditrisiken einschätzen, Instrumente der kaufmännischen Steuerung und Kontrolle nutzen, projektorientiert arbeiten, Prozesse und Schnittstellenmanagement einschätzen, Kommunikations', 'und Kooperationsfähigkeit einsetzen und Techniken für Problemlösung und Entscheidungsfindung anwenden, rechtliche Regelungen und betriebliche Vorgaben einhalten.']",https://www.bibb.de/dienst/berufesuche/de/index_berufesuche.php/profile/apprenticeship/006989,"Tätigkeitsfelder: Bankkaufleute sind in den wesentlichen Geschäftsbereichen von Kreditinstituten tätig. Auch bei Bausparkassen, Versicherungsgesellschaften, Kreditkartengesellschaften, Kapitalanlagegesellschaften, Wirtschaftsberatungsfirmen, Unternehmen für Vermögens, und Anlageberatung sowie Unternehmen der Grundstücks, und Wohnungswirtschaft finden sie Beschäftigungsmöglichkeiten.; Profil: Kunden gewinnen und Kundenbeziehungen pflegen, Serviceleistungen anbieten und Kunden ganzheitlich beraten, zu Konten und Zahlungsverkehrsarten beraten, Kundenaufträge im Rahmen der Kontoführung bearbeiten, Vermögen mit verschiedenen Sparformen bilden, Vermögen mit Wertpapieren bilden, zu Vorsorge und Absicherung informieren, Konsumentenkredite anbieten und Abschlüsse vorbereiten, Baufinanzierungen vorbereiten und bearbeiten, über staatliche Förderungen und steuerliche Auswirkungen informieren, an gewerblichen Finanzierungen mitwirken und Kreditrisiken einschätzen, Instrumente der kaufmännischen Steuerung und Kontrolle nutzen, projektorientiert arbeiten, Prozesse und Schnittstellenmanagement einschätzen, Kommunikations, und Kooperationsfähigkeit einsetzen und Techniken für Problemlösung und Entscheidungsfindung anwenden, rechtliche Regelungen und betriebliche Vorgaben einhalten.",[],-181.5306327065602,58.82513436683678
17,,"Berufe in Finanzdienstleistungen, Rechnungswesen und Steuerberatung",Wirtschaft & Verwaltung,36,"['Investmentfondskaufleute arbeiten schwerpunktmäßig in der Fondsbuchhaltung, dem Fondscontrolling und dem Depotgeschäft. Sie sind in allen Bereichen von Kapitalanlagengesellschaften einsetzbar. Sie finden aber auch in speziellen Bereichen bei Kreditinstituten, Versicherungsgesellschaften und Wertpapierabwicklungsgesellschaften Beschäftigungsmöglichkeiten.']","['Betreuen von Depots und Abwickeln von Kundenaufträgen, Umsetzen der Entscheidungen des Fondsmanagements in der Fondsbuchhaltung, Buchen von Geschäftsvorgängen und Durchführen von Fondsabschlüssen, Berechnen von Inventarwerten und Anteilspreisen von Sondervermögen, Erstellen von Berichten und Meldungen für interne und externe Stellen, Berechnen von Steuern für Fonds und Depots, Analysieren von Geld', ', Kapital', 'und Wertpapiermärkten, Aufzeigen der Vor', 'und Nachteile von Immobilienstandorten, Vorbereiten von Entscheidungen des Fondsmanagements und Abwickeln von Handelsaufträgen, Pflegen und Betreuen unterschiedlicher Vertriebskanäle, Durchführen von Marketingmaßnahmen, Anwenden fachspezifischer Fremdsprachenkenntnisse, team', ', prozess', 'und projektorientiertes Arbeiten, Moderieren und Präsentieren, Nutzen von aktuellen Systemen der Informations', 'und Kommunikationstechnik, Einsetzen von Kommunikations', ', Kooperations', 'und Problemlösungsfähigkeiten.']",https://www.bibb.de/dienst/berufesuche/de/index_berufesuche.php/profile/apprenticeship/8675764,"Tätigkeitsfelder: Investmentfondskaufleute arbeiten schwerpunktmäßig in der Fondsbuchhaltung, dem Fondscontrolling und dem Depotgeschäft. Sie sind in allen Bereichen von Kapitalanlagengesellschaften einsetzbar. Sie finden aber auch in speziellen Bereichen bei Kreditinstituten, Versicherungsgesellschaften und Wertpapierabwicklungsgesellschaften Beschäftigungsmöglichkeiten.; Profil: Betreuen von Depots und Abwickeln von Kundenaufträgen, Umsetzen der Entscheidungen des Fondsmanagements in der Fondsbuchhaltung, Buchen von Geschäftsvorgängen und Durchführen von Fondsabschlüssen, Berechnen von Inventarwerten und Anteilspreisen von Sondervermögen, Erstellen von Berichten und Meldungen für interne und externe Stellen, Berechnen von Steuern für Fonds und Depots, Analysieren von Geld, , Kapital, und Wertpapiermärkten, Aufzeigen der Vor, und Nachteile von Immobilienstandorten, Vorbereiten von Entscheidungen des Fondsmanagements und Abwickeln von Handelsaufträgen, Pflegen und Betreuen unterschiedlicher Vertriebskanäle, Durchführen von Marketingmaßnahmen, Anwenden fachspezifischer Fremdsprachenkenntnisse, team, , prozess, und projektorientiertes Arbeiten, Moderieren und Präsentieren, Nutzen von aktuellen Systemen der Informations, und Kommunikationstechnik, Einsetzen von Kommunikations, , Kooperations, und Problemlösungsfähigkeiten.","['Kapital', 'und Wertpapiermärkten Aufzeigen der Vor', 'prozess', 'Kooperations', 'und Problemlösungsfähigkeiten']",-1.6140673318618246,-14.530143816906586
18,,"Berufe in Finanzdienstleistungen, Rechnungswesen und Steuerberatung",Wirtschaft & Verwaltung,36,"['Kaufleute für Versicherungen und Finanzanlagen arbeiten überwiegend bei Versicherungsunternehmen und anderen Unternehmen, insbesondere der Finanzdienstleistungsbranche, oder sind selbstständige Vermittlerinnen und Vermittler oder Maklerinnen und Makler. Sie können auch in Wirtschaftsunternehmen der Industrie und des Handels sowie anderen Dienstleistungsunternehmen tätig sein.']","['Kundinnen und Kunden ganzheitlich in verschiedenen Lebenssituationen individuell beraten und betreuen, Individuelle Bedarfe der Kundinnen und Kunden an Versicherungsschutz, Vermögensanlage und Altersvorsorge analysieren und Lösungsansätze durch Versicherungen aufzeigen und zu versicherbaren Risiken beraten in den Bereichen:, Absicherung von Wohnen und Wohneigentum, Berufsausübung und Freizeitgestaltung, Mobilität und Reisen, Förderung der Gesundheit sowie Absicherung von Krankheit und Pflege, Vorsorge für das Alter und Vermögensbildung sowie Einkommensabsicherung und Hinterbliebenenversorgung, Angebote für kundengerechte Versicherungslösungen erstellen und dabei versicherungsrelevante rechtliche Regelungen einhalten, Finanzanlagesituationen der Kundinnen und Kunden analysieren und Angebote für Finanzanlageprodukte erstellen sowie Kundinnen und Kunden bei der Abwicklung von Kauf', 'und Verkaufsaufträgen von Finanzanlageprodukten unterstützen, Über staatliche und sonstige Versorgungs', 'oder Fördermöglichkeiten informieren, Ergänzende Serviceleistungen anbieten, Versicherungsfälle regulieren, Projektorientiert in der digitalisierten Versicherungswirtschaft arbeiten, Prozesse und Schnittstellen einschätzen sowie Auswirkungen, insbesondere auf Wirtschaftlichkeit und Nachhaltigkeit, berücksichtigen, Sie verfügen zusätzlich über vertiefte Qualifikationen in mindestens einem der Bereiche: Risikomanagement, Versicherungsfallmanagement, Risikoabsicherung für Geschäftskunden, Betriebswirtschaftliches Arbeiten im Vertrieb sowie Digitalisierungsprozesse in der Versicherungswirtschaft.']",https://www.bibb.de/dienst/berufesuche/de/index_berufesuche.php/profile/apprenticeship/oli7841,"Tätigkeitsfelder: Kaufleute für Versicherungen und Finanzanlagen arbeiten überwiegend bei Versicherungsunternehmen und anderen Unternehmen, insbesondere der Finanzdienstleistungsbranche, oder sind selbstständige Vermittlerinnen und Vermittler oder Maklerinnen und Makler. Sie können auch in Wirtschaftsunternehmen der Industrie und des Handels sowie anderen Dienstleistungsunternehmen tätig sein.; Profil: Kundinnen und Kunden ganzheitlich in verschiedenen Lebenssituationen individuell beraten und betreuen, Individuelle Bedarfe der Kundinnen und Kunden an Versicherungsschutz, Vermögensanlage und Altersvorsorge analysieren und Lösungsansätze durch Versicherungen aufzeigen und zu versicherbaren Risiken beraten in den Bereichen:, Absicherung von Wohnen und Wohneigentum, Berufsausübung und Freizeitgestaltung, Mobilität und Reisen, Förderung der Gesundheit sowie Absicherung von Krankheit und Pflege, Vorsorge für das Alter und Vermögensbildung sowie Einkommensabsicherung und Hinterbliebenenversorgung, Angebote für kundengerechte Versicherungslösungen erstellen und dabei versicherungsrelevante rechtliche Regelungen einhalten, Finanzanlagesituationen der Kundinnen und Kunden analysieren und Angebote für Finanzanlageprodukte erstellen sowie Kundinnen und Kunden bei der Abwicklung von Kauf, und Verkaufsaufträgen von Finanzanlageprodukten unterstützen, Über staatliche und sonstige Versorgungs, oder Fördermöglichkeiten informieren, Ergänzende Serviceleistungen anbieten, Versicherungsfälle regulieren, Projektorientiert in der digitalisierten Versicherungswirtschaft arbeiten, Prozesse und Schnittstellen einschätzen sowie Auswirkungen, insbesondere auf Wirtschaftlichkeit und Nachhaltigkeit, berücksichtigen, Sie verfügen zusätzlich über vertiefte Qualifikationen in mindestens einem der Bereiche: Risikomanagement, Versicherungsfallmanagement, Risikoabsicherung für Geschäftskunden, Betriebswirtschaftliches Arbeiten im Vertrieb sowie Digitalisierungsprozesse in der Versicherungswirtschaft.",[],-96.2235271401519,-5.718911217052895
19,,"Berufe in Finanzdienstleistungen, Rechnungswesen und Steuerberatung",Wirtschaft & Verwaltung,36,"['Steuerfachangestellte sind in Kanzleien von Steuerberaterinnen und Steuerberatern, Wirtschaftsprüferinnen und Wirtschaftsprüfern sowie vereidigten Buchprüferinnen und Buchprüfern oder bei Berufsausübungsgesellschaften sowie in vergleichbaren Bereichen der Wirtschaft tätig.']","['Arbeitsprozesse organisieren, Buchführungen und Aufzeichnungen erstellen und auswerten, Entgeltabrechnungen durchführen, Jahresabschlüsse vorbereiten und erstellen sowie Einnahmenüberschussrechnungen erstellen, die Beratung von Mandantinnen und Mandaten in betriebswirtschaftlichen Angelegenheiten vorbereiten und unterstützen, Verwaltungsakte prüfen und Rechtsbehelfe vorbereiten, Steuererklärungen erstellen sowie steuerliche Anträge vorbereiten und übermitteln, mit internen und externen Ansprechpartnerinnen und Ansprechpartnern kommunizieren und kooperieren, digitale Geschäftsprozesse umsetzen, Verschwiegenheitspflichten und berufsrechtliche Vorgaben erkennen und einhalten.']",https://www.bibb.de/dienst/berufesuche/de/index_berufesuche.php/profile/apprenticeship/steu22,"Tätigkeitsfelder: Steuerfachangestellte sind in Kanzleien von Steuerberaterinnen und Steuerberatern, Wirtschaftsprüferinnen und Wirtschaftsprüfern sowie vereidigten Buchprüferinnen und Buchprüfern oder bei Berufsausübungsgesellschaften sowie in vergleichbaren Bereichen der Wirtschaft tätig.; Profil: Arbeitsprozesse organisieren, Buchführungen und Aufzeichnungen erstellen und auswerten, Entgeltabrechnungen durchführen, Jahresabschlüsse vorbereiten und erstellen sowie Einnahmenüberschussrechnungen erstellen, die Beratung von Mandantinnen und Mandaten in betriebswirtschaftlichen Angelegenheiten vorbereiten und unterstützen, Verwaltungsakte prüfen und Rechtsbehelfe vorbereiten, Steuererklärungen erstellen sowie steuerliche Anträge vorbereiten und übermitteln, mit internen und externen Ansprechpartnerinnen und Ansprechpartnern kommunizieren und kooperieren, digitale Geschäftsprozesse umsetzen, Verschwiegenheitspflichten und berufsrechtliche Vorgaben erkennen und einhalten.",[],-145.76108466555254,57.450035829814425
20,,Berufe in Recht und Verwaltung,Wirtschaft & Verwaltung,36,"['Fachangestellte für Arbeitsmarkdienstleistungen sind insbesondere in Agenturen für Arbeit, bei gemeinsamen Einrichtungen von Kommunen und Agenturen für Arbeit, bei zugelassenen Trägern und in Familienkassen tätig. Sie werden im Kunden', 'und im internen Dienstleistungsbereich eingesetzt.']","['Erfassen von Kundenanliegen und Beherrschen der sich daraus ergebenden Arbeitsabläufe', 'Erteilen von Auskünften und selbstständiges Bearbeiten komplexer Anliegen auf der Basis gesetzlicher Vorschriften und unter Berücksichtigung von Effektivität, Effizienz und Qualitätsstandards, Bearbeiten von Anträgen auf Geldleistungen insbesondere hinsichtlich Entgeltersatzleistungen und Leistungen der Grundsicherung, Aufnahme von Arbeitsuchend', 'und Arbeitslosmeldungen unter Berücksichtigung rechtlicher Rahmenbedingungen, Bearbeiten von Anträgen auf Leistungen nach dem Familienleistungsausgleich, Unterstützen der Bearbeitung insbesondere in den Bereichen Berufsberatung, Arbeitsvermittlung, Fallmanagement und weitere soziale Leistungen wie insbesondere Kinderbetreuung, Suchtberatung, Schuldnerberatung, Unterstützen interner Dienstleistungen insbesondere im Bereich Personal, Finanzen und Controlling, sicheres, kompetentes und dienstleistungsorientiertes Kommunizieren, Kooperieren und Korrespondieren mit Kunden', 'Nutzen interkultureller Kompetenzen, Verwalten von Terminen für Kunden und Beschäftigte, Einsetzen von Informations', 'und Kommunikationssysteme und Kunden über deren Nutzung informieren, Beachten von Datenschutz und Datensicherheit.']",https://www.bibb.de/dienst/berufesuche/de/index_berufesuche.php/profile/apprenticeship/080710,"Tätigkeitsfelder: Fachangestellte für Arbeitsmarkdienstleistungen sind insbesondere in Agenturen für Arbeit, bei gemeinsamen Einrichtungen von Kommunen und Agenturen für Arbeit, bei zugelassenen Trägern und in Familienkassen tätig. Sie werden im Kunden, und im internen Dienstleistungsbereich eingesetzt.; Profil: Erfassen von Kundenanliegen und Beherrschen der sich daraus ergebenden Arbeitsabläufe, Erteilen von Auskünften und selbstständiges Bearbeiten komplexer Anliegen auf der Basis gesetzlicher Vorschriften und unter Berücksichtigung von Effektivität, Effizienz und Qualitätsstandards, Bearbeiten von Anträgen auf Geldleistungen insbesondere hinsichtlich Entgeltersatzleistungen und Leistungen der Grundsicherung, Aufnahme von Arbeitsuchend, und Arbeitslosmeldungen unter Berücksichtigung rechtlicher Rahmenbedingungen, Bearbeiten von Anträgen auf Leistungen nach dem Familienleistungsausgleich, Unterstützen der Bearbeitung insbesondere in den Bereichen Berufsberatung, Arbeitsvermittlung, Fallmanagement und weitere soziale Leistungen wie insbesondere Kinderbetreuung, Suchtberatung, Schuldnerberatung, Unterstützen interner Dienstleistungen insbesondere im Bereich Personal, Finanzen und Controlling, sicheres, kompetentes und dienstleistungsorientiertes Kommunizieren, Kooperieren und Korrespondieren mit Kunden, Nutzen interkultureller Kompetenzen, Verwalten von Terminen für Kunden und Beschäftigte, Einsetzen von Informations, und Kommunikationssysteme und Kunden über deren Nutzung informieren, Beachten von Datenschutz und Datensicherheit.",[],-79.40658957333319,-6.335411042659768
21,,Berufe in Recht und Verwaltung,Wirtschaft & Verwaltung,36,[],"['Beschaffen, Erschließen, Archivieren und Vermitteln von Bildern, Identifizieren und Katalogisieren von Bildinhalten, Durchführen einer technischen Bearbeitung und der Aufbewahrung von Bildern, Nutzen Pflegen und Verwalten von Bildinformationen, Anwenden von Bildarchivierungsmethoden, Erstellen von Bildspeichern und Einsetzen von elektronischen und konventionellen Liefersystemen, Entgegennehmen und Bearbeiten von Aufträgen, Zusammenstellen von Bildangeboten, Vereinbaren der Nutzungsrechte und Anwenden von Kalkulationsschemata für Honorare, Überwachen der Leihfristen, Bearbeiten von Rechnungen und Mahnungen, Mitwirken bei der Erstellung von Bildkatalogen und Werbemitteln, Mitwirken bei der Akquisition von Kunden, Beschaffen und Erwerben von Medien, Informationen und Daten, Erfassen und Erschließen von Medien, Informationen und Daten, Sichern von Medienbeständen und sonstigen Informationsträgern, Einsetzen von Informations', 'und Kommunikationssystemen, Recherchieren in Datenbanken und', 'netzen, Informieren, Beraten und Betreuen von Kunden und Benutzern, Mitwirken an der Öffentlichkeitsarbeit und am Marketing,.']",https://www.bibb.de/dienst/berufesuche/de/index_berufesuche.php/profile/apprenticeship/8234103,"; Profil: Beschaffen, Erschließen, Archivieren und Vermitteln von Bildern, Identifizieren und Katalogisieren von Bildinhalten, Durchführen einer technischen Bearbeitung und der Aufbewahrung von Bildern, Nutzen Pflegen und Verwalten von Bildinformationen, Anwenden von Bildarchivierungsmethoden, Erstellen von Bildspeichern und Einsetzen von elektronischen und konventionellen Liefersystemen, Entgegennehmen und Bearbeiten von Aufträgen, Zusammenstellen von Bildangeboten, Vereinbaren der Nutzungsrechte und Anwenden von Kalkulationsschemata für Honorare, Überwachen der Leihfristen, Bearbeiten von Rechnungen und Mahnungen, Mitwirken bei der Erstellung von Bildkatalogen und Werbemitteln, Mitwirken bei der Akquisition von Kunden, Beschaffen und Erwerben von Medien, Informationen und Daten, Erfassen und Erschließen von Medien, Informationen und Daten, Sichern von Medienbeständen und sonstigen Informationsträgern, Einsetzen von Informations, und Kommunikationssystemen, Recherchieren in Datenbanken und, netzen, Informieren, Beraten und Betreuen von Kunden und Benutzern, Mitwirken an der Öffentlichkeitsarbeit und am Marketing,.",[],276.7626379426289,-278.70414214053665
22,,Berufe in Recht und Verwaltung,Wirtschaft & Verwaltung,36,[],"['Beschaffen, Erschließen, Archivieren und Vermitteln von Bildern, Identifizieren und Katalogisieren von Bildinhalten, Durchführen einer technischen Bearbeitung und der Aufbewahrung von Bildern, Nutzen Pflegen und Verwalten von Bildinformationen, Anwenden von Bildarchivierungsmethoden, Erstellen von Bildspeichern und Einsetzen von elektronischen und konventionellen Liefersystemen, Entgegennehmen und Bearbeiten von Aufträgen, Zusammenstellen von Bildangeboten, Vereinbaren der Nutzungsrechte und Anwenden von Kalkulationsschemata für Honorare, Überwachen der Leihfristen, Bearbeiten von Rechnungen und Mahnungen, Mitwirken bei der Erstellung von Bildkatalogen und Werbemitteln, Mitwirken bei der Akquisition von Kunden, Beschaffen und Erwerben von Medien, Informationen und Daten, Erfassen und Erschließen von Medien, Informationen und Daten, Sichern von Medienbeständen und sonstigen Informationsträgern, Einsetzen von Informations', 'und Kommunikationssystemen, Recherchieren in Datenbanken und', 'netzen, Informieren, Beraten und Betreuen von Kunden und Benutzern, Mitwirken an der Öffentlichkeitsarbeit und am Marketing,.']",https://www.bibb.de/dienst/berufesuche/de/index_berufesuche.php/profile/apprenticeship/8234103,"; Profil: Beschaffen, Erschließen, Archivieren und Vermitteln von Bildern, Identifizieren und Katalogisieren von Bildinhalten, Durchführen einer technischen Bearbeitung und der Aufbewahrung von Bildern, Nutzen Pflegen und Verwalten von Bildinformationen, Anwenden von Bildarchivierungsmethoden, Erstellen von Bildspeichern und Einsetzen von elektronischen und konventionellen Liefersystemen, Entgegennehmen und Bearbeiten von Aufträgen, Zusammenstellen von Bildangeboten, Vereinbaren der Nutzungsrechte und Anwenden von Kalkulationsschemata für Honorare, Überwachen der Leihfristen, Bearbeiten von Rechnungen und Mahnungen, Mitwirken bei der Erstellung von Bildkatalogen und Werbemitteln, Mitwirken bei der Akquisition von Kunden, Beschaffen und Erwerben von Medien, Informationen und Daten, Erfassen und Erschließen von Medien, Informationen und Daten, Sichern von Medienbeständen und sonstigen Informationsträgern, Einsetzen von Informations, und Kommunikationssystemen, Recherchieren in Datenbanken und, netzen, Informieren, Beraten und Betreuen von Kunden und Benutzern, Mitwirken an der Öffentlichkeitsarbeit und am Marketing,.",[],276.7626379426288,-278.7041421405366
23,,Berufe in Recht und Verwaltung,Wirtschaft & Verwaltung,36,[],"['Beschaffen, Erschließen, Archivieren und Vermitteln von Bildern, Identifizieren und Katalogisieren von Bildinhalten, Durchführen einer technischen Bearbeitung und der Aufbewahrung von Bildern, Nutzen Pflegen und Verwalten von Bildinformationen, Anwenden von Bildarchivierungsmethoden, Erstellen von Bildspeichern und Einsetzen von elektronischen und konventionellen Liefersystemen, Entgegennehmen und Bearbeiten von Aufträgen, Zusammenstellen von Bildangeboten, Vereinbaren der Nutzungsrechte und Anwenden von Kalkulationsschemata für Honorare, Überwachen der Leihfristen, Bearbeiten von Rechnungen und Mahnungen, Mitwirken bei der Erstellung von Bildkatalogen und Werbemitteln, Mitwirken bei der Akquisition von Kunden, Beschaffen und Erwerben von Medien, Informationen und Daten, Erfassen und Erschließen von Medien, Informationen und Daten, Sichern von Medienbeständen und sonstigen Informationsträgern, Einsetzen von Informations', 'und Kommunikationssystemen, Recherchieren in Datenbanken und', 'netzen, Informieren, Beraten und Betreuen von Kunden und Benutzern, Mitwirken an der Öffentlichkeitsarbeit und am Marketing,.']",https://www.bibb.de/dienst/berufesuche/de/index_berufesuche.php/profile/apprenticeship/8234103,"; Profil: Beschaffen, Erschließen, Archivieren und Vermitteln von Bildern, Identifizieren und Katalogisieren von Bildinhalten, Durchführen einer technischen Bearbeitung und der Aufbewahrung von Bildern, Nutzen Pflegen und Verwalten von Bildinformationen, Anwenden von Bildarchivierungsmethoden, Erstellen von Bildspeichern und Einsetzen von elektronischen und konventionellen Liefersystemen, Entgegennehmen und Bearbeiten von Aufträgen, Zusammenstellen von Bildangeboten, Vereinbaren der Nutzungsrechte und Anwenden von Kalkulationsschemata für Honorare, Überwachen der Leihfristen, Bearbeiten von Rechnungen und Mahnungen, Mitwirken bei der Erstellung von Bildkatalogen und Werbemitteln, Mitwirken bei der Akquisition von Kunden, Beschaffen und Erwerben von Medien, Informationen und Daten, Erfassen und Erschließen von Medien, Informationen und Daten, Sichern von Medienbeständen und sonstigen Informationsträgern, Einsetzen von Informations, und Kommunikationssystemen, Recherchieren in Datenbanken und, netzen, Informieren, Beraten und Betreuen von Kunden und Benutzern, Mitwirken an der Öffentlichkeitsarbeit und am Marketing,.",[],276.7626379426288,-278.7041421405366
24,,Berufe in Recht und Verwaltung,Wirtschaft & Verwaltung,36,[],"['Beschaffen, Erschließen, Archivieren und Vermitteln von Bildern, Identifizieren und Katalogisieren von Bildinhalten, Durchführen einer technischen Bearbeitung und der Aufbewahrung von Bildern, Nutzen Pflegen und Verwalten von Bildinformationen, Anwenden von Bildarchivierungsmethoden, Erstellen von Bildspeichern und Einsetzen von elektronischen und konventionellen Liefersystemen, Entgegennehmen und Bearbeiten von Aufträgen, Zusammenstellen von Bildangeboten, Vereinbaren der Nutzungsrechte und Anwenden von Kalkulationsschemata für Honorare, Überwachen der Leihfristen, Bearbeiten von Rechnungen und Mahnungen, Mitwirken bei der Erstellung von Bildkatalogen und Werbemitteln, Mitwirken bei der Akquisition von Kunden, Beschaffen und Erwerben von Medien, Informationen und Daten, Erfassen und Erschließen von Medien, Informationen und Daten, Sichern von Medienbeständen und sonstigen Informationsträgern, Einsetzen von Informations', 'und Kommunikationssystemen, Recherchieren in Datenbanken und', 'netzen, Informieren, Beraten und Betreuen von Kunden und Benutzern, Mitwirken an der Öffentlichkeitsarbeit und am Marketing,.']",https://www.bibb.de/dienst/berufesuche/de/index_berufesuche.php/profile/apprenticeship/8234103,"; Profil: Beschaffen, Erschließen, Archivieren und Vermitteln von Bildern, Identifizieren und Katalogisieren von Bildinhalten, Durchführen einer technischen Bearbeitung und der Aufbewahrung von Bildern, Nutzen Pflegen und Verwalten von Bildinformationen, Anwenden von Bildarchivierungsmethoden, Erstellen von Bildspeichern und Einsetzen von elektronischen und konventionellen Liefersystemen, Entgegennehmen und Bearbeiten von Aufträgen, Zusammenstellen von Bildangeboten, Vereinbaren der Nutzungsrechte und Anwenden von Kalkulationsschemata für Honorare, Überwachen der Leihfristen, Bearbeiten von Rechnungen und Mahnungen, Mitwirken bei der Erstellung von Bildkatalogen und Werbemitteln, Mitwirken bei der Akquisition von Kunden, Beschaffen und Erwerben von Medien, Informationen und Daten, Erfassen und Erschließen von Medien, Informationen und Daten, Sichern von Medienbeständen und sonstigen Informationsträgern, Einsetzen von Informations, und Kommunikationssystemen, Recherchieren in Datenbanken und, netzen, Informieren, Beraten und Betreuen von Kunden und Benutzern, Mitwirken an der Öffentlichkeitsarbeit und am Marketing,.",[],276.7626379426289,-278.7041421405366
25,,Berufe in Recht und Verwaltung,Wirtschaft & Verwaltung,36,['Justizfachangestellte arbeiten bei Gerichten und Staatsanwaltschaften.'],"['Straf', 'und Ordnungswidrigkeitenverfahren organisieren, Zivilprozessverfahren begleiten, Zwangsvollstreckung in das bewegliche Vermögen organisieren, Zwangsvollstreckung in das unbewegliche Vermögen ausführen, Insolvenzverfahren umsetzen, Familiensachen bearbeiten, Nachlasssachen bearbeiten, betreuungsgerichtliche Angelegenheiten bearbeiten, Angelegenheiten beim Führen von öffentlichen Registern übernehmen, Angelegenheiten in Grundbuchsachen wahrnehmen, Kosten und Entschädigungen bearbeiten und berechnen, Arbeitsprozesse organisieren, digitale Geschäftsprozesse umsetzen und, Kommunikation und Zusammenarbeit gestalten.']",https://www.bibb.de/dienst/berufesuche/de/index_berufesuche.php/profile/apprenticeship/jufa25,"Tätigkeitsfelder: Justizfachangestellte arbeiten bei Gerichten und Staatsanwaltschaften.; Profil: Straf, und Ordnungswidrigkeitenverfahren organisieren, Zivilprozessverfahren begleiten, Zwangsvollstreckung in das bewegliche Vermögen organisieren, Zwangsvollstreckung in das unbewegliche Vermögen ausführen, Insolvenzverfahren umsetzen, Familiensachen bearbeiten, Nachlasssachen bearbeiten, betreuungsgerichtliche Angelegenheiten bearbeiten, Angelegenheiten beim Führen von öffentlichen Registern übernehmen, Angelegenheiten in Grundbuchsachen wahrnehmen, Kosten und Entschädigungen bearbeiten und berechnen, Arbeitsprozesse organisieren, digitale Geschäftsprozesse umsetzen und, Kommunikation und Zusammenarbeit gestalten.",['Straf'],-276.9118996444782,143.58644757009068
26,,Berufe in Recht und Verwaltung,Wirtschaft & Verwaltung,36,"['Kaufleute im Gesundheitswesen arbeiten überwiegend in Krankenhäusern, Pflegeeinrichtungen, Vorsorge', 'und Rehabilitationseinrichtungen, bei Krankenkassen und medizinischen Diensten, ärztlichen Organisationen und Verbänden sowie in Arztpraxen, bei Rettungsdiensten und Verbänden der freien Wohlfahrtspflege.']","['Anwenden von sozial', 'und gesundheitsrechtlichen Regelungen, Gestalten von Organisationsabläufen und Verwaltungsprozessen, Nutzen von Informations', 'und Kommunikationssystemen, Mitwirken bei der Entwicklung und Erarbeitung von Konzepten über Dienstleistungsangebote, Beobachten des Marktgeschehens und Erarbeiten von Marketingkonzepten, team', 'und kundenorientiert Arbeiten, Informieren und Betreuen von Kunden, Einsetzen von Methoden der Arbeitsplanung und', 'kontrolle, Bearbeiten von Geschäftsvorgängen des Rechnungswesens und Durchführen von Kalkulationen, Mitwirken bei der Aufstellung des Haushaltes auf der Basis unterschiedlicher Finanzierungsquellen, Abrechnen von Leistungen mit Krankenkassen und sonstigen Kostenträgern, dabei Nutzen von Dokumentationssystemen, Erarbeiten und Evaluieren von qualitätssichernden Maßnahmen, Bearbeiten von Vorgängen des betrieblichen Berichtswesens, Erstellen, Auswerten und Präsentieren von Statistiken, Bearbeiten von personalwirtschaftlichen Vorgängen, Ermitteln des Bedarfs an benötigten Materialien, Produkten und Dienstleistungen, Beschaffen und Verwalten der Materialien.']",https://www.bibb.de/dienst/berufesuche/de/index_berufesuche.php/profile/apprenticeship/87980097,"Tätigkeitsfelder: Kaufleute im Gesundheitswesen arbeiten überwiegend in Krankenhäusern, Pflegeeinrichtungen, Vorsorge, und Rehabilitationseinrichtungen, bei Krankenkassen und medizinischen Diensten, ärztlichen Organisationen und Verbänden sowie in Arztpraxen, bei Rettungsdiensten und Verbänden der freien Wohlfahrtspflege.; Profil: Anwenden von sozial, und gesundheitsrechtlichen Regelungen, Gestalten von Organisationsabläufen und Verwaltungsprozessen, Nutzen von Informations, und Kommunikationssystemen, Mitwirken bei der Entwicklung und Erarbeitung von Konzepten über Dienstleistungsangebote, Beobachten des Marktgeschehens und Erarbeiten von Marketingkonzepten, team, und kundenorientiert Arbeiten, Informieren und Betreuen von Kunden, Einsetzen von Methoden der Arbeitsplanung und, kontrolle, Bearbeiten von Geschäftsvorgängen des Rechnungswesens und Durchführen von Kalkulationen, Mitwirken bei der Aufstellung des Haushaltes auf der Basis unterschiedlicher Finanzierungsquellen, Abrechnen von Leistungen mit Krankenkassen und sonstigen Kostenträgern, dabei Nutzen von Dokumentationssystemen, Erarbeiten und Evaluieren von qualitätssichernden Maßnahmen, Bearbeiten von Vorgängen des betrieblichen Berichtswesens, Erstellen, Auswerten und Präsentieren von Statistiken, Bearbeiten von personalwirtschaftlichen Vorgängen, Ermitteln des Bedarfs an benötigten Materialien, Produkten und Dienstleistungen, Beschaffen und Verwalten der Materialien.",['Anwenden von sozial'],72.64528978576664,-71.94713945858042
27,,Berufe in Recht und Verwaltung,Wirtschaft & Verwaltung,36,['Notarfachangestellte sind in Notariaten sowie in Rechtsanwaltskanzleien mit Notaren tätig.'],"['Serviceorientiertes Betreuen von Beteiligten, auch in englischer Sprache, Planen, Vorbereiten und Begleiten von Konferenzen und Besprechungen, Planen, Organisieren, Gestalten und Optimieren von Betriebs', 'und Arbeitsabläufen, Berechnen, Notieren und Überwachen von Fristen und Terminen, Unterscheiden der Rechtssysteme und Anwenden von Rechtsvorschriften , Buchen betrieblicher Geschäftsvorfälle und Abwickeln von Zahlungsvorgängen, Einsetzen von elektronischen Informations', 'und Kommunikationssystemen und branchenspezifischer Software im Rahmen der Vorbereitung und Abwicklung notarieller Vorgänge, Ausführen vorbereitender Tätigkeiten im Rahmen des elektronischen Rechtsverkehrs, Durchführen von Vollzugstätigkeiten zu notariellen Vorgängen, Führen von Büchern und Verzeichnissen des Notars, Vorbereiten und Entwerfen von Verträgen und Erklärungen im Bereich des Immobilienrechts, des Handels', 'und Gesellschaftsrechts und des Familien', 'und Erbrechts unter Beachtung der einschlägigen gesetzlichen Bestimmungen, Ausfertigen von Urkunden, Einsichtnahme in das elektronische Grundbuch sowie Handelsregister und Auswerten von Informationen, Erstellen notarieller Kostenberechnungen.']",https://www.bibb.de/dienst/berufesuche/de/index_berufesuche.php/profile/apprenticeship/050712,"Tätigkeitsfelder: Notarfachangestellte sind in Notariaten sowie in Rechtsanwaltskanzleien mit Notaren tätig.; Profil: Serviceorientiertes Betreuen von Beteiligten, auch in englischer Sprache, Planen, Vorbereiten und Begleiten von Konferenzen und Besprechungen, Planen, Organisieren, Gestalten und Optimieren von Betriebs, und Arbeitsabläufen, Berechnen, Notieren und Überwachen von Fristen und Terminen, Unterscheiden der Rechtssysteme und Anwenden von Rechtsvorschriften , Buchen betrieblicher Geschäftsvorfälle und Abwickeln von Zahlungsvorgängen, Einsetzen von elektronischen Informations, und Kommunikationssystemen und branchenspezifischer Software im Rahmen der Vorbereitung und Abwicklung notarieller Vorgänge, Ausführen vorbereitender Tätigkeiten im Rahmen des elektronischen Rechtsverkehrs, Durchführen von Vollzugstätigkeiten zu notariellen Vorgängen, Führen von Büchern und Verzeichnissen des Notars, Vorbereiten und Entwerfen von Verträgen und Erklärungen im Bereich des Immobilienrechts, des Handels, und Gesellschaftsrechts und des Familien, und Erbrechts unter Beachtung der einschlägigen gesetzlichen Bestimmungen, Ausfertigen von Urkunden, Einsichtnahme in das elektronische Grundbuch sowie Handelsregister und Auswerten von Informationen, Erstellen notarieller Kostenberechnungen.",['und Gesellschaftsrechts und des Familien'],48.9087081797268,-62.974021622417084
28,,Berufe in Recht und Verwaltung,Wirtschaft & Verwaltung,36,"['Patentanwaltsfachangestellte sind in Patentanwaltskanzleien, in Patent', 'und Markenabteilungen von Unternehmen sowie bei Behörden und Gerichten des gewerblichen Rechtsschutzes tätig.']","['Serviceorientiertes Betreuen von Mandanten, auch in englischer Sprache, Planen, Vorbereiten und Begleiten von Konferenzen und Besprechungen, Planen, Organisieren, Gestalten und Optimieren von Betriebs', 'und Arbeitsabläufen, Berechnen, Notieren und Überwachen von Fristen und Terminen, Unterscheiden der Rechtssysteme und Anwenden von Rechtsvorschriften , Buchen betrieblicher Geschäftsvorfälle und Abwickeln von Zahlungsvorgängen, Einsetzen von elektronischen Informations', 'und Kommunikationssystemen und branchenspezifischer Software, Nutzen des elektronischen Rechtsverkehrs, Vorbereiten von deutschen Schutzrechtsanmeldungen, Vorbereiten von internationalen und regionalen Schutzrechtsanmeldungen sowie nationalen Auslandsschutzrechtsanmeldungen, Begleiten der Erteilungs', 'und Eintragungsverfahren, Unterstützen der ausländischen Rechts', 'und Patentanwälte, Auswählen von Rechtsmitteln und Rechtsbehelfen in deutschen und internationalen Schutzrechtsangelegenheiten, Aufrechterhalten von gewerblichen Schutzrechten, Begleiten und Durchführen von Verfahren im Rechtsweg zur Verteidigung und Vernichtung von nationalen und internationalen Schutzrechten, Führen der Korrespondenz mit Mandanten, Behörden und Anwälten im In', 'und Ausland, auch in englischer Sprache, Anwenden von Vergütungs', 'und Kostenrecht und Erstellen von Vergütungsrechnungen, Durchführen von Kostenfestsetzungsverfahren.']",https://www.bibb.de/dienst/berufesuche/de/index_berufesuche.php/profile/apprenticeship/030712,"Tätigkeitsfelder: Patentanwaltsfachangestellte sind in Patentanwaltskanzleien, in Patent, und Markenabteilungen von Unternehmen sowie bei Behörden und Gerichten des gewerblichen Rechtsschutzes tätig.; Profil: Serviceorientiertes Betreuen von Mandanten, auch in englischer Sprache, Planen, Vorbereiten und Begleiten von Konferenzen und Besprechungen, Planen, Organisieren, Gestalten und Optimieren von Betriebs, und Arbeitsabläufen, Berechnen, Notieren und Überwachen von Fristen und Terminen, Unterscheiden der Rechtssysteme und Anwenden von Rechtsvorschriften , Buchen betrieblicher Geschäftsvorfälle und Abwickeln von Zahlungsvorgängen, Einsetzen von elektronischen Informations, und Kommunikationssystemen und branchenspezifischer Software, Nutzen des elektronischen Rechtsverkehrs, Vorbereiten von deutschen Schutzrechtsanmeldungen, Vorbereiten von internationalen und regionalen Schutzrechtsanmeldungen sowie nationalen Auslandsschutzrechtsanmeldungen, Begleiten der Erteilungs, und Eintragungsverfahren, Unterstützen der ausländischen Rechts, und Patentanwälte, Auswählen von Rechtsmitteln und Rechtsbehelfen in deutschen und internationalen Schutzrechtsangelegenheiten, Aufrechterhalten von gewerblichen Schutzrechten, Begleiten und Durchführen von Verfahren im Rechtsweg zur Verteidigung und Vernichtung von nationalen und internationalen Schutzrechten, Führen der Korrespondenz mit Mandanten, Behörden und Anwälten im In, und Ausland, auch in englischer Sprache, Anwenden von Vergütungs, und Kostenrecht und Erstellen von Vergütungsrechnungen, Durchführen von Kostenfestsetzungsverfahren.",[],93.49740906707652,-62.769512229026596
29,,Berufe in Recht und Verwaltung,Wirtschaft & Verwaltung,36,"['Rechtsanwalts', 'und Notarfachangestellte sind in Rechtsanwaltskanzleien sowie Notariaten, in Rechtsabteilungen von Unternehmen, im Bank', 'und Versicherungswesen sowie in allen Verwaltungs', 'und Unternehmensbereichen tätig, deren Schwerpunkt Rechts', 'und Finanzangelegenheiten darstellen.']","['Serviceorientiertes Betreuen von Mandanten und Beteiligten, auch in englischer Sprache, Planen, Vorbereiten und Begleiten von Konferenzen und Besprechungen, Planen, Organisieren, Gestalten und Optimieren von Betriebs', 'und Arbeitsabläufen, Berechnen, Notieren und Überwachen von Fristen und Terminen, Unterscheiden der Rechtssysteme und Anwenden von Rechtsvorschriften, Buchen betrieblicher Geschäftsvorfälle und Abwickeln von Zahlungsvorgängen, Einsetzen von elektronischen Informations', 'und Kommunikationssystemen und branchenspezifischer Software, Anwenden des elektronischen Rechtsverkehrs, Anwenden von Bürgerlichem Recht, Wirtschafts', 'und Europarecht sowie Zivilprozessrecht in den verschiedenen Gerichtszweigen und', 'instanzen, Durchführen von Mahnverfahren national und europaweit, Führen von Büchern und Verzeichnissen des Notars, Durchführen von Vollzugstätigkeiten zu notariellen Vorgängen, Vorbereiten und Entwerfen von Verträgen und Erklärungen insbesondere im Bereich des Immobilienrechts und des Handels', 'und Gesellschaftsrechts unter Beachtung der einschlägigen gesetzlichen Bestimmungen, Einsichtnahme in elektronische Register und Auswerten von Informationen, Kostenberechnungen und Vergütungsrechnungen erstellen und Gerichtskosten errechnen und kontrollieren.']",https://www.bibb.de/dienst/berufesuche/de/index_berufesuche.php/profile/apprenticeship/020712,"Tätigkeitsfelder: Rechtsanwalts, und Notarfachangestellte sind in Rechtsanwaltskanzleien sowie Notariaten, in Rechtsabteilungen von Unternehmen, im Bank, und Versicherungswesen sowie in allen Verwaltungs, und Unternehmensbereichen tätig, deren Schwerpunkt Rechts, und Finanzangelegenheiten darstellen.; Profil: Serviceorientiertes Betreuen von Mandanten und Beteiligten, auch in englischer Sprache, Planen, Vorbereiten und Begleiten von Konferenzen und Besprechungen, Planen, Organisieren, Gestalten und Optimieren von Betriebs, und Arbeitsabläufen, Berechnen, Notieren und Überwachen von Fristen und Terminen, Unterscheiden der Rechtssysteme und Anwenden von Rechtsvorschriften, Buchen betrieblicher Geschäftsvorfälle und Abwickeln von Zahlungsvorgängen, Einsetzen von elektronischen Informations, und Kommunikationssystemen und branchenspezifischer Software, Anwenden des elektronischen Rechtsverkehrs, Anwenden von Bürgerlichem Recht, Wirtschafts, und Europarecht sowie Zivilprozessrecht in den verschiedenen Gerichtszweigen und, instanzen, Durchführen von Mahnverfahren national und europaweit, Führen von Büchern und Verzeichnissen des Notars, Durchführen von Vollzugstätigkeiten zu notariellen Vorgängen, Vorbereiten und Entwerfen von Verträgen und Erklärungen insbesondere im Bereich des Immobilienrechts und des Handels, und Gesellschaftsrechts unter Beachtung der einschlägigen gesetzlichen Bestimmungen, Einsichtnahme in elektronische Register und Auswerten von Informationen, Kostenberechnungen und Vergütungsrechnungen erstellen und Gerichtskosten errechnen und kontrollieren.","['Rechtsanwalts', 'und Finanzangelegenheiten darstellen']",113.14257557183174,-99.68785742180907
30,,Berufe in Recht und Verwaltung,Wirtschaft & Verwaltung,36,"['Rechtsanwaltsfachangestellte sind in Rechtsanwaltsbüros, Rechtsabteilungen von Unternehmen, im Bank', 'und Versicherungswesen sowie in allen Verwaltungs', 'und Unternehmensbereichen tätig, deren Schwerpunkt Rechts', 'und Finanzangelegenheiten darstellen.']","['Serviceorientiertes Betreuen von Mandanten, auch in englischer Sprache, Planen, Vorbereiten und Begleiten von Konferenzen und Besprechungen, Planen, Organisieren, Gestalten und Optimieren von Betriebs', 'und Arbeitsabläufen, Berechnen, Notieren und Überwachen von Fristen und Terminen, Unterscheiden der Rechtssysteme und Anwenden von Rechtsvorschriften, Buchen betrieblicher Geschäftsvorfälle und Abwickeln von Zahlungsvorgängen, Einsetzen von elektronischen Informations', 'und Kommunikationssystemen und branchenspezifischer Software, Anwenden des elektronischen Rechtsverkehrs, Anwenden von Bürgerlichem Recht, Wirtschafts', 'und Europarecht sowie Zivilprozessrecht in den verschiedenen Gerichtszweigen und', 'instanzen, Durchführen von Mahnverfahren national und europaweit, Vorbereiten und Durchführen vollstreckungsrechtlicher Maßnahmen national und europaweit, Entwerfen von Mahn', 'und Kündigungsschreiben sowie Klage', ', Rechtsmittel', 'und Rechtsbehelfsschriften, Vorbereiten von Gesellschaftsverträgen für Personen', 'und Kapitalgesellschaften, Erstellen von Vergütungsrechnungen und Berechnen und Kontrollieren von Gerichtskosten.']",https://www.bibb.de/dienst/berufesuche/de/index_berufesuche.php/profile/apprenticeship/060712,"Tätigkeitsfelder: Rechtsanwaltsfachangestellte sind in Rechtsanwaltsbüros, Rechtsabteilungen von Unternehmen, im Bank, und Versicherungswesen sowie in allen Verwaltungs, und Unternehmensbereichen tätig, deren Schwerpunkt Rechts, und Finanzangelegenheiten darstellen.; Profil: Serviceorientiertes Betreuen von Mandanten, auch in englischer Sprache, Planen, Vorbereiten und Begleiten von Konferenzen und Besprechungen, Planen, Organisieren, Gestalten und Optimieren von Betriebs, und Arbeitsabläufen, Berechnen, Notieren und Überwachen von Fristen und Terminen, Unterscheiden der Rechtssysteme und Anwenden von Rechtsvorschriften, Buchen betrieblicher Geschäftsvorfälle und Abwickeln von Zahlungsvorgängen, Einsetzen von elektronischen Informations, und Kommunikationssystemen und branchenspezifischer Software, Anwenden des elektronischen Rechtsverkehrs, Anwenden von Bürgerlichem Recht, Wirtschafts, und Europarecht sowie Zivilprozessrecht in den verschiedenen Gerichtszweigen und, instanzen, Durchführen von Mahnverfahren national und europaweit, Vorbereiten und Durchführen vollstreckungsrechtlicher Maßnahmen national und europaweit, Entwerfen von Mahn, und Kündigungsschreiben sowie Klage, , Rechtsmittel, und Rechtsbehelfsschriften, Vorbereiten von Gesellschaftsverträgen für Personen, und Kapitalgesellschaften, Erstellen von Vergütungsrechnungen und Berechnen und Kontrollieren von Gerichtskosten.","['und Finanzangelegenheiten darstellen', 'und Kündigungsschreiben sowie Klage', 'Rechtsmittel']",90.86245540068005,-66.39053176504106
31,,Berufe in Unternehmensführung und -organisation,Sonstiges,36,"['Industriekaufleute arbeiten in verschiedenen industriellen Wirtschaftszweigen, Branchen, Betrieben und Einsatzgebieten, z. B. in den Bereichen Vertrieb, Marketing, Beschaffung, Logistik, Personalwirtschaft, Leistungserstellung und kaufmännische Steuerung und Kontrolle.']","['Leistungserstellung von Produkten und Dienstleistungen planen und koordinieren, Logistik und Lagerprozesse planen und steuern, Beschaffung planen und steuern, Marketingmaßnahmen planen, umsetzen und auswerten, Vertriebsprozesse umsetzen', 'Maßnahmen zur Kundenzufriedenheit und', 'bindung durchführen, Personalprozesse umsetzen, kaufmännische Steuerung und Kontrolle durchführen', 'Kennzahlen ermitteln und analysieren sowie unternehmerische Entscheidungen vorbereiten, Daten und Informationen recherchieren, aufbereiten, dokumentieren und präsentieren, mit internen und externen Partnern kooperieren und kommunizieren, Fremdsprache anwenden, Arbeitsprozesse projektorientiert planen und steuern, digitale Geschäftsprozesse gestalten und Digitalisierungskonzepte umsetzen, rechtliche Vorgaben sowie ökonomische, ökologische und soziale Aspekte beachten.']",https://www.bibb.de/dienst/berufesuche/de/index_berufesuche.php/profile/apprenticeship/indust24,"Tätigkeitsfelder: Industriekaufleute arbeiten in verschiedenen industriellen Wirtschaftszweigen, Branchen, Betrieben und Einsatzgebieten, z. B. in den Bereichen Vertrieb, Marketing, Beschaffung, Logistik, Personalwirtschaft, Leistungserstellung und kaufmännische Steuerung und Kontrolle.; Profil: Leistungserstellung von Produkten und Dienstleistungen planen und koordinieren, Logistik und Lagerprozesse planen und steuern, Beschaffung planen und steuern, Marketingmaßnahmen planen, umsetzen und auswerten, Vertriebsprozesse umsetzen, Maßnahmen zur Kundenzufriedenheit und, bindung durchführen, Personalprozesse umsetzen, kaufmännische Steuerung und Kontrolle durchführen, Kennzahlen ermitteln und analysieren sowie unternehmerische Entscheidungen vorbereiten, Daten und Informationen recherchieren, aufbereiten, dokumentieren und präsentieren, mit internen und externen Partnern kooperieren und kommunizieren, Fremdsprache anwenden, Arbeitsprozesse projektorientiert planen und steuern, digitale Geschäftsprozesse gestalten und Digitalisierungskonzepte umsetzen, rechtliche Vorgaben sowie ökonomische, ökologische und soziale Aspekte beachten.",['Maßnahmen zur Kundenzufriedenheit und'],-103.83477841948392,39.38827647149028
32,,Berufe in Unternehmensführung und -organisation,Sonstiges,36,"['Kaufleute für Büromanagement sind in Unternehmen und Betrieben unterschiedlicher Größe in der privaten Wirtschaft und im Öffentlichen Dienst tätig. Sie unterstützen betriebliche Prozesse und bearbeiten daraus entstehende Fachaufgaben. Sie verfügen über mindestens zwei vertiefte Qualifikationen in den Bereichen: Auftragssteuerung und', 'koordination', 'kaufmännische Steuerung und Kontrolle', 'kaufmännische Abläufe in kleinen und mittleren Unternehmen, Einkauf und Logistik', 'Marketing und Vertrieb', 'Personalwirtschaft', 'Assistenz und Sekretariat', 'Öffentlichkeitsarbeit und Veranstaltungsmanagement', 'Verwaltung und Recht sowie öffentliche Finanzwirtschaft.']","['Organisieren, Koordinieren, Durchführen und Reflektieren bürowirtschaftlicher sowie projekt', 'und auftragsbezogener Abläufe, Kooperieren und Kommunizieren mit internen und externen Partnern, Recherchieren, Aufbereiten und Präsentieren von Daten sowie Informationen, Erstellen schriftlicher Dokumente, Gestalten und Dokumentieren von Kundenbeziehungen, Bearbeiten von Beschaffungsvorgängen, Unterstützen und Dokumentieren personalbezogener Aufgaben, Anwenden von Buchungssystemen und Instrumenten des Rechnungswesens, Einhalten von Datenschutz und Datensicherheit, Durchführen qualitätssichernder Maßnahmen, Berücksichtigen von rechtlichen Vorgaben, Anwenden einer Fremdsprache.']",https://www.bibb.de/dienst/berufesuche/de/index_berufesuche.php/profile/apprenticeship/kfmfb25,"Tätigkeitsfelder: Kaufleute für Büromanagement sind in Unternehmen und Betrieben unterschiedlicher Größe in der privaten Wirtschaft und im Öffentlichen Dienst tätig. Sie unterstützen betriebliche Prozesse und bearbeiten daraus entstehende Fachaufgaben. Sie verfügen über mindestens zwei vertiefte Qualifikationen in den Bereichen: Auftragssteuerung und, koordination, kaufmännische Steuerung und Kontrolle, kaufmännische Abläufe in kleinen und mittleren Unternehmen, Einkauf und Logistik, Marketing und Vertrieb, Personalwirtschaft, Assistenz und Sekretariat, Öffentlichkeitsarbeit und Veranstaltungsmanagement, Verwaltung und Recht sowie öffentliche Finanzwirtschaft.; Profil: Organisieren, Koordinieren, Durchführen und Reflektieren bürowirtschaftlicher sowie projekt, und auftragsbezogener Abläufe, Kooperieren und Kommunizieren mit internen und externen Partnern, Recherchieren, Aufbereiten und Präsentieren von Daten sowie Informationen, Erstellen schriftlicher Dokumente, Gestalten und Dokumentieren von Kundenbeziehungen, Bearbeiten von Beschaffungsvorgängen, Unterstützen und Dokumentieren personalbezogener Aufgaben, Anwenden von Buchungssystemen und Instrumenten des Rechnungswesens, Einhalten von Datenschutz und Datensicherheit, Durchführen qualitätssichernder Maßnahmen, Berücksichtigen von rechtlichen Vorgaben, Anwenden einer Fremdsprache.","['koordination', 'kaufmännische Steuerung und Kontrolle', 'Marketing und Vertrieb', 'Personalwirtschaft', 'Assistenz und Sekretariat']",-78.90924806791725,10.823679183464941
33,,Berufe in Unternehmensführung und -organisation,Sonstiges,36,['Personaldienstleistungskaufleute sind tätig in Personaldienstleistungsunternehmen oder in Personalabteilungen von Unternehmen.'],"['Planen und Durchführen der Personalbeschaffung, Organisieren des Personaleinsatzes und Planen der Personalentwicklung, Akquirieren und Betreuen der Kunden, Analysieren der Arbeitsplätze und Ermitteln des Personalbedarfs, Sorgen für Arbeitssicherheit und Sicherstellen von Gesundheitsschutz der Mitarbeiterinnen und Mitarbeiter, Kalkulieren und Erstellen von Angeboten und Abschließen von Verträgen, Steuern und Kontrollieren der Projekt', 'und Auftragsabwicklung, Anwenden der einschlägigen Rechtsvorschriften, Beschaffen von Informationen über Berufe und Tätigkeiten, teamorientiertes Arbeiten, adressatengerechtes Beraten und Kommunizieren und Nutzen von Konfliktbewältigungsstrategien, Schaffen und Pflegen von Netzwerken mit Organisationen, Institutionen und Unternehmen, Analysieren des Marktes und Dokumentieren von Veränderungen, Anwenden von qualitätssichernden Maßnahmen.']",https://www.bibb.de/dienst/berufesuche/de/index_berufesuche.php/profile/apprenticeship/210607,"Tätigkeitsfelder: Personaldienstleistungskaufleute sind tätig in Personaldienstleistungsunternehmen oder in Personalabteilungen von Unternehmen.; Profil: Planen und Durchführen der Personalbeschaffung, Organisieren des Personaleinsatzes und Planen der Personalentwicklung, Akquirieren und Betreuen der Kunden, Analysieren der Arbeitsplätze und Ermitteln des Personalbedarfs, Sorgen für Arbeitssicherheit und Sicherstellen von Gesundheitsschutz der Mitarbeiterinnen und Mitarbeiter, Kalkulieren und Erstellen von Angeboten und Abschließen von Verträgen, Steuern und Kontrollieren der Projekt, und Auftragsabwicklung, Anwenden der einschlägigen Rechtsvorschriften, Beschaffen von Informationen über Berufe und Tätigkeiten, teamorientiertes Arbeiten, adressatengerechtes Beraten und Kommunizieren und Nutzen von Konfliktbewältigungsstrategien, Schaffen und Pflegen von Netzwerken mit Organisationen, Institutionen und Unternehmen, Analysieren des Marktes und Dokumentieren von Veränderungen, Anwenden von qualitätssichernden Maßnahmen.",[],59.01001931806067,-65.32011997883957
34,,Berufe in Unternehmensführung und -organisation,Sonstiges,36,[],[],https://www.bibb.de/dienst/berufesuche/de/index_berufesuche.php/profile/apprenticeship/g1337,,[],-362.29674520471417,191.99426007981612
35,,Darstellende und unterhaltende Berufe,Sonstiges,36,[],[],https://www.bibb.de/dienst/berufesuche/de/index_berufesuche.php/profile/apprenticeship/78912345,,[],-362.29674520471417,191.99426007981612
36,,Darstellende und unterhaltende Berufe,Sonstiges,36,"['Fachkräfte für Veranstaltungstechnik arbeiten überwiegend bei Dienstleistern für Veranstaltungstechnik, Betreibern von Veranstaltungsstätten, Theatern, Messebauunternehmen, Medienproduktionen, Produktionsbetrieben für Hörfunk, Film und Fernsehen.']","['Konzipieren veranstaltungstechnischer Systeme, Aufbauten und Abläufe, Auf', 'und Abbauen von veranstaltungstechnischen Anlagen und Tragwerken, Aufbauen und in Betrieb nehmen von ortsveränderlichen elektrischen Anlagen, Aufbauen und Anpassen von bühnen', 'und szenentechnischen Anlagen und Aufbauten, In Betrieb nehmen von Beleuchtungs', ', Beschallungs', ', Projektions', ', Signalübertragungs', 'und Aufnahmeanlagen, Einrichten und Bedienen technischer Systeme bei Proben und Veranstaltungen, Beurteilen der Infrastruktur und Sicherheit von Veranstaltungsstätten, Umsetzen von Maßnahmen zur Sicherheit, zum Umwelt', 'und zum Gesundheitsschutz.']",https://www.bibb.de/dienst/berufesuche/de/index_berufesuche.php/profile/apprenticeship/090114,"Tätigkeitsfelder: Fachkräfte für Veranstaltungstechnik arbeiten überwiegend bei Dienstleistern für Veranstaltungstechnik, Betreibern von Veranstaltungsstätten, Theatern, Messebauunternehmen, Medienproduktionen, Produktionsbetrieben für Hörfunk, Film und Fernsehen.; Profil: Konzipieren veranstaltungstechnischer Systeme, Aufbauten und Abläufe, Auf, und Abbauen von veranstaltungstechnischen Anlagen und Tragwerken, Aufbauen und in Betrieb nehmen von ortsveränderlichen elektrischen Anlagen, Aufbauen und Anpassen von bühnen, und szenentechnischen Anlagen und Aufbauten, In Betrieb nehmen von Beleuchtungs, , Beschallungs, , Projektions, , Signalübertragungs, und Aufnahmeanlagen, Einrichten und Bedienen technischer Systeme bei Proben und Veranstaltungen, Beurteilen der Infrastruktur und Sicherheit von Veranstaltungsstätten, Umsetzen von Maßnahmen zur Sicherheit, zum Umwelt, und zum Gesundheitsschutz.","['Beschallungs', 'Projektions', 'Signalübertragungs', 'und zum Gesundheitsschutz']",-83.79942634179083,-2.3406326332516945
37,,Darstellende und unterhaltende Berufe,Sonstiges,36,"['Mediengestalter und Mediengestalterinnen Bild und Ton arbeiten überwiegend bei Dienstleistern für Medienproduktionen, bei Rundfunkunternehmen, Produktionsbetrieben für Hörfunk, Film, Fernsehen und Online, Industriefilmproduktionen, Theatern, Messe', 'und Veranstaltungsagenturen, Agenturen für Marketing', ', Unternehmens', 'und Onlinekommunikation, in der Öffentlichkeitsarbeit und bei Reiseveranstaltern.']","['Planen von Bild', 'und Tonproduktionen nach inhaltlichen und gestalterischen Gesichtspunkten, Ausarbeiten und Umsetzen von redaktionellen Inhalten, Auswählen von Produktionsmitteln, Organisieren von Produktionsteams, Vorbereiten und in Betrieb nehmen von medienspezifischen Produktionssystemen, Herstellen von audiovisuellen Medienprodukten mit und ohne Regieeinrichtungen, Einsetzen von Licht unter Berücksichtigung der technischen und gestalterischen Anforderungen, Aufnehmen von Bild', 'und Tonmaterial, Nachbearbeiten von Bild', 'und Tonmaterial, Herstellen und Bearbeiten von Tonaufnahmen, Vermeiden von Gefährdungen bei Produktionen, Einhalten von rechtlichen Grundlagen der Medienproduktion.']",https://www.bibb.de/dienst/berufesuche/de/index_berufesuche.php/profile/apprenticeship/555114,"Tätigkeitsfelder: Mediengestalter und Mediengestalterinnen Bild und Ton arbeiten überwiegend bei Dienstleistern für Medienproduktionen, bei Rundfunkunternehmen, Produktionsbetrieben für Hörfunk, Film, Fernsehen und Online, Industriefilmproduktionen, Theatern, Messe, und Veranstaltungsagenturen, Agenturen für Marketing, , Unternehmens, und Onlinekommunikation, in der Öffentlichkeitsarbeit und bei Reiseveranstaltern.; Profil: Planen von Bild, und Tonproduktionen nach inhaltlichen und gestalterischen Gesichtspunkten, Ausarbeiten und Umsetzen von redaktionellen Inhalten, Auswählen von Produktionsmitteln, Organisieren von Produktionsteams, Vorbereiten und in Betrieb nehmen von medienspezifischen Produktionssystemen, Herstellen von audiovisuellen Medienprodukten mit und ohne Regieeinrichtungen, Einsetzen von Licht unter Berücksichtigung der technischen und gestalterischen Anforderungen, Aufnehmen von Bild, und Tonmaterial, Nachbearbeiten von Bild, und Tonmaterial, Herstellen und Bearbeiten von Tonaufnahmen, Vermeiden von Gefährdungen bei Produktionen, Einhalten von rechtlichen Grundlagen der Medienproduktion.","['Unternehmens', 'Planen von Bild', 'und Tonmaterial Nachbearbeiten von Bild']",-68.74366775409051,30.65744115739667
38,,"Einkaufs-, Vertriebs- und Handelsberufe",Wirtschaft & Verwaltung,36,"['Immobilienkaufleute sind in allen Geschäftsbereichen der Immobilienwirtschaft tätig. Sie arbeiten in Wohnungsunternehmen, bei Bauträgern, Immobilien', 'und Projektentwicklern, bei Grundstücks', ', Vermögens', 'und Wohnungseigentumsverwaltungen, bei Immobilienmaklern oder in Immobilienabteilungen von Banken, Bausparkassen, Versicherungen, Industrie', 'und Handelsunternehmen.']","['Vermieten und Bewirtschaften von Immobilien, Erwerben, Veräußern und Vermitteln von Immobilien, Begründen und Verwalten von Wohnungs', 'und Teileigentum, Entwickeln von immobilienbezogenen Dienstleistungen, Betreuen von Neubau, Modernisierung und Sanierung von Immobilien, Entwickeln von unternehmens', 'und kundenbezogenen Finanzierungskonzepten, Beraten von Kunden, Analysieren des Immobilienmarktes und Umsetzen von Marketingkonzepten, Organisieren und Steuern des technischen Gebäudemanagements.']",https://www.bibb.de/dienst/berufesuche/de/index_berufesuche.php/profile/apprenticeship/n5457575,"Tätigkeitsfelder: Immobilienkaufleute sind in allen Geschäftsbereichen der Immobilienwirtschaft tätig. Sie arbeiten in Wohnungsunternehmen, bei Bauträgern, Immobilien, und Projektentwicklern, bei Grundstücks, , Vermögens, und Wohnungseigentumsverwaltungen, bei Immobilienmaklern oder in Immobilienabteilungen von Banken, Bausparkassen, Versicherungen, Industrie, und Handelsunternehmen.; Profil: Vermieten und Bewirtschaften von Immobilien, Erwerben, Veräußern und Vermitteln von Immobilien, Begründen und Verwalten von Wohnungs, und Teileigentum, Entwickeln von immobilienbezogenen Dienstleistungen, Betreuen von Neubau, Modernisierung und Sanierung von Immobilien, Entwickeln von unternehmens, und kundenbezogenen Finanzierungskonzepten, Beraten von Kunden, Analysieren des Immobilienmarktes und Umsetzen von Marketingkonzepten, Organisieren und Steuern des technischen Gebäudemanagements.","['und Projektentwicklern bei Grundstücks', 'Vermögens', 'und Handelsunternehmen']",-86.7166410416617,54.53733221419366
39,,"Einkaufs-, Vertriebs- und Handelsberufe",Wirtschaft & Verwaltung,36,"['Kaufleute im E', 'Commerce sind in Unternehmen tätig, die Waren oder Dienstleistungen online vertreiben.']","['Konzipieren und Weiterentwickeln von Waren', 'und Dienstleistungssortimenten, Beurteilen, Einsetzen und Weiterentwickeln von Vertriebskanälen des E', 'Commerce, Bewirtschaften von Onlineportalen und Onlineshops und Unterstützen der Beschaffung, Einsetzen von Instrumenten der kaufmännischen Steuerung und Kontrolle im E', 'Commerce, Gestalten der Schnittstellen mit anderen Vertriebskanälen, Beurteilen und Auswählen von Kommunikationskanälen, Gestalten der internen und externen Kommunikation, Vorbereiten und Durchführen von Maßnahmen des Onlinemarketings, Anbahnen und Abwickeln von Online', 'Waren', 'und Dienstleistungsverträgen, Beurteilen und Einsetzen verschiedener Bezahlsysteme, Einhalten von rechtlichen Bestimmungen im E', 'Commerce, Anwenden projektorientierter Arbeitsweisen im E', 'Commerce.']",https://www.bibb.de/dienst/berufesuche/de/index_berufesuche.php/profile/apprenticeship/261016,"Tätigkeitsfelder: Kaufleute im E, Commerce sind in Unternehmen tätig, die Waren oder Dienstleistungen online vertreiben.; Profil: Konzipieren und Weiterentwickeln von Waren, und Dienstleistungssortimenten, Beurteilen, Einsetzen und Weiterentwickeln von Vertriebskanälen des E, Commerce, Bewirtschaften von Onlineportalen und Onlineshops und Unterstützen der Beschaffung, Einsetzen von Instrumenten der kaufmännischen Steuerung und Kontrolle im E, Commerce, Gestalten der Schnittstellen mit anderen Vertriebskanälen, Beurteilen und Auswählen von Kommunikationskanälen, Gestalten der internen und externen Kommunikation, Vorbereiten und Durchführen von Maßnahmen des Onlinemarketings, Anbahnen und Abwickeln von Online, Waren, und Dienstleistungsverträgen, Beurteilen und Einsetzen verschiedener Bezahlsysteme, Einhalten von rechtlichen Bestimmungen im E, Commerce, Anwenden projektorientierter Arbeitsweisen im E, Commerce.","['Kaufleute im E', 'Konzipieren und Weiterentwickeln von Waren', 'Waren', 'Commerce']",-100.81006631706305,64.75406889575781
40,,Führer/-innen von Fahrzeug- und Transportgeräten,Sonstiges,36,"['Baugeräteführer/innen sind vor allem bei Betrieben und Unternehmen des Hoch', 'und Tiefbaus sowie Straßen', 'und Spezialtiefbaus beschäftigt.']","['Einrichten und Sichern von Baustellen, Auf', 'und Abbauen von Arbeits', 'und Schutzgerüsten, Verarbeiten von Bau', 'und Bauhilfsstoffen, Arbeiten in der Bautechnik, selbständiges Durchführen der Arbeit in dem jeweiligen Tätigkeitsgebiet anhand von technischen Unterlagen und aufgrund von Anweisungen, Berücksichtigen von wirtschaftlichen und ökologischen Belangen und Bewerten des Arbeitsergebnisses auf der Grundlage der Qualitätssicherung, Planen der Arbeit, Handhaben von Vermessungsgeräten, Be', 'und Verarbeiten von Metallen und Kunststoffen, Handhaben von Bauteilen, Baugruppen und Systemen von Baugeräten, Inbetriebnehmen, Führen und Außerbetriebnehmen von Baugeräten, Warten von Baugeräten nach Betriebsvorschriften, Feststellen von Störungen und Einleiten von Maßnahmen zur Fehlerbeseitigung an Baugeräten, Instandsetzen von Bauteilen und Baugruppen an Baugeräten, Beachten der Arbeitssicherheits', ', Gesundheitsschutz', 'und Umweltschutzbestimmungen.']",https://www.bibb.de/dienst/berufesuche/de/index_berufesuche.php/profile/apprenticeship/5460101,"Tätigkeitsfelder: Baugeräteführer/innen sind vor allem bei Betrieben und Unternehmen des Hoch, und Tiefbaus sowie Straßen, und Spezialtiefbaus beschäftigt.; Profil: Einrichten und Sichern von Baustellen, Auf, und Abbauen von Arbeits, und Schutzgerüsten, Verarbeiten von Bau, und Bauhilfsstoffen, Arbeiten in der Bautechnik, selbständiges Durchführen der Arbeit in dem jeweiligen Tätigkeitsgebiet anhand von technischen Unterlagen und aufgrund von Anweisungen, Berücksichtigen von wirtschaftlichen und ökologischen Belangen und Bewerten des Arbeitsergebnisses auf der Grundlage der Qualitätssicherung, Planen der Arbeit, Handhaben von Vermessungsgeräten, Be, und Verarbeiten von Metallen und Kunststoffen, Handhaben von Bauteilen, Baugruppen und Systemen von Baugeräten, Inbetriebnehmen, Führen und Außerbetriebnehmen von Baugeräten, Warten von Baugeräten nach Betriebsvorschriften, Feststellen von Störungen und Einleiten von Maßnahmen zur Fehlerbeseitigung an Baugeräten, Instandsetzen von Bauteilen und Baugruppen an Baugeräten, Beachten der Arbeitssicherheits, , Gesundheitsschutz, und Umweltschutzbestimmungen.","['und Tiefbaus sowie Straßen', 'und Spezialtiefbaus beschäftigt', 'Einrichten und Sichern von Baustellen Auf', 'und Abbauen von Arbeits', 'und Schutzgerüsten Verarbeiten von Bau', 'Gesundheitsschutz', 'und Umweltschutzbestimmungen']",133.9077833301445,-120.05336291005311
41,,Führer/-innen von Fahrzeug- und Transportgeräten,Sonstiges,36,"['Berufskraftfahrer/Berufskraftfahrerinnen arbeiten in Unternehmen des Güterkraftverkehrs, der Logistik, der Entsorgung, des Reiseverkehrs oder des öffentlichen Personennahverkehrs.']","['Sicheres Durchführen von Fahrten des Gütertransports bzw. Fahrten zur Beförderung von Personen im Reise', 'oder Personennahverkehr unter Berücksichtigung von wirtschaftlichen und umweltschonenden Aspekten, Anwenden von nationalen und internationalen Rechtsvorschriften und Sozialvorschriften des Straßenverkehrs, Kontrollieren, Warten und Pflegen der Fahrzeuge, Vorbereiten der Fahrzeuge für den Transport von Gütern oder die Beförderung von Personen, Annehmen des Transportguts oder des Gepäcks, Sichern der Ladung und Prüfen der mitzuführenden Papiere, Ergreifen von Maßnahmen zur Beseitigung von Störungen an Fahrzeugen, Situationsgerechtes Verhalten bei Unfällen und Zwischenfällen, insbesondere Absichern der Unfall', 'und Gefahrenstelle und Leisten von Erste Hilfe, Abstimmen der Arbeit mit anderen, insbesondere mit den Kunden und den vor', 'und nachgelagerten Bereichen in der Transport und Logistikkette, Ergreifen von Maßnahmen zur Sicherheit und zum Gesundheitsschutz bei der Arbeit sowie zum Umweltschutz, Ergreifenden von qualitätssichernden Maßnahmen, Dokumentieren der Leistungen und Durchführen von Abrechnungen, Planen und Koordinieren der Arbeit, Selbständiges Durchführen der Arbeiten auf der Grundlage von technischen Unterlagen und Arbeitsaufträgen, Beschaffen und Auswerten von Informationen, Abstimmen von Terminen und Organisieren von Fahrten unter Beachtung wirtschaftlicher Aspekte.']",https://www.bibb.de/dienst/berufesuche/de/index_berufesuche.php/profile/apprenticeship/67589062,"Tätigkeitsfelder: Berufskraftfahrer/Berufskraftfahrerinnen arbeiten in Unternehmen des Güterkraftverkehrs, der Logistik, der Entsorgung, des Reiseverkehrs oder des öffentlichen Personennahverkehrs.; Profil: Sicheres Durchführen von Fahrten des Gütertransports bzw. Fahrten zur Beförderung von Personen im Reise, oder Personennahverkehr unter Berücksichtigung von wirtschaftlichen und umweltschonenden Aspekten, Anwenden von nationalen und internationalen Rechtsvorschriften und Sozialvorschriften des Straßenverkehrs, Kontrollieren, Warten und Pflegen der Fahrzeuge, Vorbereiten der Fahrzeuge für den Transport von Gütern oder die Beförderung von Personen, Annehmen des Transportguts oder des Gepäcks, Sichern der Ladung und Prüfen der mitzuführenden Papiere, Ergreifen von Maßnahmen zur Beseitigung von Störungen an Fahrzeugen, Situationsgerechtes Verhalten bei Unfällen und Zwischenfällen, insbesondere Absichern der Unfall, und Gefahrenstelle und Leisten von Erste Hilfe, Abstimmen der Arbeit mit anderen, insbesondere mit den Kunden und den vor, und nachgelagerten Bereichen in der Transport und Logistikkette, Ergreifen von Maßnahmen zur Sicherheit und zum Gesundheitsschutz bei der Arbeit sowie zum Umweltschutz, Ergreifenden von qualitätssichernden Maßnahmen, Dokumentieren der Leistungen und Durchführen von Abrechnungen, Planen und Koordinieren der Arbeit, Selbständiges Durchführen der Arbeiten auf der Grundlage von technischen Unterlagen und Arbeitsaufträgen, Beschaffen und Auswerten von Informationen, Abstimmen von Terminen und Organisieren von Fahrten unter Beachtung wirtschaftlicher Aspekte.",[],114.8956383447952,-166.702702587069
42,,Führer/-innen von Fahrzeug- und Transportgeräten,Sonstiges,42,"['Binnenschifffahrtskapitäne und Binnenschifffahrtskapitäninnen arbeiten in Betrieben der Güter', 'und Personenschifffahrt sowie auf Fähren. Darüber hinaus sind sie auch in Hafenbetrieben und Hafenbehörden, bei der Wasserstraßen', 'und Schifffahrtsverwaltung sowie in Wasserbauunternehmen tätig.#BR# Mit der erfolgreich abgelegten Abschlussprüfung zum Binnenschifffahrtskapitän und zur Binnenschifffahrtskapitänin wird die Voraussetzung zum Erwerb des Unionsbefähigungszeugnisses zum Schiffsführer und zur Schiffsführerin gemäß Richtlinie (EU) 2017/2397 erworben.']","['Navigieren von Fahrzeugen und Planen von Reisen, Anwenden, Kontrollieren und Dokumentieren der Fahrzeugausrüstung, Planen und Überwachen des Be', 'und Entladens von Fahrzeugen, Instandhalten von Schiffskörpern und deren Anlagen, Instandhalten von mechanischen und technischen Anlagen sowie von Schiffsmotoren, Organisieren und Überwachen der Schiffsbetriebstechnik, Organisieren und Überwachen von Betriebsabläufen, Befördern von Personen, Transportieren von Gütern, Fördern der Sozialgemeinschaft an Bord, Durchführen qualitätssichernder Maßnahmen, Vorbereiten auf Notfallsituationen sowie Handeln und Führen in Notfallsituationen, Ergreifen von Maßnahmen zum Schutz von Gesundheit und Sicherheit bei der Arbeit, Ergreifen von Maßnahmen zur Wirtschaftlichkeit, zum Umweltschutz und zur Nachhaltigkeit, Einsetzen von Informations', 'und Kommunikationstechnologien.']",https://www.bibb.de/dienst/berufesuche/de/index_berufesuche.php/profile/apprenticeship/schiff22,"Tätigkeitsfelder: Binnenschifffahrtskapitäne und Binnenschifffahrtskapitäninnen arbeiten in Betrieben der Güter, und Personenschifffahrt sowie auf Fähren. Darüber hinaus sind sie auch in Hafenbetrieben und Hafenbehörden, bei der Wasserstraßen, und Schifffahrtsverwaltung sowie in Wasserbauunternehmen tätig.#BR# Mit der erfolgreich abgelegten Abschlussprüfung zum Binnenschifffahrtskapitän und zur Binnenschifffahrtskapitänin wird die Voraussetzung zum Erwerb des Unionsbefähigungszeugnisses zum Schiffsführer und zur Schiffsführerin gemäß Richtlinie (EU) 2017/2397 erworben.; Profil: Navigieren von Fahrzeugen und Planen von Reisen, Anwenden, Kontrollieren und Dokumentieren der Fahrzeugausrüstung, Planen und Überwachen des Be, und Entladens von Fahrzeugen, Instandhalten von Schiffskörpern und deren Anlagen, Instandhalten von mechanischen und technischen Anlagen sowie von Schiffsmotoren, Organisieren und Überwachen der Schiffsbetriebstechnik, Organisieren und Überwachen von Betriebsabläufen, Befördern von Personen, Transportieren von Gütern, Fördern der Sozialgemeinschaft an Bord, Durchführen qualitätssichernder Maßnahmen, Vorbereiten auf Notfallsituationen sowie Handeln und Führen in Notfallsituationen, Ergreifen von Maßnahmen zum Schutz von Gesundheit und Sicherheit bei der Arbeit, Ergreifen von Maßnahmen zur Wirtschaftlichkeit, zum Umweltschutz und zur Nachhaltigkeit, Einsetzen von Informations, und Kommunikationstechnologien.",['und Kommunikationstechnologien'],39.80203663115998,-104.71373361995961
43,,Führer/-innen von Fahrzeug- und Transportgeräten,Sonstiges,36,"['Eisenbahner/', 'innen im Betriebsdienst Lokführer/in und Transport arbeiten in Unternehmen des schienengebundenen Güter', 'und Personenverkehrs. Sie arbeiten als Lokrangierführer/', 'innen oder Triebfahrzeugführer/', 'innen. Sie rangieren Wagen und Fahrzeuge. Sie steuern Triebfahrzeuge im Nah', ', Fern', 'und Güterverkehr und transportieren dabei Personen oder Güter.']","['Verstehen des Gesamtsystems Eisenbahn, Fahrzeugbezogene Fachkenntnisse, Infrastrukturbezogene Fachkenntnisse, Durchführen von Zug', 'und Rangierfahrten im Regelfall, Durchführen von Zug', 'und Rangierfahrten bei Abweichungen und Störungen, Prüfen von Fahrzeugen vor und nach der Fahrt, Grundlagen der Verkehrs', ', Personal', 'und Fahrzeugdispositionen sowie Planung innerhalb des Aufgabengebietes, Durchführen von qualitätssichernden Maßnahmen, Einhalten von Sicherheitsmanagementsystemen, Nutzen der betrieblichen und technischen Kommunikation, Führen von Kundengesprächen.']",https://www.bibb.de/dienst/berufesuche/de/index_berufesuche.php/profile/apprenticeship/eilok22,"Tätigkeitsfelder: Eisenbahner/, innen im Betriebsdienst Lokführer/in und Transport arbeiten in Unternehmen des schienengebundenen Güter, und Personenverkehrs. Sie arbeiten als Lokrangierführer/, innen oder Triebfahrzeugführer/, innen. Sie rangieren Wagen und Fahrzeuge. Sie steuern Triebfahrzeuge im Nah, , Fern, und Güterverkehr und transportieren dabei Personen oder Güter.; Profil: Verstehen des Gesamtsystems Eisenbahn, Fahrzeugbezogene Fachkenntnisse, Infrastrukturbezogene Fachkenntnisse, Durchführen von Zug, und Rangierfahrten im Regelfall, Durchführen von Zug, und Rangierfahrten bei Abweichungen und Störungen, Prüfen von Fahrzeugen vor und nach der Fahrt, Grundlagen der Verkehrs, , Personal, und Fahrzeugdispositionen sowie Planung innerhalb des Aufgabengebietes, Durchführen von qualitätssichernden Maßnahmen, Einhalten von Sicherheitsmanagementsystemen, Nutzen der betrieblichen und technischen Kommunikation, Führen von Kundengesprächen.","['Eisenbahner/', 'innen oder Triebfahrzeugführer/', 'Fern', 'Personal']",-146.21122045660871,56.18660223854836
44,,Führer/-innen von Fahrzeug- und Transportgeräten,Sonstiges,36,['Fachkräfte im Fahrbetrieb arbeiten in Unternehmen des öffentlichen Personennahverkehrs.'],"['Führen von Bussen, Straßenbahnen und/oder U', 'Bahnen im Netz ihres Unternehmens unter Beachtung der Sicherheit, Kundenfreundlichkeit, Umweltbelangen und Wirtschaftlichkeit, Beraten von Kunden über Tarife und Linienverbindungen sowie Zusatzangebote des öffentlichen Personennahverkehrs und Erteilen von Auskünften über Gemeinschaftsangeboten mit anderen Verkehrsdienstleistern, Erteilen von Auskünften in einer Fremdsprache, Verkaufen von Leistungen, Durchführen der erforderlichen Abrechnungen und Mitwirken bei Kalkulationen, Ermitteln der Kundenbedürfnisse und Mitwirken bei der kundengerechten Weiterentwicklung der Produkte des Unternehmen sowie bei der Qualitätskontrolle, Informieren der Kunden im Normalverkehr und bei Störungen, Ergreifen der notwendigen Maßnahmen in Gefahrensituationen und bei Unfällen, Mitwirken bei der Planung und Steuerung des Fahrzeug', ', Personal', 'und Mitteleinsatzes, Sorgen für Fahrzeugservice und', 'bereitstellung einschließlich Kontrolle der Verkehrs', 'und Betriebssicherheit, Veranlassen der Wartung und Instandsetzung der Fahrzeuge, Selbständiges Wahrnehmen der Aufgaben im Rahmen betrieblicher Anweisungen und der maßgebenden Rechtsvorschriften, Planen und Koordinieren der Arbeit und Abstimmen mit anderen Beteiligten in und außerhalb des Unternehmens, Hinwirken auf Vermeidung bzw. Entschärfung von Konflikten in schwierigen Kommunikationssituationen.']",https://www.bibb.de/dienst/berufesuche/de/index_berufesuche.php/profile/apprenticeship/89077832,"Tätigkeitsfelder: Fachkräfte im Fahrbetrieb arbeiten in Unternehmen des öffentlichen Personennahverkehrs.; Profil: Führen von Bussen, Straßenbahnen und/oder U, Bahnen im Netz ihres Unternehmens unter Beachtung der Sicherheit, Kundenfreundlichkeit, Umweltbelangen und Wirtschaftlichkeit, Beraten von Kunden über Tarife und Linienverbindungen sowie Zusatzangebote des öffentlichen Personennahverkehrs und Erteilen von Auskünften über Gemeinschaftsangeboten mit anderen Verkehrsdienstleistern, Erteilen von Auskünften in einer Fremdsprache, Verkaufen von Leistungen, Durchführen der erforderlichen Abrechnungen und Mitwirken bei Kalkulationen, Ermitteln der Kundenbedürfnisse und Mitwirken bei der kundengerechten Weiterentwicklung der Produkte des Unternehmen sowie bei der Qualitätskontrolle, Informieren der Kunden im Normalverkehr und bei Störungen, Ergreifen der notwendigen Maßnahmen in Gefahrensituationen und bei Unfällen, Mitwirken bei der Planung und Steuerung des Fahrzeug, , Personal, und Mitteleinsatzes, Sorgen für Fahrzeugservice und, bereitstellung einschließlich Kontrolle der Verkehrs, und Betriebssicherheit, Veranlassen der Wartung und Instandsetzung der Fahrzeuge, Selbständiges Wahrnehmen der Aufgaben im Rahmen betrieblicher Anweisungen und der maßgebenden Rechtsvorschriften, Planen und Koordinieren der Arbeit und Abstimmen mit anderen Beteiligten in und außerhalb des Unternehmens, Hinwirken auf Vermeidung bzw. Entschärfung von Konflikten in schwierigen Kommunikationssituationen.","['Führen von Bussen Straßenbahnen und/oder U', 'Personal']",-31.27141190677503,-74.05903050580129
45,,Führer/-innen von Fahrzeug- und Transportgeräten,Sonstiges,36,"['Hafenschiffer / Hafenschifferinnen arbeiten in See', 'und Binnenhäfen im Personen', 'und Ladungsverkehr mit Wasserfahrzeugen und in der Festmacherei.']","['Inbetriebnahme und Führen von Wasserfahrzeugen, Befördern von Personen im Fähr', 'und Touristikverkehr, Fest', 'und Losmachen sowie Verholen von Wasserfahrzeugen, Be', 'und Entladen von Wasserfahrzeugen und Transportieren von Ladungen, Pflegen und Warten von Wasserfahrzeugen und deren Ausrüstung sowie technischen Einrichtungen, Durchführen seemännischer Arbeiten, Anwenden von Kommunikations', 'und Informationstechniken und Einsetzen fachspezifischer Sprachkenntnisse, Kommunizieren mit Kunden und Erteilen von Auskünften in Englisch, Mitwirken bei logistischen Planungs', 'und Organisationsprozessen und Durchführen qualitätssichernder Maßnahmen, Planen der Arbeit, Festlegen der Arbeitsschritte, Kontrollieren, Bewerten und Dokumentieren der Arbeitsergebnisse, Durchführen der Arbeiten selbständig oder im Team unter Beachtung des Umwelt', 'und Gesundheitsschutzes sowie der Arbeitssicherheit.']",https://www.bibb.de/dienst/berufesuche/de/index_berufesuche.php/profile/apprenticeship/0304206,"Tätigkeitsfelder: Hafenschiffer / Hafenschifferinnen arbeiten in See, und Binnenhäfen im Personen, und Ladungsverkehr mit Wasserfahrzeugen und in der Festmacherei.; Profil: Inbetriebnahme und Führen von Wasserfahrzeugen, Befördern von Personen im Fähr, und Touristikverkehr, Fest, und Losmachen sowie Verholen von Wasserfahrzeugen, Be, und Entladen von Wasserfahrzeugen und Transportieren von Ladungen, Pflegen und Warten von Wasserfahrzeugen und deren Ausrüstung sowie technischen Einrichtungen, Durchführen seemännischer Arbeiten, Anwenden von Kommunikations, und Informationstechniken und Einsetzen fachspezifischer Sprachkenntnisse, Kommunizieren mit Kunden und Erteilen von Auskünften in Englisch, Mitwirken bei logistischen Planungs, und Organisationsprozessen und Durchführen qualitätssichernder Maßnahmen, Planen der Arbeit, Festlegen der Arbeitsschritte, Kontrollieren, Bewerten und Dokumentieren der Arbeitsergebnisse, Durchführen der Arbeiten selbständig oder im Team unter Beachtung des Umwelt, und Gesundheitsschutzes sowie der Arbeitssicherheit.","['und Binnenhäfen im Personen', 'und Touristikverkehr Fest']",-9.271815751267756,-54.43436715825014
46,,Führer/-innen von Fahrzeug- und Transportgeräten,Sonstiges,24,[],[],https://www.bibb.de/dienst/berufesuche/de/index_berufesuche.php/profile/apprenticeship/o8970345,,[],-362.29674520471417,191.99426007981612
47,,Gartenbauberufe und Floristik,Bau & Handwerk,36,"['Floristen und Floristinnen arbeiten in Floristikfachgeschäften sowie Gartencentern und Baumärkten mit Floristikabteilung. Darüber hinaus arbeiten sie in Beherbergungsbetrieben, im Einzelhandel, in Erwerbsgärtnereien und auf Kreuzfahrtschiffen']","['Anlassbezogenes Gestalten von Pflanzenschmuck und Blumenschmuck, Pflegen von Pflanzen und Versorgen von Pflanzenteilen, Ergreifen von Maßnahmen zum Pflanzenschutz, Serviceorientiertes Beraten von Kunden und Kundinnen, Durchführen von Kalkulationen, Verkaufen von Produkten und Dienstleistungen, Planen, Umsetzen und Kontrollieren von Marketingmaßnahmen, Präsentieren von Waren, Beschaffen von Waren, Annehmen und Lagern von Waren, Überwachen von Warenbeständen, Planen, Steuern und Optimieren von Arbeitsabläufen, Bereitstellen von Werkstoffen und Betriebsmitteln, Sicherstellen des Geschäftserfolges durch kaufmännische Steuerung und Kontrolle, Ergreifen von Maßnahmen zum Schutz von Gesundheit und Sicherheit bei der Arbeit, Ergreifen von Maßnahmen zur Wirtschaftlichkeit, zum Umweltschutz und zur Nachhaltigkeit.']",https://www.bibb.de/dienst/berufesuche/de/index_berufesuche.php/profile/apprenticeship/flor25,"Tätigkeitsfelder: Floristen und Floristinnen arbeiten in Floristikfachgeschäften sowie Gartencentern und Baumärkten mit Floristikabteilung. Darüber hinaus arbeiten sie in Beherbergungsbetrieben, im Einzelhandel, in Erwerbsgärtnereien und auf Kreuzfahrtschiffen; Profil: Anlassbezogenes Gestalten von Pflanzenschmuck und Blumenschmuck, Pflegen von Pflanzen und Versorgen von Pflanzenteilen, Ergreifen von Maßnahmen zum Pflanzenschutz, Serviceorientiertes Beraten von Kunden und Kundinnen, Durchführen von Kalkulationen, Verkaufen von Produkten und Dienstleistungen, Planen, Umsetzen und Kontrollieren von Marketingmaßnahmen, Präsentieren von Waren, Beschaffen von Waren, Annehmen und Lagern von Waren, Überwachen von Warenbeständen, Planen, Steuern und Optimieren von Arbeitsabläufen, Bereitstellen von Werkstoffen und Betriebsmitteln, Sicherstellen des Geschäftserfolges durch kaufmännische Steuerung und Kontrolle, Ergreifen von Maßnahmen zum Schutz von Gesundheit und Sicherheit bei der Arbeit, Ergreifen von Maßnahmen zur Wirtschaftlichkeit, zum Umweltschutz und zur Nachhaltigkeit.",[],121.91601794628616,-52.61121236961837
48,,Gebäude- und versorgungstechnische Berufe,Sonstiges,42,"['Anlagenmechaniker für Sanitär', ', Heizungs', 'und Klimatechnik und Anlagenmechanikerinnen für Sanitär', 'und Klimatechnik sind überwiegend beim Kunden vor Ort in der Planung, Montage und Instandhaltung von komplexen Anlagen und Systemen im Bereich Sanitärtechnik, Heizungstechnik, Lüftungs', 'und Klimatechnik, sowie Umwelttechnik und Erneuerbare Energien tätig.']","['Kundenorientierte Auftragsbearbeitung, Planen und Steuern von Arbeitsabläufen selbstständig oder im Team, Kooperationen mit anderen Gewerken, Beraten und Betreuen der Kunden in Bezug auf Produkte und Dienstleistungen des Betriebes unter Beachtung ökonomischer, ökologischer, innovativer und technologischer Aspekte, Montieren und Demontieren von ver', 'und entsorgungstechnischen Anlagen, Systemen und deren Komponenten sowie von Rohrleitungen und Kanälen, In Betrieb nehmen von ver', 'und entsorgungstechnischen Anlagen und Systemen, Übergeben von ver', 'und entsorgungstechnischen Anlagen und Systemn an die Kunden und Einweisen in die Bedienung dieser Anlagen und Systemen, Durchführen von Hygienemaßnahmen, Herstellen elektrischer Anschlüsse von Komponenten ver', 'und entsorgungstechnischer Anlagen und Systemen sowie Installieren und Prüfen elektrischer Baugruppen und Komponenten in diesen Anlagen und Systemen, Installieren, Einstellen auf Sollwerte und Prüfen von Mess', ', Steuerungs', ', Regelungs', ', Sicherheits', 'und Überwachungseinrichtungen, Prüfen, Einstellen, Optimieren und Warten der Funktionen von ver', 'und entsorgungstechnischen Anlagen und Systemen, Inspizieren, Prüfen, Warten und Instandsetzen von ver', 'und entsorgungstechnischer Anlagen und Systemen, Durchführen von Dämm', ', Dichtungs', 'und Schutzmaßnahmen, insbesondere Brand', ', Schall', 'und Korrosionsschutz, Kontrollieren und Beurteilen der Arbeitsergebnisse und Anwenden von Qualitätsmanagementsystemen, Berücksichtigen nachhaltiger Energie', 'und Wassernutzungssysteme, Anwenden englischsprachiger Fachausdrücke, Instandhalten von Betriebsmitteln.']",https://www.bibb.de/dienst/berufesuche/de/index_berufesuche.php/profile/apprenticeship/210715,"Tätigkeitsfelder: Anlagenmechaniker für Sanitär, , Heizungs, und Klimatechnik und Anlagenmechanikerinnen für Sanitär, und Klimatechnik sind überwiegend beim Kunden vor Ort in der Planung, Montage und Instandhaltung von komplexen Anlagen und Systemen im Bereich Sanitärtechnik, Heizungstechnik, Lüftungs, und Klimatechnik, sowie Umwelttechnik und Erneuerbare Energien tätig.; Profil: Kundenorientierte Auftragsbearbeitung, Planen und Steuern von Arbeitsabläufen selbstständig oder im Team, Kooperationen mit anderen Gewerken, Beraten und Betreuen der Kunden in Bezug auf Produkte und Dienstleistungen des Betriebes unter Beachtung ökonomischer, ökologischer, innovativer und technologischer Aspekte, Montieren und Demontieren von ver, und entsorgungstechnischen Anlagen, Systemen und deren Komponenten sowie von Rohrleitungen und Kanälen, In Betrieb nehmen von ver, und entsorgungstechnischen Anlagen und Systemen, Übergeben von ver, und entsorgungstechnischen Anlagen und Systemn an die Kunden und Einweisen in die Bedienung dieser Anlagen und Systemen, Durchführen von Hygienemaßnahmen, Herstellen elektrischer Anschlüsse von Komponenten ver, und entsorgungstechnischer Anlagen und Systemen sowie Installieren und Prüfen elektrischer Baugruppen und Komponenten in diesen Anlagen und Systemen, Installieren, Einstellen auf Sollwerte und Prüfen von Mess, , Steuerungs, , Regelungs, , Sicherheits, und Überwachungseinrichtungen, Prüfen, Einstellen, Optimieren und Warten der Funktionen von ver, und entsorgungstechnischen Anlagen und Systemen, Inspizieren, Prüfen, Warten und Instandsetzen von ver, und entsorgungstechnischer Anlagen und Systemen, Durchführen von Dämm, , Dichtungs, und Schutzmaßnahmen, insbesondere Brand, , Schall, und Korrosionsschutz, Kontrollieren und Beurteilen der Arbeitsergebnisse und Anwenden von Qualitätsmanagementsystemen, Berücksichtigen nachhaltiger Energie, und Wassernutzungssysteme, Anwenden englischsprachiger Fachausdrücke, Instandhalten von Betriebsmitteln.","['Anlagenmechaniker für Sanitär', 'Heizungs', 'Steuerungs', 'Regelungs', 'Sicherheits', 'Dichtungs', 'und Schutzmaßnahmen insbesondere Brand', 'Schall']",21.31821228078998,-73.25425092794237
49,,Gebäude- und versorgungstechnische Berufe,Sonstiges,42,"['Anlagenmechaniker und Anlagenmechanikerinnen arbeiten in den Bereichen Anlagenbau, Apparate', 'und Behälterbau, Instandhaltung, Rohrsystemtechnik und Schweißtechnik.']","['Planen von Aufgaben auf der Basis von Prozessdaten, technischen Regelwerken, Konstruktionszeichnungen und Montage', 'und Wartungsplänen, Fertigen von Bauteilen und Fügen zu Baugruppen, Apparaten und Anlagen, Prüfen und Einstellen von Funktionen an Baugruppen oder an Apparaten und Anlagen, Verantwortliches Kontrollieren der ausgeführten Arbeiten und Durchführen von Nacharbeiten, Anwenden von Maschinen, Montage', 'Hilfseinrichtungen, Transportmitteln und Werkzeugen, Kooperieren mit vor', 'und nachgelagerten Bereichen und Mitwirken im Rahmen der Prozesskette an der Prozesssicherung, der Einhaltung von Qualitätsstandards und an Maßnahmen zur kontinuierlichen Verbesserung von Prozessabläufen, Fertigungsqualität und Arbeitssicherheit, Durchführen der notwendigen Einstell', ', Pflege', 'und Wartungsarbeiten an den benutzten Einrichtungen, Maschinen und Werkzeugen, Durchführen von Instandhaltungsarbeiten oder Änderungen an Anlagen, Nutzen von IT', 'Systemen auch in digitalisierten Prozessen, Anwenden von Vorschriften zu Datenschutz und Informationssicherheit.']",https://www.bibb.de/dienst/berufesuche/de/index_berufesuche.php/profile/apprenticeship/595959,"Tätigkeitsfelder: Anlagenmechaniker und Anlagenmechanikerinnen arbeiten in den Bereichen Anlagenbau, Apparate, und Behälterbau, Instandhaltung, Rohrsystemtechnik und Schweißtechnik.; Profil: Planen von Aufgaben auf der Basis von Prozessdaten, technischen Regelwerken, Konstruktionszeichnungen und Montage, und Wartungsplänen, Fertigen von Bauteilen und Fügen zu Baugruppen, Apparaten und Anlagen, Prüfen und Einstellen von Funktionen an Baugruppen oder an Apparaten und Anlagen, Verantwortliches Kontrollieren der ausgeführten Arbeiten und Durchführen von Nacharbeiten, Anwenden von Maschinen, Montage, Hilfseinrichtungen, Transportmitteln und Werkzeugen, Kooperieren mit vor, und nachgelagerten Bereichen und Mitwirken im Rahmen der Prozesskette an der Prozesssicherung, der Einhaltung von Qualitätsstandards und an Maßnahmen zur kontinuierlichen Verbesserung von Prozessabläufen, Fertigungsqualität und Arbeitssicherheit, Durchführen der notwendigen Einstell, , Pflege, und Wartungsarbeiten an den benutzten Einrichtungen, Maschinen und Werkzeugen, Durchführen von Instandhaltungsarbeiten oder Änderungen an Anlagen, Nutzen von IT, Systemen auch in digitalisierten Prozessen, Anwenden von Vorschriften zu Datenschutz und Informationssicherheit.",['Pflege'],53.923233825615085,-79.46155135002405
50,,Gebäude- und versorgungstechnische Berufe,Sonstiges,42,"['Behälter', 'und Apparatebauerinnen und Behälter', 'und Apparatebauer arbeiten in Unternehmen des Anlagenbaus, des Behälter', 'und Apparatebaus sowie in Metallbau', 'und Maschinenbauunternehmen.']","['Planen und Vorbereiten von Herstellungsprozessen und Arbeitsabläufen, Herstellen von Bauteilen für Apparate, Behälter und Rohrleitungssysteme (Werkstattfertigung), Herstellen, Montieren und Demontieren von Baugruppen, Apparaten, Behältern und Rohrleitungssystemen für verschiedene Branchen (z. B. Chemie', ', Petrochemie', ', Pharma', ', Lebensmittel', 'und Kosmetikindustrie sowie Schiffbau), Schweißen von verschiedenen Werkstoffen, Montage, Inbetriebnahme und Abnahme von Apparaten, Behältern und Rohrleitungssystemen beim Kunden, Instandhalten von Bauteilen, Baugruppen, Apparaten, Behältern und Rohrleitungssystemen, Einhalten von Vorschriften zur Vermeidung von Unfällen (Arbeits', 'und Schutzmaßnahmen), Behandeln und Schützen von Oberflächen, Durchführen von qualitätssichernden Maßnahmen und Einsetzen von betrieblicher und technischer Kommunikation.']",https://www.bibb.de/dienst/berufesuche/de/index_berufesuche.php/profile/apprenticeship/110416,"Tätigkeitsfelder: Behälter, und Apparatebauerinnen und Behälter, und Apparatebauer arbeiten in Unternehmen des Anlagenbaus, des Behälter, und Apparatebaus sowie in Metallbau, und Maschinenbauunternehmen.; Profil: Planen und Vorbereiten von Herstellungsprozessen und Arbeitsabläufen, Herstellen von Bauteilen für Apparate, Behälter und Rohrleitungssysteme (Werkstattfertigung), Herstellen, Montieren und Demontieren von Baugruppen, Apparaten, Behältern und Rohrleitungssystemen für verschiedene Branchen (z. B. Chemie, , Petrochemie, , Pharma, , Lebensmittel, und Kosmetikindustrie sowie Schiffbau), Schweißen von verschiedenen Werkstoffen, Montage, Inbetriebnahme und Abnahme von Apparaten, Behältern und Rohrleitungssystemen beim Kunden, Instandhalten von Bauteilen, Baugruppen, Apparaten, Behältern und Rohrleitungssystemen, Einhalten von Vorschriften zur Vermeidung von Unfällen (Arbeits, und Schutzmaßnahmen), Behandeln und Schützen von Oberflächen, Durchführen von qualitätssichernden Maßnahmen und Einsetzen von betrieblicher und technischer Kommunikation.","['Behälter', 'und Apparatebauerinnen und Behälter', 'und Apparatebaus sowie in Metallbau', 'und Maschinenbauunternehmen', 'Petrochemie', 'Pharma', 'Lebensmittel']",-41.73228438204486,16.814331228185043
51,,Gebäude- und versorgungstechnische Berufe,Sonstiges,42,"['Klempner/innen sind vor allem in Handwerksbetrieben des Bauinstallationsgewerbes tätig, z.B. in Klempnereien oder in Betrieben des Lüftungsinstallationsbaus. Darüber hinaus können sie in Betrieben, die sich auf die Verarbeitung von Metall im Aus', 'oder Hochbau spezialisiert haben, z.B. in Dachdeckerbetrieben oder Fassadenbauunternehmen, beschäftigt sein.']","['Decken und Instandhalten von Dach', 'und Wandflächen an Bauwerken mit Metallen und Kunststoffen, Anfertigen und Montieren von Anlagen zur Ableitung von Niederschlagswasser sowie von lufttechnischen Anlagen, Einbauen von Energiesammlern und Energieumsetzern, Anwenden von nachhaltigen Energienutzungssystemen, Anbringen von Fangeinrichtungen und von Ableitungen für den äußeren Blitzschutz, Herstellen von Fugenabschlüssen sowie Durchführen von Wärmedämm', 'und Dichtungsmaßnahmen für den Wärme', ', Kälte', ', Schall', 'und Brandschutz, Befestigen von Bauteilen und Baugruppen in Mauerwerk, Beton und Holz, Behandeln und Schützen von Oberflächen, Einrichten von Arbeits', 'und Schutzgerüsten, Kundenorientierte Auftragsbearbeitung, Planen und Steuern von Arbeitsabläufen, Kontrollieren und Beurteilen der Arbeitsergebnisse und Anwenden von qualitätssichernden Maßnahmen, Beraten und Betreuen der Kunden in Bezug auf Produkte und Dienstleistungen des Betriebes unter Beachtung ökonomischer und ökologischer Aspekte.']",https://www.bibb.de/dienst/berufesuche/de/index_berufesuche.php/profile/apprenticeship/110512,"Tätigkeitsfelder: Klempner/innen sind vor allem in Handwerksbetrieben des Bauinstallationsgewerbes tätig, z.B. in Klempnereien oder in Betrieben des Lüftungsinstallationsbaus. Darüber hinaus können sie in Betrieben, die sich auf die Verarbeitung von Metall im Aus, oder Hochbau spezialisiert haben, z.B. in Dachdeckerbetrieben oder Fassadenbauunternehmen, beschäftigt sein.; Profil: Decken und Instandhalten von Dach, und Wandflächen an Bauwerken mit Metallen und Kunststoffen, Anfertigen und Montieren von Anlagen zur Ableitung von Niederschlagswasser sowie von lufttechnischen Anlagen, Einbauen von Energiesammlern und Energieumsetzern, Anwenden von nachhaltigen Energienutzungssystemen, Anbringen von Fangeinrichtungen und von Ableitungen für den äußeren Blitzschutz, Herstellen von Fugenabschlüssen sowie Durchführen von Wärmedämm, und Dichtungsmaßnahmen für den Wärme, , Kälte, , Schall, und Brandschutz, Befestigen von Bauteilen und Baugruppen in Mauerwerk, Beton und Holz, Behandeln und Schützen von Oberflächen, Einrichten von Arbeits, und Schutzgerüsten, Kundenorientierte Auftragsbearbeitung, Planen und Steuern von Arbeitsabläufen, Kontrollieren und Beurteilen der Arbeitsergebnisse und Anwenden von qualitätssichernden Maßnahmen, Beraten und Betreuen der Kunden in Bezug auf Produkte und Dienstleistungen des Betriebes unter Beachtung ökonomischer und ökologischer Aspekte.","['Decken und Instandhalten von Dach', 'und Dichtungsmaßnahmen für den Wärme', 'Kälte', 'Schall']",117.44395134758774,-105.93950482816166
52,,Gebäude- und versorgungstechnische Berufe,Sonstiges,42,"['Mechatroniker und Mechatronikerinnen für Kälte', 'und Klimatechnik sind überwiegend in Betrieben des Handwerks in Montage, Umbau und Instandhaltung von Anlagen der Kälte', ', Klima', 'und Wärmepumpentechnik tätig.']","['Montieren und Inbetriebnahme von Anlagen, Systemen und Komponenten der Kälte', 'und Klimatechnik, Installieren elektrotechnischer und elektronischer Anlagenteile, Durchführen von Dämm', ', Korrosionsschutz', 'und Brandschutzmaßnahmen, Programmieren von Mess', 'Steuerungs', 'und Regelungseinrichtungen, Durchführen von Funktions', 'und Sicherheitsprüfungen, Instandhalten von Anlagen, Systemen und Komponenten der Kälte', 'und Klimatechnik, Optimieren von Kälte', 'und Klimaanlagen nach ökonomischen und ökologischen Gesichtspunkten, Demontieren von Anlagen, Systemen und Komponenten der Kälte', 'und Klimatechnik, Zuführen von Kältemittel, Kühlmittel und Kältemaschinenöle der Wiederverwendung oder umweltgerechten Entsorgung.']",https://www.bibb.de/dienst/berufesuche/de/index_berufesuche.php/profile/apprenticeship/271007,"Tätigkeitsfelder: Mechatroniker und Mechatronikerinnen für Kälte, und Klimatechnik sind überwiegend in Betrieben des Handwerks in Montage, Umbau und Instandhaltung von Anlagen der Kälte, , Klima, und Wärmepumpentechnik tätig.; Profil: Montieren und Inbetriebnahme von Anlagen, Systemen und Komponenten der Kälte, und Klimatechnik, Installieren elektrotechnischer und elektronischer Anlagenteile, Durchführen von Dämm, , Korrosionsschutz, und Brandschutzmaßnahmen, Programmieren von Mess, Steuerungs, und Regelungseinrichtungen, Durchführen von Funktions, und Sicherheitsprüfungen, Instandhalten von Anlagen, Systemen und Komponenten der Kälte, und Klimatechnik, Optimieren von Kälte, und Klimaanlagen nach ökonomischen und ökologischen Gesichtspunkten, Demontieren von Anlagen, Systemen und Komponenten der Kälte, und Klimatechnik, Zuführen von Kältemittel, Kühlmittel und Kältemaschinenöle der Wiederverwendung oder umweltgerechten Entsorgung.","['Mechatroniker und Mechatronikerinnen für Kälte', 'Klima', 'und Wärmepumpentechnik tätig', 'Korrosionsschutz', 'und Brandschutzmaßnahmen Programmieren von Mess', 'Steuerungs', 'und Klimatechnik Optimieren von Kälte']",-63.36059433129499,-10.495820438591927
53,,Gebäude- und versorgungstechnische Berufe,Sonstiges,36,"['Ofen', 'und Luftheizungsbauer/innen arbeiten vor allem in handwerklichen Betrieben des Kachelofen', ', Ofen', 'und Kaminbaus, auf Baustellen und in der Werkstatt. Ferner sind sie gesuchte Fachleute im einschlägigen Fachhandel und der herstellenden Industrie.']","['Entwerfen und Errichten von Kachelöfen und verputzten Öfen, Backöfen, handwerklich erstellten Herden und Kaminen, Planen, Erstellen und Montieren von Warmluftzentralheizungen, Be', 'und Entlüftungsanlagen, Elektrospeicherheizungen, Öl', ', Gas', 'und Feststoffbrennern, zentralen Heizöl', 'Versorgungsanlagen und Schornsteinen, Aufstellen von industriell gefertigten Feuerstätten und Anschließen an Schornsteine und Versorgungssysteme, Aufbauen von Flächenheizungen, insbesondere Hypokausten, Installieren von Heiz', 'und Kamineinsätzen mit Warmwasserwärmetauschern einschließlich der Regelungen, Planen und Steuern der Arbeitsabläufe, Kontrollieren und Beurteilen der Arbeitsergebnisse und Anwenden von Maßnahmen zur Qualitätssicherung, Montieren und Demontieren von Rohrleitungen, Kanälen und Komponenten von Ofen', 'und Luftheizungstechnischen Anlagen, Installieren und Prüfen elektrischer Baugruppen und Komponenten, Regel', ', Steuer', 'Sicherheits', 'und Überwachungseinrichtungen und Einstellen der Sollwerte, Prüfen, Einstellen und Inbetriebnahme von Ofen', 'und Luftheizungstechnischen Anlagen, Übernehmen von Kundendiensten und Durchführen von Inspektionen und Instandhaltungen, Beraten und Betreuen der Kunden über Produkte und Dienstleistungen des Betriebes unter Beachtung technologischer, ökologischer und ökonomischer Aspekte, Übergeben von Ofen', 'und Luftheizungstechnischen Anlagen und Systeme an Kunden und Einweisen in die Bedienung der Anlagen.']",https://www.bibb.de/dienst/berufesuche/de/index_berufesuche.php/profile/apprenticeship/n6435534,"Tätigkeitsfelder: Ofen, und Luftheizungsbauer/innen arbeiten vor allem in handwerklichen Betrieben des Kachelofen, , Ofen, und Kaminbaus, auf Baustellen und in der Werkstatt. Ferner sind sie gesuchte Fachleute im einschlägigen Fachhandel und der herstellenden Industrie.; Profil: Entwerfen und Errichten von Kachelöfen und verputzten Öfen, Backöfen, handwerklich erstellten Herden und Kaminen, Planen, Erstellen und Montieren von Warmluftzentralheizungen, Be, und Entlüftungsanlagen, Elektrospeicherheizungen, Öl, , Gas, und Feststoffbrennern, zentralen Heizöl, Versorgungsanlagen und Schornsteinen, Aufstellen von industriell gefertigten Feuerstätten und Anschließen an Schornsteine und Versorgungssysteme, Aufbauen von Flächenheizungen, insbesondere Hypokausten, Installieren von Heiz, und Kamineinsätzen mit Warmwasserwärmetauschern einschließlich der Regelungen, Planen und Steuern der Arbeitsabläufe, Kontrollieren und Beurteilen der Arbeitsergebnisse und Anwenden von Maßnahmen zur Qualitätssicherung, Montieren und Demontieren von Rohrleitungen, Kanälen und Komponenten von Ofen, und Luftheizungstechnischen Anlagen, Installieren und Prüfen elektrischer Baugruppen und Komponenten, Regel, , Steuer, Sicherheits, und Überwachungseinrichtungen und Einstellen der Sollwerte, Prüfen, Einstellen und Inbetriebnahme von Ofen, und Luftheizungstechnischen Anlagen, Übernehmen von Kundendiensten und Durchführen von Inspektionen und Instandhaltungen, Beraten und Betreuen der Kunden über Produkte und Dienstleistungen des Betriebes unter Beachtung technologischer, ökologischer und ökonomischer Aspekte, Übergeben von Ofen, und Luftheizungstechnischen Anlagen und Systeme an Kunden und Einweisen in die Bedienung der Anlagen.","['Ofen', 'Gas', 'und Feststoffbrennern zentralen Heizöl', 'Steuer', 'Sicherheits']",41.83096378161352,-77.97564309327004
54,,Gebäude- und versorgungstechnische Berufe,Sonstiges,36,"['Rohrleitungsbauer/Rohrleitungsbauerin sind vor allem in Tiefbauindustrieunternehmen aber auch bei Unternehmen der Energiegewinnung und', 'verteilung (Erdöl, Erdgas) bzw. der Energieversorgung (Gas, Wasser, Fernwärme) tätig.']","['Berechnen der erbrachten Leistung und Übergeben der geräumten Baustelle, Einsetzen von Geräten und Maschinen, Auf', 'und Abbauen von Arbeits', ', Schutz', 'und Traggerüsten und Einmessen von Bauwerken und Bauteilen, Durchführen von Aushubarbeiten, Verbauen von Baugruben und Gräben, Verfüllen und Verdichten der Bodenmassen und Anlegen von Böschungen, Durchführen der offenen und geschlossenen Wasserhaltung für Schichten', 'und Grundwasser, Bearbeiten der Druckrohre aus metallischen Werkstoffen und aus Kunststoffen, Einbauen und Ausrichten von Druckrohrleitungen sowie Armaturen und Formstücken aus unterschiedlichen Materialien für den Transport von flüssigen und gasförmigen Medien, Arbeiten an in Betrieb befindlichen Druckrohrleitungen für Gas, Wasser und Fernwärme, Herstellen von Hausanschlüssen, Schützen von Druckrohrleitungen vor Korrosion und chemischen Einflüssen, Prüfen und Desinfizieren von Rohrleitungen, Herstellen von Rohrleitungen in grabenloser Bauweise, Sanieren und Instandsetzen von Druckrohrleitungen, Herstellen von Kabelschächten und Auslegen von Kabeln sowie Kabelschutzrohren, Bauen von Schachtbauwerken aus Fertigteilen, Beton und Mauerwerk, Durchführen von angrenzenden Arbeiten zum Wiederherstellen des Straßenoberbaus, Durchführen von angrenzenden Arbeiten im Hochbau, Selbständiges Durchführen der Arbeiten auf der Grundlage von technischen Unterlagen und von Arbeitsaufträgen allein und in Kooperation mit anderen, Planen und Koordinieren der Arbeit, Abstimmen mit den am Bau Beteiligten, Einrichten von Baustellen, Ergreifen von Maßnahmen zur Sicherstellung des Arbeitsablaufes, zur Sicherheit und zum Gesundheitsschutz bei der Arbeit sowie zum Umweltschutz auf der Baustelle, Prüfen der Arbeiten auf fehlerfreie Ausführung, Dokumentieren der Arbeiten, Durchführen von qualitätssichernden Maßnahmen.']",https://www.bibb.de/dienst/berufesuche/de/index_berufesuche.php/profile/apprenticeship/2632101,"Tätigkeitsfelder: Rohrleitungsbauer/Rohrleitungsbauerin sind vor allem in Tiefbauindustrieunternehmen aber auch bei Unternehmen der Energiegewinnung und, verteilung (Erdöl, Erdgas) bzw. der Energieversorgung (Gas, Wasser, Fernwärme) tätig.; Profil: Berechnen der erbrachten Leistung und Übergeben der geräumten Baustelle, Einsetzen von Geräten und Maschinen, Auf, und Abbauen von Arbeits, , Schutz, und Traggerüsten und Einmessen von Bauwerken und Bauteilen, Durchführen von Aushubarbeiten, Verbauen von Baugruben und Gräben, Verfüllen und Verdichten der Bodenmassen und Anlegen von Böschungen, Durchführen der offenen und geschlossenen Wasserhaltung für Schichten, und Grundwasser, Bearbeiten der Druckrohre aus metallischen Werkstoffen und aus Kunststoffen, Einbauen und Ausrichten von Druckrohrleitungen sowie Armaturen und Formstücken aus unterschiedlichen Materialien für den Transport von flüssigen und gasförmigen Medien, Arbeiten an in Betrieb befindlichen Druckrohrleitungen für Gas, Wasser und Fernwärme, Herstellen von Hausanschlüssen, Schützen von Druckrohrleitungen vor Korrosion und chemischen Einflüssen, Prüfen und Desinfizieren von Rohrleitungen, Herstellen von Rohrleitungen in grabenloser Bauweise, Sanieren und Instandsetzen von Druckrohrleitungen, Herstellen von Kabelschächten und Auslegen von Kabeln sowie Kabelschutzrohren, Bauen von Schachtbauwerken aus Fertigteilen, Beton und Mauerwerk, Durchführen von angrenzenden Arbeiten zum Wiederherstellen des Straßenoberbaus, Durchführen von angrenzenden Arbeiten im Hochbau, Selbständiges Durchführen der Arbeiten auf der Grundlage von technischen Unterlagen und von Arbeitsaufträgen allein und in Kooperation mit anderen, Planen und Koordinieren der Arbeit, Abstimmen mit den am Bau Beteiligten, Einrichten von Baustellen, Ergreifen von Maßnahmen zur Sicherstellung des Arbeitsablaufes, zur Sicherheit und zum Gesundheitsschutz bei der Arbeit sowie zum Umweltschutz auf der Baustelle, Prüfen der Arbeiten auf fehlerfreie Ausführung, Dokumentieren der Arbeiten, Durchführen von qualitätssichernden Maßnahmen.","['und Abbauen von Arbeits', 'Schutz']",283.4552640592757,-300.93066073354913
55,,Gebäude- und versorgungstechnische Berufe,Sonstiges,36,"['Umwelttechnologen für Abwasserbewirtschaftung/Umwelttechnologinnen für Abwasserbewirtschaftung arbeiten im Bereich von Entwässerungssystemen und Regenwasserbewirtschaftung sowie der Abwasser', 'und Klärschlammbehandlung. Sie sind auf kommunalen und industriellen Kläranlagen und in Kanalbetrieben im Bereich der Kritischen Infrastruktur tätig. Sie gewährleisten den nachhaltigen und energieeffizienten Betrieb von kommunalen und industriellen Kläranlagen.']","['Nachhaltiges Betreiben und Unterhalten von Entwässerungssystemen, nachhaltiges Betreiben und Unterhalten von Regenwasserbewirtschaftungssystemen, nachhaltiges Betreiben und Unterhalten von Abwasseranlagen, Behandeln und Verwerten von Klärschlamm, Wertstoffen und Abfällen aus Abwasseranlagen, nachhaltiges Gewinnen von Energie und effizientes Steuern des Einsatzes von Energie, Durchführen der Probenahme, Untersuchen und Beurteilen von Abwasser, Schlamm und Gasen sowie Einleiten von Maßnahmen, Durchführen und Beurteilen von Mess', ', Steuer', 'und Regelprozessen, Bedienen und Instandhalten elektrischer Anlagen, Erstellen und Anwenden von Unterlagen, Durchführen von qualitätssichernden Maßnahmen, Herstellen und Trennen von Stoffgemischen, Beurteilen von ökologischen Kreisläufen und Anwenden von Hygienemaßnahmen, Lagern, Bearbeiten und nachhaltiges Anwenden von Werk', ', Hilfs', 'und Gefahrstoffen, Erkennen von elektrischen Gefahren und Einleiten von Maßnahmen, Auswählen und Handhaben von Werkzeugen und Maschinen, Betreiben von technischen Systemen, Kommunizieren mit Kundinnen und Kunden sowie im Team und, Umsetzen von Sicherheitsvorschriften und Betriebsanweisungen.']",https://www.bibb.de/dienst/berufesuche/de/index_berufesuche.php/profile/apprenticeship/fkabw23,"Tätigkeitsfelder: Umwelttechnologen für Abwasserbewirtschaftung/Umwelttechnologinnen für Abwasserbewirtschaftung arbeiten im Bereich von Entwässerungssystemen und Regenwasserbewirtschaftung sowie der Abwasser, und Klärschlammbehandlung. Sie sind auf kommunalen und industriellen Kläranlagen und in Kanalbetrieben im Bereich der Kritischen Infrastruktur tätig. Sie gewährleisten den nachhaltigen und energieeffizienten Betrieb von kommunalen und industriellen Kläranlagen.; Profil: Nachhaltiges Betreiben und Unterhalten von Entwässerungssystemen, nachhaltiges Betreiben und Unterhalten von Regenwasserbewirtschaftungssystemen, nachhaltiges Betreiben und Unterhalten von Abwasseranlagen, Behandeln und Verwerten von Klärschlamm, Wertstoffen und Abfällen aus Abwasseranlagen, nachhaltiges Gewinnen von Energie und effizientes Steuern des Einsatzes von Energie, Durchführen der Probenahme, Untersuchen und Beurteilen von Abwasser, Schlamm und Gasen sowie Einleiten von Maßnahmen, Durchführen und Beurteilen von Mess, , Steuer, und Regelprozessen, Bedienen und Instandhalten elektrischer Anlagen, Erstellen und Anwenden von Unterlagen, Durchführen von qualitätssichernden Maßnahmen, Herstellen und Trennen von Stoffgemischen, Beurteilen von ökologischen Kreisläufen und Anwenden von Hygienemaßnahmen, Lagern, Bearbeiten und nachhaltiges Anwenden von Werk, , Hilfs, und Gefahrstoffen, Erkennen von elektrischen Gefahren und Einleiten von Maßnahmen, Auswählen und Handhaben von Werkzeugen und Maschinen, Betreiben von technischen Systemen, Kommunizieren mit Kundinnen und Kunden sowie im Team und, Umsetzen von Sicherheitsvorschriften und Betriebsanweisungen.","['Steuer', 'Hilfs']",166.8031205061325,-91.760345927174
56,,Gebäude- und versorgungstechnische Berufe,Sonstiges,36,"['Umwelttechnologen für Kreislauf', 'und Abfallwirtschaft / Umwelttechnologinnen für Kreislauf', 'und Abfallwirtschaft arbeiten in kommunalen, privatwirtschaftlichen und industriellen Unternehmen im Bereich der nachhaltigen Entsorgung, Verwertung und Beseitigung. Diese Unternehmen sind Teil der Kritischen Infrastruktur und stellen eine nachhaltige Kreislaufwirtschaft sicher.']","['Beraten von Kundinnen und Kunden und Erstellen von Angeboten, Zuführen von Abfällen und Wertstoffen zu Kreislaufsystemen unter Aspekten der Nachhaltigkeit, Beurteilen von und Arbeiten mit gefährlichen Gütern, Stoffen und Abfällen, Bedienen von Anlagen, Überwachen und Beurteilen von Mess', ', Steuer', 'und Regelprozessen, Planen und Durchführen von Instandhaltungsmaßnahmen, Abwickeln logistischer Prozesse, Erstellen und Anwenden von Unterlagen, Durchführen von qualitätssichernden Maßnahmen, Herstellen und Trennen von Stoffgemischen, Beurteilen von ökologischen Kreisläufen und Anwenden von Hygienemaßnahmen, Lagern, Bearbeiten und nachhaltiges Anwenden von Werk', ', Hilfs', 'und Gefahrstoffen, Erkennen von elektrischen Gefahren und Einleiten von Maßnahmen, Auswählen und Handhaben von Werkzeugen und Maschinen, Betreiben von technischen Systemen, Kommunizieren mit Kundinnen und Kunden sowie im Team und, Umsetzen von Sicherheitsvorschriften und Betriebsanweisungen.']",https://www.bibb.de/dienst/berufesuche/de/index_berufesuche.php/profile/apprenticeship/fkkrab23,"Tätigkeitsfelder: Umwelttechnologen für Kreislauf, und Abfallwirtschaft / Umwelttechnologinnen für Kreislauf, und Abfallwirtschaft arbeiten in kommunalen, privatwirtschaftlichen und industriellen Unternehmen im Bereich der nachhaltigen Entsorgung, Verwertung und Beseitigung. Diese Unternehmen sind Teil der Kritischen Infrastruktur und stellen eine nachhaltige Kreislaufwirtschaft sicher.; Profil: Beraten von Kundinnen und Kunden und Erstellen von Angeboten, Zuführen von Abfällen und Wertstoffen zu Kreislaufsystemen unter Aspekten der Nachhaltigkeit, Beurteilen von und Arbeiten mit gefährlichen Gütern, Stoffen und Abfällen, Bedienen von Anlagen, Überwachen und Beurteilen von Mess, , Steuer, und Regelprozessen, Planen und Durchführen von Instandhaltungsmaßnahmen, Abwickeln logistischer Prozesse, Erstellen und Anwenden von Unterlagen, Durchführen von qualitätssichernden Maßnahmen, Herstellen und Trennen von Stoffgemischen, Beurteilen von ökologischen Kreisläufen und Anwenden von Hygienemaßnahmen, Lagern, Bearbeiten und nachhaltiges Anwenden von Werk, , Hilfs, und Gefahrstoffen, Erkennen von elektrischen Gefahren und Einleiten von Maßnahmen, Auswählen und Handhaben von Werkzeugen und Maschinen, Betreiben von technischen Systemen, Kommunizieren mit Kundinnen und Kunden sowie im Team und, Umsetzen von Sicherheitsvorschriften und Betriebsanweisungen.","['Umwelttechnologen für Kreislauf', 'Steuer', 'Hilfs']",192.5725870145348,-86.22801455037556
57,,Gebäude- und versorgungstechnische Berufe,Sonstiges,36,"['Umwelttechnologen / Umwelttechnologinnen für Rohrleitungsnetze und Industrieanlagen arbeiten im privaten, öffentlichen und industriellen Bereich als Teil der Kritischen Infrastruktur. Im Schwerpunkt Rohrleitungsnetze sind sie in Unternehmen des Rohr', 'und Kanalservices und bei kommunalen Netzbetreibern beschäftigt und stellen den nachhaltigen Betrieb von unterschiedlichen Rohrleitungsnetzen sicher. Im Schwerpunkt Industrieanlagen sind sie in Unternehmen des Industrieservice tätig. Sie sichern mit ihren Dienstleistungen effiziente und umweltschonende Produktionsabläufe in Industrieunternehmen.']","['Einrichten, Sichern und Räumen des Arbeitsplatzes und des Arbeitsumfeldes, Bedienen und Warten von Maschinen und Geräten, Reinigen von Rohrleitungen und Anlagen sowie Aufnehmen von Stoffen und Abfällen, Prüfen von Rohrleitungen und Anlagen, Inspizieren von Rohrleitungen und Anlagen, Durchführen von Instandsetzungsmaßnahmen an Rohrleitungen und Anlagen, Erstellen und Anwenden von Unterlagen, Durchführen von qualitätssichernden Maßnahmen, Herstellen und Trennen von Stoffgemischen, Beurteilen von ökologischen Kreisläufen und Anwenden von Hygienemaßnahmen, Lagern, Bearbeiten und nachhaltiges Anwenden von Werk', ', Hilfs', 'und Gefahrstoffen, Erkennen von elektrischen Gefahren und Einleiten von Maßnahmen, Auswählen und Handhaben von Werkzeugen und Maschinen, Betreiben von technischen Systemen, Kommunizieren mit Kundinnen und Kunden sowie im Team und, Umsetzen von Sicherheitsvorschriften und Betriebsanweisungen.']",https://www.bibb.de/dienst/berufesuche/de/index_berufesuche.php/profile/apprenticeship/fkrki23,"Tätigkeitsfelder: Umwelttechnologen / Umwelttechnologinnen für Rohrleitungsnetze und Industrieanlagen arbeiten im privaten, öffentlichen und industriellen Bereich als Teil der Kritischen Infrastruktur. Im Schwerpunkt Rohrleitungsnetze sind sie in Unternehmen des Rohr, und Kanalservices und bei kommunalen Netzbetreibern beschäftigt und stellen den nachhaltigen Betrieb von unterschiedlichen Rohrleitungsnetzen sicher. Im Schwerpunkt Industrieanlagen sind sie in Unternehmen des Industrieservice tätig. Sie sichern mit ihren Dienstleistungen effiziente und umweltschonende Produktionsabläufe in Industrieunternehmen.; Profil: Einrichten, Sichern und Räumen des Arbeitsplatzes und des Arbeitsumfeldes, Bedienen und Warten von Maschinen und Geräten, Reinigen von Rohrleitungen und Anlagen sowie Aufnehmen von Stoffen und Abfällen, Prüfen von Rohrleitungen und Anlagen, Inspizieren von Rohrleitungen und Anlagen, Durchführen von Instandsetzungsmaßnahmen an Rohrleitungen und Anlagen, Erstellen und Anwenden von Unterlagen, Durchführen von qualitätssichernden Maßnahmen, Herstellen und Trennen von Stoffgemischen, Beurteilen von ökologischen Kreisläufen und Anwenden von Hygienemaßnahmen, Lagern, Bearbeiten und nachhaltiges Anwenden von Werk, , Hilfs, und Gefahrstoffen, Erkennen von elektrischen Gefahren und Einleiten von Maßnahmen, Auswählen und Handhaben von Werkzeugen und Maschinen, Betreiben von technischen Systemen, Kommunizieren mit Kundinnen und Kunden sowie im Team und, Umsetzen von Sicherheitsvorschriften und Betriebsanweisungen.",['Hilfs'],164.28796381148732,-109.7000858228901
58,,Gebäude- und versorgungstechnische Berufe,Sonstiges,36,['Umwelttechnologen für Wasserversorgung/Umwelttechnologinnen für Wasserversorgung arbeiten in kommunalen und privatwirtschaftlichen Versorgungsunternehmen sowie in industriellen Betrieben. Sie arbeiten im Bereich der Kritischen Infrastruktur und stellen die nachhaltige Versorgung mit Trinkwasser unter der Beachtung der hygienischen Anforderungen sicher.'],"['Nachhaltiges Bewirtschaften von Wasserressourcen und Durchführen von Maßnahmen zur Absicherung von Wasserschutzgebieten, Prüfen von Wasserbeschaffenheit, Durchführen von Wasseraufbereitung und Sicherstellen von Trinkwasserqualität,, Sicherstellen von Wasserförderung,', 'speicherung und', 'verteilung,, Durchführen und Beurteilen von Mess', ', Steuer', 'und Regelprozessen,, Bedienen und Instandhalten elektrischer Anlagen, Beurteilen von Kundenanlagen und Sicherstellen von Trinkwasserschutz., Erstellen und Anwenden von Unterlagen, Durchführen von qualitätssichernden Maßnahmen, Herstellen und Trennen von Stoffgemischen, Beurteilen von ökologischen Kreisläufen und Anwenden von Hygienemaßnahmen, Lagern, Bearbeiten und nachhaltiges Anwenden von Werk', ', Hilfs', 'und Gefahrstoffen, Erkennen von elektrischen Gefahren und Einleiten von Maßnahmen, Auswählen und Handhaben von Werkzeugen und Maschinen, Betreiben von technischen Systemen, Kommunizieren mit Kundinnen und Kunden sowie im Team und, Umsetzen von Sicherheitsvorschriften und Betriebsanweisungen.']",https://www.bibb.de/dienst/berufesuche/de/index_berufesuche.php/profile/apprenticeship/fkwa23,"Tätigkeitsfelder: Umwelttechnologen für Wasserversorgung/Umwelttechnologinnen für Wasserversorgung arbeiten in kommunalen und privatwirtschaftlichen Versorgungsunternehmen sowie in industriellen Betrieben. Sie arbeiten im Bereich der Kritischen Infrastruktur und stellen die nachhaltige Versorgung mit Trinkwasser unter der Beachtung der hygienischen Anforderungen sicher.; Profil: Nachhaltiges Bewirtschaften von Wasserressourcen und Durchführen von Maßnahmen zur Absicherung von Wasserschutzgebieten, Prüfen von Wasserbeschaffenheit, Durchführen von Wasseraufbereitung und Sicherstellen von Trinkwasserqualität,, Sicherstellen von Wasserförderung,, speicherung und, verteilung,, Durchführen und Beurteilen von Mess, , Steuer, und Regelprozessen,, Bedienen und Instandhalten elektrischer Anlagen, Beurteilen von Kundenanlagen und Sicherstellen von Trinkwasserschutz., Erstellen und Anwenden von Unterlagen, Durchführen von qualitätssichernden Maßnahmen, Herstellen und Trennen von Stoffgemischen, Beurteilen von ökologischen Kreisläufen und Anwenden von Hygienemaßnahmen, Lagern, Bearbeiten und nachhaltiges Anwenden von Werk, , Hilfs, und Gefahrstoffen, Erkennen von elektrischen Gefahren und Einleiten von Maßnahmen, Auswählen und Handhaben von Werkzeugen und Maschinen, Betreiben von technischen Systemen, Kommunizieren mit Kundinnen und Kunden sowie im Team und, Umsetzen von Sicherheitsvorschriften und Betriebsanweisungen.","['speicherung und', 'verteilung Durchführen und Beurteilen von Mess', 'Steuer', 'Hilfs']",210.09561689831966,-96.5481819189513
59,,"Geologie-, Geografie- und Umweltschutzberufe",Natur & Umwelt,36,['Schornsteinfeger/Schornsteinfegerinnen arbeiten in Betrieben des Schornsteinfegerhandwerks.'],"['Anwenden von schornsteinfegerrechtlichen Regelungen sowie sonstigen einschlägigen Regelungen, kundenorientiertes Planen und Durchführen von Aufträgen, brandschutztechnisches Beurteilen, baurechtliches Beurteilen sowie energetisches Beurteilen von Baustoffen, von Bauteilen sowie von Bauwerkskonstruktionen, brandschutztechnisches Beurteilen, baurechtliches Beurteilen sowie energetisches Beurteilen von baulichen Anlagen sowie von technischen Anlagen und sowie Systemen, Überwachen der Betriebssicherheit sowie der Brandsicherheit von technischen Anlagen sowie Systemen, Prüfen und Bewerten von Energieträgern sowie Gefahr', 'und Hilfsstoffen, Überprüfen sowie Reinigen oder Kehren von Abgasanlagen, von Abgassystemen, von Wärmeerzeugungsanlagen sowie von Energieerzeugungsanlagen, Überprüfen und Reinigen von Lüftungssystemen sowie von Dunstabzugssystemen, Feststellen, Beurteilen und Dokumentieren der Energieeffizienz sowie der Umwelt', 'und Klimaeinwirkungen von Wärmeerzeugungsanlagen sowie von Energieerzeugungsanlagen, Prüfen der Steuerungstechnik, der Regelungstechnik sowie der Sicherheitstechnik von technischen Anlagen sowie Systemen sowie Optimieren von Einstellungen, Feststellen, Beurteilen sowie Dokumentieren von Mängeln sowie von Funktionsstörungen an technischen Anlagen sowie Systemen sowie baulichen Anlagen', 'Feststellen, Beurteilen sowie Dokumentieren von unsachgemäßem Nutzungsverhalten', 'Einleiten notwendiger Sofortmaßnahmen zur Gefahrenabwehr, Durchführen von Maßnahmen zur Optimierung der Betriebssicherheit sowie der Brandsicherheit, der Raumluftqualität sowie der Energieeffizienz, Planen sowie Umsetzen von Maßnahmen zur Sicherstellung des Brandschutzes in Gebäuden, Beurteilen von Maßnahmen zur Steigerung der Energieeffizienz, Beraten von Kundinnen und Kunden,, Kommunizieren mit und Informieren von Kundinnen und Kunden und, Durchführen von qualitätssichernden Maßnahmen.']",https://www.bibb.de/dienst/berufesuche/de/index_berufesuche.php/profile/apprenticeship/schorn25,"Tätigkeitsfelder: Schornsteinfeger/Schornsteinfegerinnen arbeiten in Betrieben des Schornsteinfegerhandwerks.; Profil: Anwenden von schornsteinfegerrechtlichen Regelungen sowie sonstigen einschlägigen Regelungen, kundenorientiertes Planen und Durchführen von Aufträgen, brandschutztechnisches Beurteilen, baurechtliches Beurteilen sowie energetisches Beurteilen von Baustoffen, von Bauteilen sowie von Bauwerkskonstruktionen, brandschutztechnisches Beurteilen, baurechtliches Beurteilen sowie energetisches Beurteilen von baulichen Anlagen sowie von technischen Anlagen und sowie Systemen, Überwachen der Betriebssicherheit sowie der Brandsicherheit von technischen Anlagen sowie Systemen, Prüfen und Bewerten von Energieträgern sowie Gefahr, und Hilfsstoffen, Überprüfen sowie Reinigen oder Kehren von Abgasanlagen, von Abgassystemen, von Wärmeerzeugungsanlagen sowie von Energieerzeugungsanlagen, Überprüfen und Reinigen von Lüftungssystemen sowie von Dunstabzugssystemen, Feststellen, Beurteilen und Dokumentieren der Energieeffizienz sowie der Umwelt, und Klimaeinwirkungen von Wärmeerzeugungsanlagen sowie von Energieerzeugungsanlagen, Prüfen der Steuerungstechnik, der Regelungstechnik sowie der Sicherheitstechnik von technischen Anlagen sowie Systemen sowie Optimieren von Einstellungen, Feststellen, Beurteilen sowie Dokumentieren von Mängeln sowie von Funktionsstörungen an technischen Anlagen sowie Systemen sowie baulichen Anlagen, Feststellen, Beurteilen sowie Dokumentieren von unsachgemäßem Nutzungsverhalten, Einleiten notwendiger Sofortmaßnahmen zur Gefahrenabwehr, Durchführen von Maßnahmen zur Optimierung der Betriebssicherheit sowie der Brandsicherheit, der Raumluftqualität sowie der Energieeffizienz, Planen sowie Umsetzen von Maßnahmen zur Sicherstellung des Brandschutzes in Gebäuden, Beurteilen von Maßnahmen zur Steigerung der Energieeffizienz, Beraten von Kundinnen und Kunden,, Kommunizieren mit und Informieren von Kundinnen und Kunden und, Durchführen von qualitätssichernden Maßnahmen.",[],30.66066778539531,-26.24645266283811
60,,Hoch- und Tiefbauberufe,Bau & Handwerk,36,[],[],https://www.bibb.de/dienst/berufesuche/de/index_berufesuche.php/profile/apprenticeship/4823201,,[],-362.29674520471417,191.99426007981612
61,,Hoch- und Tiefbauberufe,Bau & Handwerk,36,"['Bauwerksmechaniker/', 'innen für Abbruch und Betontrenntechnik sind vor allem für Betriebe des Bauhauptgewerbes tätig. Sie arbeiten z.B. bei Abbruchunternehmen, Unternehmen für die Entkernung von Gebäuden oder in Betonbohr', 'und Betonsägebetrieben.']","['Bauwerksmechaniker/', 'innen für Abbruch und Betontrenntechnik sind auf die Durchführung von Abbruch', 'und Rückbaumaßnahmen sowie Betontrennungen spezialisiert. Dabei achten sie streng auf Schutz', 'und Sicherheitsmaßnahmen. Sie entfernen Gebäude und Bauwerke mit den geeigneten Baumaschinen und', 'geräten. Zu ihren Aufgaben gehört auch das Ausführen von Bohr', 'und Trennverfahren mit Maschinen und Werkzeugen sowie von thermischen Trennverfahren. Sie trennen, lagern und entsorgen Abbruchmaterialien fachgerecht . Darüber hinaus führen sie Baumaschinen,', 'geräte und', 'fahrzeuge und halten sie instand. Des Weiteren beherrschen sie das Herstellen von Bauteilen aus Beton und Stahlbeton sowie von Baukörpern aus Steinen. Insgesamt tragen Bauwerksmechaniker/', 'innen für Abbruch', 'und Betontrenntechnik durch ihre Fachkenntnisse, ihre Fähigkeiten im Umgang mit Baumaschinen und die Einhaltung von Sicherheitsstandards maßgeblich dazu bei, Abbruch', 'und Trennarbeiten sicher, effizient und umweltverträglich durchzuführen. In der Ausbildung lernen sie, Aufträge zu übernehmen, die Arbeiten zu planen, Baustellen einzurichten und zu unterhalten, Baustoffe auszuwählen und zu verarbeiten, Zeichnungen zu erstellen, Messungen durchzuführen, Untergründe zu prüfen, Maschinen und Anlagen einzusetzen und qualitätssichernde Maßnahmen durchzuführen']",https://www.bibb.de/dienst/berufesuche/de/index_berufesuche.php/profile/apprenticeship/gpx669,"Tätigkeitsfelder: Bauwerksmechaniker/, innen für Abbruch und Betontrenntechnik sind vor allem für Betriebe des Bauhauptgewerbes tätig. Sie arbeiten z.B. bei Abbruchunternehmen, Unternehmen für die Entkernung von Gebäuden oder in Betonbohr, und Betonsägebetrieben.; Profil: Bauwerksmechaniker/, innen für Abbruch und Betontrenntechnik sind auf die Durchführung von Abbruch, und Rückbaumaßnahmen sowie Betontrennungen spezialisiert. Dabei achten sie streng auf Schutz, und Sicherheitsmaßnahmen. Sie entfernen Gebäude und Bauwerke mit den geeigneten Baumaschinen und, geräten. Zu ihren Aufgaben gehört auch das Ausführen von Bohr, und Trennverfahren mit Maschinen und Werkzeugen sowie von thermischen Trennverfahren. Sie trennen, lagern und entsorgen Abbruchmaterialien fachgerecht . Darüber hinaus führen sie Baumaschinen,, geräte und, fahrzeuge und halten sie instand. Des Weiteren beherrschen sie das Herstellen von Bauteilen aus Beton und Stahlbeton sowie von Baukörpern aus Steinen. Insgesamt tragen Bauwerksmechaniker/, innen für Abbruch, und Betontrenntechnik durch ihre Fachkenntnisse, ihre Fähigkeiten im Umgang mit Baumaschinen und die Einhaltung von Sicherheitsstandards maßgeblich dazu bei, Abbruch, und Trennarbeiten sicher, effizient und umweltverträglich durchzuführen. In der Ausbildung lernen sie, Aufträge zu übernehmen, die Arbeiten zu planen, Baustellen einzurichten und zu unterhalten, Baustoffe auszuwählen und zu verarbeiten, Zeichnungen zu erstellen, Messungen durchzuführen, Untergründe zu prüfen, Maschinen und Anlagen einzusetzen und qualitätssichernde Maßnahmen durchzuführen","['Bauwerksmechaniker/', 'und Betonsägebetrieben', 'geräte und', 'innen für Abbruch']",-183.00794268012268,43.637183832622846
62,,Hoch- und Tiefbauberufe,Bau & Handwerk,36,"['Beton', 'und Stahlbetonbauer/', 'innen arbeiten in Baubetrieben im Hochbau oder Fertigteilbau, z.B. für den Wohnungs', ', Büro', ', Verwaltungs', ', Gewerbe', 'und Industrie', 'sowie Infrastrukturbau. Sie können auch in Betrieben für Beton', 'und Fertigteilherstellung beschäftigt sein.']","['Beton', 'und Stahlbetonbauer/', 'innen übernehmen Aufgaben im Bereich der Beton', 'und Stahlbetonkonstruktionen, zum Beispiel das Herstellen von Rahmen', ', Großflächen', 'und Sonderschalungen für Fundamente, Stützen, Balken, Wände und Decken. Sie bauen Schalungen auf, versteifen und spannen sie ab, und fertigen Schalungen für sichtbaren Beton, konische Formen, Stützenköpfe, Podeste sowie gerade und gewendelte Treppenläufe an, auch unter Verwendung von Systemschalungen. Zudem stellen sie Bewehrungen her. Das Fördern, Einbringen, Verdichten und Nachbehandeln von Beton gehört ebenso zu ihren Aufgaben wie das Bearbeiten der Betonoberfläche von Hand oder mit Maschinen, um eine gleichmäßige Oberfläche zu erzielen. Sie bearbeiten Betonoberflächen auch nach gestalterischen Gesichtspunkten. Zusätzlich zu ihrer Hauptaufgabe sind Beton', 'innen auch für die Herstellung von Baukörpern aus Steinen sowie für Energieeffizienzmaßnahmen und Maßnahmen zum Schall', 'und Brandschutz zuständig. Darüber hinaus prüfen sie Betonoberflächen auf Schäden und führen Instandhaltungs', 'und Sanierungsarbeiten an Beton', 'und Stahlbetonbauteilen durch. In der Ausbildung lernen sie, Aufträge zu übernehmen, die Arbeiten zu planen, Baustellen einzurichten und zu unterhalten, Baustoffe auszuwählen und zu verarbeiten, Zeichnungen zu erstellen, Messungen durchzuführen, Untergründe zu prüfen, Maschinen und Anlagen einzusetzen und qualitätssichernde Maßnahmen durchzuführen']",https://www.bibb.de/dienst/berufesuche/de/index_berufesuche.php/profile/apprenticeship/nbv123,"Tätigkeitsfelder: Beton, und Stahlbetonbauer/, innen arbeiten in Baubetrieben im Hochbau oder Fertigteilbau, z.B. für den Wohnungs, , Büro, , Verwaltungs, , Gewerbe, und Industrie, sowie Infrastrukturbau. Sie können auch in Betrieben für Beton, und Fertigteilherstellung beschäftigt sein.; Profil: Beton, und Stahlbetonbauer/, innen übernehmen Aufgaben im Bereich der Beton, und Stahlbetonkonstruktionen, zum Beispiel das Herstellen von Rahmen, , Großflächen, und Sonderschalungen für Fundamente, Stützen, Balken, Wände und Decken. Sie bauen Schalungen auf, versteifen und spannen sie ab, und fertigen Schalungen für sichtbaren Beton, konische Formen, Stützenköpfe, Podeste sowie gerade und gewendelte Treppenläufe an, auch unter Verwendung von Systemschalungen. Zudem stellen sie Bewehrungen her. Das Fördern, Einbringen, Verdichten und Nachbehandeln von Beton gehört ebenso zu ihren Aufgaben wie das Bearbeiten der Betonoberfläche von Hand oder mit Maschinen, um eine gleichmäßige Oberfläche zu erzielen. Sie bearbeiten Betonoberflächen auch nach gestalterischen Gesichtspunkten. Zusätzlich zu ihrer Hauptaufgabe sind Beton, innen auch für die Herstellung von Baukörpern aus Steinen sowie für Energieeffizienzmaßnahmen und Maßnahmen zum Schall, und Brandschutz zuständig. Darüber hinaus prüfen sie Betonoberflächen auf Schäden und führen Instandhaltungs, und Sanierungsarbeiten an Beton, und Stahlbetonbauteilen durch. In der Ausbildung lernen sie, Aufträge zu übernehmen, die Arbeiten zu planen, Baustellen einzurichten und zu unterhalten, Baustoffe auszuwählen und zu verarbeiten, Zeichnungen zu erstellen, Messungen durchzuführen, Untergründe zu prüfen, Maschinen und Anlagen einzusetzen und qualitätssichernde Maßnahmen durchzuführen","['Beton', 'und Stahlbetonbauer/', 'Büro', 'Verwaltungs', 'Gewerbe', 'und Industrie', 'und Fertigteilherstellung beschäftigt sein', 'innen übernehmen Aufgaben im Bereich der Beton', 'Großflächen', 'und Sanierungsarbeiten an Beton']",-187.5276199206462,26.041719992671055
63,,Hoch- und Tiefbauberufe,Bau & Handwerk,36,"['Brunnenbauer/', 'innen sind in Brunnenbaubetrieben und in anderen Tiefbaubetrieben des Bauhauptgewerbes, z. B. im Baugrundaufschluss, in der Geothermie und im Spezialtiefbau, beschäftigt.']","['Brunnenbauer/', 'innen errichten Brunnen sowie geothermische Anlagen und halten diese instand. Zu ihren Aufgaben gehören das Herstellen von vertikalen und horizontalen Bohrungen, um Wasserquellen zu erschließen oder geothermische Energie zu nutzen. Sie bauen Bohrungen zu Brunnen, Grundwassermessstellen und geothermischen Anlagen aus und errichten Abschlussbauwerke. Zudem installieren sie Wasserförder', ', Wasserversorgungs', 'und Wasseraufbereitungsanlagen, um eine sichere Wasserversorgung zu gewährleisten. Brunnenbauer/', 'innen führen auch Arbeiten wie das Herstellen von Baugruben und Gräben, Verbauarbeiten und Wasserhaltungen durch und untersuchen den Baugrund. Darüber hinaus sind sie für die Instandhaltung, Sanierung und den Rückbau von Brunnen und geothermischen Anlagen verantwortlich. In der Ausbildung lernen sie, Aufträge zu übernehmen, die Arbeiten zu planen, Baustellen einzurichten und zu unterhalten, Baustoffe auszuwählen und zu verarbeiten, Zeichnungen zu erstellen, Messungen durchzuführen, Untergründe zu prüfen, Maschinen und Anlagen einzusetzen und qualitätssichernde Maßnahmen durchzuführen.']",https://www.bibb.de/dienst/berufesuche/de/index_berufesuche.php/profile/apprenticeship/37xp9,"Tätigkeitsfelder: Brunnenbauer/, innen sind in Brunnenbaubetrieben und in anderen Tiefbaubetrieben des Bauhauptgewerbes, z. B. im Baugrundaufschluss, in der Geothermie und im Spezialtiefbau, beschäftigt.; Profil: Brunnenbauer/, innen errichten Brunnen sowie geothermische Anlagen und halten diese instand. Zu ihren Aufgaben gehören das Herstellen von vertikalen und horizontalen Bohrungen, um Wasserquellen zu erschließen oder geothermische Energie zu nutzen. Sie bauen Bohrungen zu Brunnen, Grundwassermessstellen und geothermischen Anlagen aus und errichten Abschlussbauwerke. Zudem installieren sie Wasserförder, , Wasserversorgungs, und Wasseraufbereitungsanlagen, um eine sichere Wasserversorgung zu gewährleisten. Brunnenbauer/, innen führen auch Arbeiten wie das Herstellen von Baugruben und Gräben, Verbauarbeiten und Wasserhaltungen durch und untersuchen den Baugrund. Darüber hinaus sind sie für die Instandhaltung, Sanierung und den Rückbau von Brunnen und geothermischen Anlagen verantwortlich. In der Ausbildung lernen sie, Aufträge zu übernehmen, die Arbeiten zu planen, Baustellen einzurichten und zu unterhalten, Baustoffe auszuwählen und zu verarbeiten, Zeichnungen zu erstellen, Messungen durchzuführen, Untergründe zu prüfen, Maschinen und Anlagen einzusetzen und qualitätssichernde Maßnahmen durchzuführen.","['Brunnenbauer/', 'Wasserversorgungs']",-257.4638826767387,72.6547538637509
64,,Hoch- und Tiefbauberufe,Bau & Handwerk,36,"['Sie arbeiten in Fachbetrieben für Fassadenbau oder zum Beispiel in Spezialbauabteilungen von Dachdeckereien, Metallbaubetrieben, Glasereien und dergleichen sowie in weiteren Industriebaubetrieben bzw. Betrieben des Baugewerbes.']","['Bekleiden von Bauwerken mit vorgehängten hinterlüfteten großformatigen Fassadenelementen insbesondere aus Metall, Faserzement, Keramik, Glas und Naturstein sowie aus Holzwerkstoffen und Kunststoffen, Herstellen von Dämmschichten sowie Abdichtungs', ', Schutz', 'und Trennschichten, Herstellen und Verankern von Unterkonstruktionen, Verbinden und Befestigen von Fassadenelementen und Einbauteilen, Errichten von Blitzschutzanlagen für den äußeren Blitzschutz im Rahmen ihres Arbeitsgebietes, Feststellen von Schäden im Zusammenhang mit Instandsetzungs', 'und Sanierungsarbeiten, Ermitteln der Ursachen und Durchführen von Instandsetzungs', 'und Sanierungsarbeiten, Durchführen von angrenzenden Arbeiten an Baukörpern aus Steinen, aus Beton und Stahlbeton sowie an Holzbauteilen, Einrichten von Baustellen, Prüfen der Arbeiten auf fehlerfreie Ausführung und Dokumentieren der erbrachten Leistungen, Aufstellen und Bedienen von Leitern, Schutz', ', Arbeits', 'und Traggerüsten sowie Krane und Bauaufzüge, Prüfen, Transportieren und Lagern von Baustoffen und Bauteilen für den Fassadenbau, Einmessen von Bauwerken und Bauteilen mit unterschiedlichen Messinstrumenten, Kontrollieren der Einbaubedingungen zur Vorbereitung der Montage und Ausbessern der Montageuntergründe, Bearbeiten von Baustoffen und Bauteilen für den Fassadenbau und Behandeln deren Oberflächen, Selbständiges Durchführen der Arbeiten auf der Grundlage von technischen Unterlagen und von Arbeitsaufträgen allein und in Kooperation mit anderen, Planen und Koordinieren der Arbeit, Abstimmen mit den am Bau Beteiligten.']",https://www.bibb.de/dienst/berufesuche/de/index_berufesuche.php/profile/apprenticeship/4411101,"Tätigkeitsfelder: Sie arbeiten in Fachbetrieben für Fassadenbau oder zum Beispiel in Spezialbauabteilungen von Dachdeckereien, Metallbaubetrieben, Glasereien und dergleichen sowie in weiteren Industriebaubetrieben bzw. Betrieben des Baugewerbes.; Profil: Bekleiden von Bauwerken mit vorgehängten hinterlüfteten großformatigen Fassadenelementen insbesondere aus Metall, Faserzement, Keramik, Glas und Naturstein sowie aus Holzwerkstoffen und Kunststoffen, Herstellen von Dämmschichten sowie Abdichtungs, , Schutz, und Trennschichten, Herstellen und Verankern von Unterkonstruktionen, Verbinden und Befestigen von Fassadenelementen und Einbauteilen, Errichten von Blitzschutzanlagen für den äußeren Blitzschutz im Rahmen ihres Arbeitsgebietes, Feststellen von Schäden im Zusammenhang mit Instandsetzungs, und Sanierungsarbeiten, Ermitteln der Ursachen und Durchführen von Instandsetzungs, und Sanierungsarbeiten, Durchführen von angrenzenden Arbeiten an Baukörpern aus Steinen, aus Beton und Stahlbeton sowie an Holzbauteilen, Einrichten von Baustellen, Prüfen der Arbeiten auf fehlerfreie Ausführung und Dokumentieren der erbrachten Leistungen, Aufstellen und Bedienen von Leitern, Schutz, , Arbeits, und Traggerüsten sowie Krane und Bauaufzüge, Prüfen, Transportieren und Lagern von Baustoffen und Bauteilen für den Fassadenbau, Einmessen von Bauwerken und Bauteilen mit unterschiedlichen Messinstrumenten, Kontrollieren der Einbaubedingungen zur Vorbereitung der Montage und Ausbessern der Montageuntergründe, Bearbeiten von Baustoffen und Bauteilen für den Fassadenbau und Behandeln deren Oberflächen, Selbständiges Durchführen der Arbeiten auf der Grundlage von technischen Unterlagen und von Arbeitsaufträgen allein und in Kooperation mit anderen, Planen und Koordinieren der Arbeit, Abstimmen mit den am Bau Beteiligten.","['Schutz', 'Arbeits']",144.79352293882732,-212.9665500124909
65,,Hoch- und Tiefbauberufe,Bau & Handwerk,36,[],[],https://www.bibb.de/dienst/berufesuche/de/index_berufesuche.php/profile/apprenticeship/4413401,,[],-362.29674520471417,191.99426007981612
66,,Hoch- und Tiefbauberufe,Bau & Handwerk,36,"['Beschäftigung finden Gerüstbauer/innen im Baugewerbe und der Bauindustrie in Gerüstbaufirmen und anderen Unternehmen, die Gerüste oder ähnliche Konstruktionen errichten.']","['Bauen von längen', 'und flächenorientierten Arbeits', 'und Schutzgerüsten, von Traggerüsten mit Unterkonstruktion einschließlich der Grundschalung, von Arbeitsplattformen und Arbeitsbühnen, von Hängegerüsten, von Wetterschutzhallen und Einhausungen, von Gerüsten für besondere Anforderungen, Warten, Lagern und Transportieren von Gerüstbauteilen, Beurteilen von Traggründen und Sicherstellen der Tragfähigkeit, Verankern von Gerüsten, Prüfen und Protokollieren der Verankerungen, Montieren und Bedienen von Aufzügen und Hebebühnen sowie Einweisen der Nutzer, Planen und Vorbereiten von Arbeitsabläufen, Beschaffen und Auswerten von Informationen, Anwenden von technischen Unterlagen, Planen und Koordinieren der Arbet, Einrichten, Sichern und Räumen von Baustellen, Bearbeiten von Werkstoffen, Handhaben und Instandhalten von Werkzeugen, Geräten, Maschinen und technischen Einrichtungen, Durchführen von Vermessungsarbeiten, Durchführen von qualitätssichernden Maßnahmen und Erstellen von Berichten, Bedienen und Instandhalten von Geräten und Maschinen, Selbständiges Durchführen der Arbeiten auf der Grundlage von technischen Unterlagen und von Arbeitsaufträgen überwiegend im Team und in Kooperation mit anderen Gewerken, Einrichten von Arbeitsstellen und Ergreifen von Maßnahmen zur Sicherheit und zum Gesundheitsschutz bei der Arbeit sowie zum Umweltschutz, Prüfen der Arbeiten auf fehlerfreie Ausführung, Dokumentieren der Arbeiten, Durchführen von qualitätssichernden Maßnahmen und Berechnen der erbrachten Leistung.']",https://www.bibb.de/dienst/berufesuche/de/index_berufesuche.php/profile/apprenticeship/4531301,"Tätigkeitsfelder: Beschäftigung finden Gerüstbauer/innen im Baugewerbe und der Bauindustrie in Gerüstbaufirmen und anderen Unternehmen, die Gerüste oder ähnliche Konstruktionen errichten.; Profil: Bauen von längen, und flächenorientierten Arbeits, und Schutzgerüsten, von Traggerüsten mit Unterkonstruktion einschließlich der Grundschalung, von Arbeitsplattformen und Arbeitsbühnen, von Hängegerüsten, von Wetterschutzhallen und Einhausungen, von Gerüsten für besondere Anforderungen, Warten, Lagern und Transportieren von Gerüstbauteilen, Beurteilen von Traggründen und Sicherstellen der Tragfähigkeit, Verankern von Gerüsten, Prüfen und Protokollieren der Verankerungen, Montieren und Bedienen von Aufzügen und Hebebühnen sowie Einweisen der Nutzer, Planen und Vorbereiten von Arbeitsabläufen, Beschaffen und Auswerten von Informationen, Anwenden von technischen Unterlagen, Planen und Koordinieren der Arbet, Einrichten, Sichern und Räumen von Baustellen, Bearbeiten von Werkstoffen, Handhaben und Instandhalten von Werkzeugen, Geräten, Maschinen und technischen Einrichtungen, Durchführen von Vermessungsarbeiten, Durchführen von qualitätssichernden Maßnahmen und Erstellen von Berichten, Bedienen und Instandhalten von Geräten und Maschinen, Selbständiges Durchführen der Arbeiten auf der Grundlage von technischen Unterlagen und von Arbeitsaufträgen überwiegend im Team und in Kooperation mit anderen Gewerken, Einrichten von Arbeitsstellen und Ergreifen von Maßnahmen zur Sicherheit und zum Gesundheitsschutz bei der Arbeit sowie zum Umweltschutz, Prüfen der Arbeiten auf fehlerfreie Ausführung, Dokumentieren der Arbeiten, Durchführen von qualitätssichernden Maßnahmen und Berechnen der erbrachten Leistung.","['Bauen von längen', 'und flächenorientierten Arbeits']",330.6586112098246,-225.8606977421516
67,,Hoch- und Tiefbauberufe,Bau & Handwerk,36,"['Beschäftigungsmöglichkeiten finden Gleisbauer/', 'innen vor allem in Gleisbaubetrieben und Verkehrsinfrastrukturunternehmen.']","['Gleisbauer/', 'innen bauen Bahngleise und halten diese instand. Zu ihren Aufgaben gehören das Durchführen von spezifischen Messungen und das Anwenden von Lage', 'und Höhenplänen für Gleisanlagen. Sie verlegen und befestigen Schwellen und Schienen. Zudem sind sie verantwortlich für das Einschottern, Heben, Richten und Stopfen der Gleise. Die Instandhaltung der Gleisanlagen sowie das Montieren, Verlegen und Instandhalten von Weichen gehören ebenfalls zu ihren Aufgaben. Darüber hinaus stellen sie Bahnübergänge her, installieren Oberflächenentwässerungen und sichern Baugruben und Gräben. In der Ausbildung lernen sie, Aufträge zu übernehmen, die Arbeiten zu planen, Baustellen einzurichten und zu unterhalten, Baustoffe auszuwählen und zu verarbeiten, Zeichnungen zu erstellen, Messungen durchzuführen, Untergründe zu prüfen, Maschinen und Anlagen einzusetzen und qualitätssichernde Maßnahmen durchzuführen. .']",https://www.bibb.de/dienst/berufesuche/de/index_berufesuche.php/profile/apprenticeship/47lpo,"Tätigkeitsfelder: Beschäftigungsmöglichkeiten finden Gleisbauer/, innen vor allem in Gleisbaubetrieben und Verkehrsinfrastrukturunternehmen.; Profil: Gleisbauer/, innen bauen Bahngleise und halten diese instand. Zu ihren Aufgaben gehören das Durchführen von spezifischen Messungen und das Anwenden von Lage, und Höhenplänen für Gleisanlagen. Sie verlegen und befestigen Schwellen und Schienen. Zudem sind sie verantwortlich für das Einschottern, Heben, Richten und Stopfen der Gleise. Die Instandhaltung der Gleisanlagen sowie das Montieren, Verlegen und Instandhalten von Weichen gehören ebenfalls zu ihren Aufgaben. Darüber hinaus stellen sie Bahnübergänge her, installieren Oberflächenentwässerungen und sichern Baugruben und Gräben. In der Ausbildung lernen sie, Aufträge zu übernehmen, die Arbeiten zu planen, Baustellen einzurichten und zu unterhalten, Baustoffe auszuwählen und zu verarbeiten, Zeichnungen zu erstellen, Messungen durchzuführen, Untergründe zu prüfen, Maschinen und Anlagen einzusetzen und qualitätssichernde Maßnahmen durchzuführen. .","['Beschäftigungsmöglichkeiten finden Gleisbauer/', 'Gleisbauer/']",-254.2384964981125,71.61125546177885
68,,Hoch- und Tiefbauberufe,Bau & Handwerk,36,['Vor allem in der Bauindustrie im Kanalbau bzw. Tiefbau sind Kanalbauer/innen beschäftigt.'],"['Einbau von Druckrohrleitungen und Abwasserleitungen als begehbare und nichtbegehbare Freispiegelleitungen, Durchführen von offener Wasserhaltung für Schichten', 'und Grundwasser, Prüfen von Rohrleitungen und Schächten, Schützen vor Korrosion und vor chemischen Einflüssen, Herstellen von Kabelschächten und Auslegen von Kabel sowie Kabelschutzrohren, Sanieren und Instandsetzen von Kanälen, Ausbauen von Schachtbauwerken aus Fertigteilen, Stahlbeton und Mauerwerk, Berechnen der erbrachten Leistung und Übergeben der geräumte Baustelle, Auf', 'und Abbauen von Arbeits', ', Schutz', 'und Traggerüsten und Einmessen von Bauwerken und Bauteilen, Durchführen von Aushubarbeiten, Verbauen von Baugruben und Gräben, Verfüllen und Verdichten von Bodenmassen und Anlegen von Böschungen, Durchführen von angrenzenden Arbeiten zum Wiederherstellen des Straßenoberbaus, von angrenzenden Arbeiten im Hochbau, Selbständiges Durchführen der Arbeiten auf der Grundlage von technischen Unterlagen und von Arbeitsaufträgen allein und in Kooperation mit anderen, Planen und Koordinieren der Arbeit, Abstimmen mit den am Bau Beteiligten, Einrichten von Baustellen, Ergreifen von Maßnahmen zur Sicherstellung des Arbeitsablaufes, zur Sicherheit und zum Gesundheitsschutz bei der Arbeit sowie zum Umweltschutz auf der Baustelle, Prüfen der Arbeiten auf fehlerfreie Ausführung, Dokumentieren der Arbeiten, Durchführen von qualitätssichernden Maßnahmen.']",https://www.bibb.de/dienst/berufesuche/de/index_berufesuche.php/profile/apprenticeship/4663101,"Tätigkeitsfelder: Vor allem in der Bauindustrie im Kanalbau bzw. Tiefbau sind Kanalbauer/innen beschäftigt.; Profil: Einbau von Druckrohrleitungen und Abwasserleitungen als begehbare und nichtbegehbare Freispiegelleitungen, Durchführen von offener Wasserhaltung für Schichten, und Grundwasser, Prüfen von Rohrleitungen und Schächten, Schützen vor Korrosion und vor chemischen Einflüssen, Herstellen von Kabelschächten und Auslegen von Kabel sowie Kabelschutzrohren, Sanieren und Instandsetzen von Kanälen, Ausbauen von Schachtbauwerken aus Fertigteilen, Stahlbeton und Mauerwerk, Berechnen der erbrachten Leistung und Übergeben der geräumte Baustelle, Auf, und Abbauen von Arbeits, , Schutz, und Traggerüsten und Einmessen von Bauwerken und Bauteilen, Durchführen von Aushubarbeiten, Verbauen von Baugruben und Gräben, Verfüllen und Verdichten von Bodenmassen und Anlegen von Böschungen, Durchführen von angrenzenden Arbeiten zum Wiederherstellen des Straßenoberbaus, von angrenzenden Arbeiten im Hochbau, Selbständiges Durchführen der Arbeiten auf der Grundlage von technischen Unterlagen und von Arbeitsaufträgen allein und in Kooperation mit anderen, Planen und Koordinieren der Arbeit, Abstimmen mit den am Bau Beteiligten, Einrichten von Baustellen, Ergreifen von Maßnahmen zur Sicherstellung des Arbeitsablaufes, zur Sicherheit und zum Gesundheitsschutz bei der Arbeit sowie zum Umweltschutz auf der Baustelle, Prüfen der Arbeiten auf fehlerfreie Ausführung, Dokumentieren der Arbeiten, Durchführen von qualitätssichernden Maßnahmen.","['und Abbauen von Arbeits', 'Schutz']",293.69824660072265,-306.6120349140121
69,,Hoch- und Tiefbauberufe,Bau & Handwerk,36,"['Ihren Arbeitsplatz haben Maurer/innen vor allem in Betrieben des Baugewerbes, zum Beispiel bei Hochbauunternehmen, Betonbaufirmen, Sanierungs', 'und Modernisierungsunternehmen oder im Fertighausbau.']","['Herstellen von ein', 'und mehrschaligen Wänden mit unterschiedlichen Steinen und Platten in unterschiedlichen Verbandsarten, von Mauerwerk mit Pfeilern und Vorlagen sowie Natursteinmauerwerk, Überdecken von Öffnungen im Mauerwerk mit künstlichen und natürlichen Steinen sowie mit Fertigteilen, Herstellen von Wänden und Stürzen mit Schalungssteinen, Abdichten von Baukörpern aus Steinen gegen nichtdrückendes und drückendes Wasser, Herstellen, Aufbauen, Versteifen und Abspannen von Schalungen für Fundamente, rechteckigen Stützen und Balken sowie für ebene Wände und Decken, Herstellen von Schalungen für Podeste, geraden Treppenläufen und für sichtbaren Beton, Herstellen und Einbauen von Bewehrungen, Fördern, Einbringen, Verdichten und bearbeiten der Oberfläche von Hand und mit Hilfe von Maschinen von Beton, Einbauen von Dämmstoffen für den Wärme', ', Kälte', ', Schall', 'und Brandschutz, Herstellen von Wärmedämmverbundsystemen, von Putzen und Gestalten der Putzoberflächen, von Estrichen und Bauteilen im Trockenbau, Feststellen von Schäden im Rahmen von Instandsetzungs', 'und Sanierungsarbeiten, Ermitteln der Ursachen und Durchführen von Instandsetzungs', 'und Sanierungsarbeiten, Einsetzen von Geräten und Maschinen, Auf', 'und Abbauen von Arbeits', ', Schutz', 'und Traggerüsten und Einmessen von Bauwerken und Bauteilen, Durchführen von angrenzenden Arbeiten in den Gewerben des Ausbaus und des Tiefbaus, Selbständiges Durchführen der Arbeiten auf der Grundlage von technischen Unterlagen und von Arbeitsaufträgen allein und in Kooperation mit anderen, Planen und Koordinieren der Arbeit, Abstimmen mit den am Bau Beteiligten und Einrichten von Baustellen, Ergreifen von Maßnahmen zur Sicherstellung des Arbeitsablaufes, zur Sicherheit und zum Gesundheitsschutz bei der Arbeit sowie zum Umweltschutz auf der Baustelle, Prüfen der Arbeiten auf fehlerfreie Ausführung, Dokumentieren der Arbeiten, Durchführen von qualitätssichernden Maßnahmen und Berechnen der erbrachten Leistung und Übergeben der geräumten Baustelle.']",https://www.bibb.de/dienst/berufesuche/de/index_berufesuche.php/profile/apprenticeship/4410301,"Tätigkeitsfelder: Ihren Arbeitsplatz haben Maurer/innen vor allem in Betrieben des Baugewerbes, zum Beispiel bei Hochbauunternehmen, Betonbaufirmen, Sanierungs, und Modernisierungsunternehmen oder im Fertighausbau.; Profil: Herstellen von ein, und mehrschaligen Wänden mit unterschiedlichen Steinen und Platten in unterschiedlichen Verbandsarten, von Mauerwerk mit Pfeilern und Vorlagen sowie Natursteinmauerwerk, Überdecken von Öffnungen im Mauerwerk mit künstlichen und natürlichen Steinen sowie mit Fertigteilen, Herstellen von Wänden und Stürzen mit Schalungssteinen, Abdichten von Baukörpern aus Steinen gegen nichtdrückendes und drückendes Wasser, Herstellen, Aufbauen, Versteifen und Abspannen von Schalungen für Fundamente, rechteckigen Stützen und Balken sowie für ebene Wände und Decken, Herstellen von Schalungen für Podeste, geraden Treppenläufen und für sichtbaren Beton, Herstellen und Einbauen von Bewehrungen, Fördern, Einbringen, Verdichten und bearbeiten der Oberfläche von Hand und mit Hilfe von Maschinen von Beton, Einbauen von Dämmstoffen für den Wärme, , Kälte, , Schall, und Brandschutz, Herstellen von Wärmedämmverbundsystemen, von Putzen und Gestalten der Putzoberflächen, von Estrichen und Bauteilen im Trockenbau, Feststellen von Schäden im Rahmen von Instandsetzungs, und Sanierungsarbeiten, Ermitteln der Ursachen und Durchführen von Instandsetzungs, und Sanierungsarbeiten, Einsetzen von Geräten und Maschinen, Auf, und Abbauen von Arbeits, , Schutz, und Traggerüsten und Einmessen von Bauwerken und Bauteilen, Durchführen von angrenzenden Arbeiten in den Gewerben des Ausbaus und des Tiefbaus, Selbständiges Durchführen der Arbeiten auf der Grundlage von technischen Unterlagen und von Arbeitsaufträgen allein und in Kooperation mit anderen, Planen und Koordinieren der Arbeit, Abstimmen mit den am Bau Beteiligten und Einrichten von Baustellen, Ergreifen von Maßnahmen zur Sicherstellung des Arbeitsablaufes, zur Sicherheit und zum Gesundheitsschutz bei der Arbeit sowie zum Umweltschutz auf der Baustelle, Prüfen der Arbeiten auf fehlerfreie Ausführung, Dokumentieren der Arbeiten, Durchführen von qualitätssichernden Maßnahmen und Berechnen der erbrachten Leistung und Übergeben der geräumten Baustelle.","['Herstellen von ein', 'Kälte', 'Schall', 'und Abbauen von Arbeits', 'Schutz']",332.14923708728213,-327.02323796167695
70,,Hoch- und Tiefbauberufe,Bau & Handwerk,36,"['Beschäftigungsmöglichkeiten finden Spezialtiefbauer/', 'innen in Betrieben der Baubranche, z.B. bei Tiefbau', ', Spezialtiefbau', ', Tunnelbau', 'und Wasserbauunternehmen.']","['Spezialtiefbauer/', 'innen sind Fachleute für den Bau von tiefen und anspruchsvollen Bauprojekten. Sie untersuchen den Baugrund, entnehmen und prüfen Bodenproben und führen Schichtenverzeichnisse, um die Eigenschaften des Untergrunds zu bestimmen. Sie verbauen Baugruben und Gräben und stellen Baugruben', ', Hang', 'und Gebäudesicherungen her, um eine sichere Arbeitsumgebung zu gewährleisten. Zudem verbessern sie den Baugrund, um die Stabilität von Bauwerken zu erhöhen. Das Herstellen von Bohrungen für verschiedene Zwecke, wie den Ausbau für Tragelemente oder die Grundwasserabsenkung, gehört ebenfalls zu ihren Aufgaben. Sie führen Spezialtiefbauarbeiten in kontaminierten Bereichen durch und setzen unterschiedliche Bohrverfahren ein, um den Anforderungen des Bauprojekts gerecht zu werden. Des Weiteren errichten sie Pfähle, Kleinbohrpfähle und Ankersysteme zur Fundierung und Stabilisierung von Bauwerken. Sie führen auch Schlitz', 'und Dichtwandarbeiten sowie Injektionsarbeiten im Nieder', 'und Hochdruckverfahren durch. In der Ausbildung lernen sie, Aufträge zu übernehmen, die Arbeiten zu planen, Baustellen einzurichten und zu unterhalten, Baustoffe auszuwählen und zu verarbeiten, Zeichnungen zu erstellen, Messungen durchzuführen, Untergründe zu prüfen, Maschinen und Anlagen einzusetzen und qualitätssichernde Maßnahmen durchzuführen.']",https://www.bibb.de/dienst/berufesuche/de/index_berufesuche.php/profile/apprenticeship/vgt159,"Tätigkeitsfelder: Beschäftigungsmöglichkeiten finden Spezialtiefbauer/, innen in Betrieben der Baubranche, z.B. bei Tiefbau, , Spezialtiefbau, , Tunnelbau, und Wasserbauunternehmen.; Profil: Spezialtiefbauer/, innen sind Fachleute für den Bau von tiefen und anspruchsvollen Bauprojekten. Sie untersuchen den Baugrund, entnehmen und prüfen Bodenproben und führen Schichtenverzeichnisse, um die Eigenschaften des Untergrunds zu bestimmen. Sie verbauen Baugruben und Gräben und stellen Baugruben, , Hang, und Gebäudesicherungen her, um eine sichere Arbeitsumgebung zu gewährleisten. Zudem verbessern sie den Baugrund, um die Stabilität von Bauwerken zu erhöhen. Das Herstellen von Bohrungen für verschiedene Zwecke, wie den Ausbau für Tragelemente oder die Grundwasserabsenkung, gehört ebenfalls zu ihren Aufgaben. Sie führen Spezialtiefbauarbeiten in kontaminierten Bereichen durch und setzen unterschiedliche Bohrverfahren ein, um den Anforderungen des Bauprojekts gerecht zu werden. Des Weiteren errichten sie Pfähle, Kleinbohrpfähle und Ankersysteme zur Fundierung und Stabilisierung von Bauwerken. Sie führen auch Schlitz, und Dichtwandarbeiten sowie Injektionsarbeiten im Nieder, und Hochdruckverfahren durch. In der Ausbildung lernen sie, Aufträge zu übernehmen, die Arbeiten zu planen, Baustellen einzurichten und zu unterhalten, Baustoffe auszuwählen und zu verarbeiten, Zeichnungen zu erstellen, Messungen durchzuführen, Untergründe zu prüfen, Maschinen und Anlagen einzusetzen und qualitätssichernde Maßnahmen durchzuführen.","['innen in Betrieben der Baubranche zB bei Tiefbau', 'Spezialtiefbau', 'Tunnelbau', 'und Wasserbauunternehmen', 'Spezialtiefbauer/', 'Hang']",-254.01679988175567,66.32481666006835
71,,Hoch- und Tiefbauberufe,Bau & Handwerk,36,"['Ihre Tätigkeit üben Straßenbauer/', 'innen vor allem in Betrieben des Bauhauptgewerbes, z.B. bei Straßenbauunternehmen und anderen Tiefbauunternehmen, aus.']","['Straßenbauer/', 'innen stellen Verkehrswege her und halten diese instand. Dazu gehören die Herstellung von Pflasterdecken, Plattenbelägen sowie Belägen aus Asphalt und Beton. Zu ihren Aufgaben gehört auch das Ausheben von Baugruben und Gräben, deren Sicherung durch Verbau sowie das Verfüllen und Verdichten, um eine solide Grundlage für die Straßen zu schaffen. Sie stellen das Planum her und bauen Tragschichten ein, um eine ebene und stabile Fahrbahnoberfläche zu gewährleisten. Des Weiteren stellen sie Erdbauwerke her. Nach Aufgrabungen stellen sie den Oberbau wieder her, um die Fahrbahn in ihren ursprünglichen Zustand zu versetzen. Darüber hinaus sind sie für das Herstellen von Schacht', 'und Sonderbauwerken aus Beton, Stahlbeton, Steinen und Fertigteilen sowie von Infrastrukturleitungen zuständig. In der Ausbildung lernen sie, Aufträge zu übernehmen, die Arbeiten zu planen, Baustellen einzurichten und zu unterhalten, Baustoffe auszuwählen und zu verarbeiten, Zeichnungen zu erstellen, Messungen durchzuführen, Untergründe zu prüfen, Maschinen und Anlagen einzusetzen und qualitätssichernde Maßnahmen durchzuführen.']",https://www.bibb.de/dienst/berufesuche/de/index_berufesuche.php/profile/apprenticeship/jjj555,"Tätigkeitsfelder: Ihre Tätigkeit üben Straßenbauer/, innen vor allem in Betrieben des Bauhauptgewerbes, z.B. bei Straßenbauunternehmen und anderen Tiefbauunternehmen, aus.; Profil: Straßenbauer/, innen stellen Verkehrswege her und halten diese instand. Dazu gehören die Herstellung von Pflasterdecken, Plattenbelägen sowie Belägen aus Asphalt und Beton. Zu ihren Aufgaben gehört auch das Ausheben von Baugruben und Gräben, deren Sicherung durch Verbau sowie das Verfüllen und Verdichten, um eine solide Grundlage für die Straßen zu schaffen. Sie stellen das Planum her und bauen Tragschichten ein, um eine ebene und stabile Fahrbahnoberfläche zu gewährleisten. Des Weiteren stellen sie Erdbauwerke her. Nach Aufgrabungen stellen sie den Oberbau wieder her, um die Fahrbahn in ihren ursprünglichen Zustand zu versetzen. Darüber hinaus sind sie für das Herstellen von Schacht, und Sonderbauwerken aus Beton, Stahlbeton, Steinen und Fertigteilen sowie von Infrastrukturleitungen zuständig. In der Ausbildung lernen sie, Aufträge zu übernehmen, die Arbeiten zu planen, Baustellen einzurichten und zu unterhalten, Baustoffe auszuwählen und zu verarbeiten, Zeichnungen zu erstellen, Messungen durchzuführen, Untergründe zu prüfen, Maschinen und Anlagen einzusetzen und qualitätssichernde Maßnahmen durchzuführen.","['Ihre Tätigkeit üben Straßenbauer/', 'Straßenbauer/']",-283.611904327846,89.2360007630055
72,,Hoch- und Tiefbauberufe,Bau & Handwerk,36,"['Wasserbauer / Wasserbauerinnen arbeiten sowohl an Anlagen, Bauwerken und anderen Objekten an und in Gewässer sowie auf schwimmenden Fahrzeugen und in der Werkstatt.']","['Herstellen, Kontrollieren und Instandhalten von Bauwerken in und an Gewässern, Herstellen, Kontrollieren und Instandhalten von Ufersicherungen und Unterhaltungswegen, Durchführen von Maßnahmen zur Pflege und Entwicklung von Gewässern, Herstellen, Kontrollieren und Instandhalten von Bauwerken für den Küsten', 'und Inselschutz, Durchführen von Aufgaben der Bauüberwachung, Durchführen von Maßnahmen zur Unterhaltung und Kontrolle des Gewässerbettes und Bezeichnen und Sichern von Fahrrinnen und Fahrwassern, Durchführen von gewässerkundlichen Messungen, Durchführen von Maßnahmen des Hochwasserschutzes sowie der Hochwasserabwehr und Eisabwehr, Führen von schwimmenden Fahrzeugen und Bedienen von schwimmenden Geräten, Betreiben und Unterhalten von Talsperren, Speichern sowie Rückhaltebecken, Nehmen von Aufmaßen und Erstellen von Arbeitsunterlagen, Auf', 'und Abbauen von Arbeitsgerüsten, Einsetzen und Instandhalten von Transportgeräten, Planen, Steuern und Vorbereiten von Arbeitsabläufen sowie Koordinieren mit anderen Gewerken, Arbeiten im Team, Führen von Gesprächen mit auftragsausführenden Firmen, Prüfen der Arbeiten auf fehlerfreie Ausführung, Dokumentieren der Arbeiten und Durchführen von qualitätssichernden Maßnahmen, Erfassen von Mengen', 'und Zeitaufwand und Berechnen der erbrachten Leistungen, Ergreifen von Maßnahmen zur Sicherheit und zum Gesundheitsschutz bei der Arbeit sowie zum Umweltschutz.']",https://www.bibb.de/dienst/berufesuche/de/index_berufesuche.php/profile/apprenticeship/06987zi,"Tätigkeitsfelder: Wasserbauer / Wasserbauerinnen arbeiten sowohl an Anlagen, Bauwerken und anderen Objekten an und in Gewässer sowie auf schwimmenden Fahrzeugen und in der Werkstatt.; Profil: Herstellen, Kontrollieren und Instandhalten von Bauwerken in und an Gewässern, Herstellen, Kontrollieren und Instandhalten von Ufersicherungen und Unterhaltungswegen, Durchführen von Maßnahmen zur Pflege und Entwicklung von Gewässern, Herstellen, Kontrollieren und Instandhalten von Bauwerken für den Küsten, und Inselschutz, Durchführen von Aufgaben der Bauüberwachung, Durchführen von Maßnahmen zur Unterhaltung und Kontrolle des Gewässerbettes und Bezeichnen und Sichern von Fahrrinnen und Fahrwassern, Durchführen von gewässerkundlichen Messungen, Durchführen von Maßnahmen des Hochwasserschutzes sowie der Hochwasserabwehr und Eisabwehr, Führen von schwimmenden Fahrzeugen und Bedienen von schwimmenden Geräten, Betreiben und Unterhalten von Talsperren, Speichern sowie Rückhaltebecken, Nehmen von Aufmaßen und Erstellen von Arbeitsunterlagen, Auf, und Abbauen von Arbeitsgerüsten, Einsetzen und Instandhalten von Transportgeräten, Planen, Steuern und Vorbereiten von Arbeitsabläufen sowie Koordinieren mit anderen Gewerken, Arbeiten im Team, Führen von Gesprächen mit auftragsausführenden Firmen, Prüfen der Arbeiten auf fehlerfreie Ausführung, Dokumentieren der Arbeiten und Durchführen von qualitätssichernden Maßnahmen, Erfassen von Mengen, und Zeitaufwand und Berechnen der erbrachten Leistungen, Ergreifen von Maßnahmen zur Sicherheit und zum Gesundheitsschutz bei der Arbeit sowie zum Umweltschutz.",[],229.89324776541065,-197.21795005374454
73,,"Informatik-, Informations- und Kommunikationstechnologieberufe",IT & Technik,36,"['Kaufleute für Digitalisierungsmanagement arbeiten in der IT', 'Branche, in Unternehmen nahezu aller Wirtschaftsbereiche sowie in Organisationen und im Öffentlichen Dienst. Sie sind Fachkräfte im Umgang mit Daten und Prozessen aus einer ökonomisch', 'betriebswirtschaftlichen Perspektive. Sie machen Informationen und Wissen verfügbar, um aus der zunehmenden Digitalisierung wirtschaftlichen Nutzen zu ziehen', 'sie managen die Digitalisierung von Geschäftsprozessen auf der operativen Ebene.']","['Analysieren von Arbeits', ', Geschäfts', 'und Wertschöpfungsprozessen, Ermitteln des Bedarfs an Informationen und Bereitstellen von Daten, digitale Weiterentwicklung von Geschäftsmodellen, Anbahnen und Gestalten von Verträgen, Planen und Durchführen von Beschaffungen, Anwenden von Instrumenten der kaufmännischen Steuerung und Kontrolle, Umsetzen der Schutzziele der Datensicherheit, Einhalten der Bestimmungen zum Datenschutz und zu weiteren Schutzrechten, Planen, Vorbereiten und Durchführen von Arbeitsaufgaben in Abstimmung mit den kundenspezifischen Geschäfts', 'und Leistungsprozessen, Informieren und Beraten von Kunden und Kundinnen, Beurteilen marktgängiger IT', 'Systeme und kundenspezifischer Lösungen, Entwickeln, Erstellen und Betreuen von IT', 'Lösungen, Durchführen und Dokumentieren von qualitätssichernden Maßnahmen, Umsetzen, Integrieren und Prüfen von Maßnahmen zur IT', 'Sicherheit und zum Datenschutz, Erbringen der Leistungen und Auftragsabschluss.']",https://www.bibb.de/dienst/berufesuche/de/index_berufesuche.php/profile/apprenticeship/rtretgf,"Tätigkeitsfelder: Kaufleute für Digitalisierungsmanagement arbeiten in der IT, Branche, in Unternehmen nahezu aller Wirtschaftsbereiche sowie in Organisationen und im Öffentlichen Dienst. Sie sind Fachkräfte im Umgang mit Daten und Prozessen aus einer ökonomisch, betriebswirtschaftlichen Perspektive. Sie machen Informationen und Wissen verfügbar, um aus der zunehmenden Digitalisierung wirtschaftlichen Nutzen zu ziehen, sie managen die Digitalisierung von Geschäftsprozessen auf der operativen Ebene.; Profil: Analysieren von Arbeits, , Geschäfts, und Wertschöpfungsprozessen, Ermitteln des Bedarfs an Informationen und Bereitstellen von Daten, digitale Weiterentwicklung von Geschäftsmodellen, Anbahnen und Gestalten von Verträgen, Planen und Durchführen von Beschaffungen, Anwenden von Instrumenten der kaufmännischen Steuerung und Kontrolle, Umsetzen der Schutzziele der Datensicherheit, Einhalten der Bestimmungen zum Datenschutz und zu weiteren Schutzrechten, Planen, Vorbereiten und Durchführen von Arbeitsaufgaben in Abstimmung mit den kundenspezifischen Geschäfts, und Leistungsprozessen, Informieren und Beraten von Kunden und Kundinnen, Beurteilen marktgängiger IT, Systeme und kundenspezifischer Lösungen, Entwickeln, Erstellen und Betreuen von IT, Lösungen, Durchführen und Dokumentieren von qualitätssichernden Maßnahmen, Umsetzen, Integrieren und Prüfen von Maßnahmen zur IT, Sicherheit und zum Datenschutz, Erbringen der Leistungen und Auftragsabschluss.","['Analysieren von Arbeits', 'Geschäfts']",46.22424067695726,-68.27532207825773
74,,"Informatik-, Informations- und Kommunikationstechnologieberufe",IT & Technik,36,"['Kaufleute für IT', 'System', 'Management arbeiten in der IT', 'Branche, in Unternehmen nahezu aller Wirtschaftsbereiche sowie in Organisationen und im Öffentlichen Dienst. Sie sind Fachkräfte für die Vermarktung und das Anbieten von IT', 'Dienstleistungen (Hardware/Software/Services). Darüber hinaus managen und administrieren sie IT', 'Systeme.']","['Analysieren von Anforderungen an IT', 'Systeme, Entwickeln und Umsetzen von Beratungsstrategien, Entwickeln von Konzepten für IT', 'Lösungen und Koordinieren von deren Umsetzung, Erstellen von Angeboten und Abschließen von Verträgen, Anwenden von Instrumenten aus dem Absatzmarketing und aus dem Vertrieb, Anwenden von Instrumenten der kaufmännischen Steuerung und Kontrolle, Beschaffen von Hard', 'und Software sowie von Dienstleistungen, Planen, Vorbereiten und Durchführen von Arbeitsaufgaben in Abstimmung mit den kundenspezifischen Geschäfts', 'und Leistungsprozessen, Informieren und Beraten von Kunden und Kundinnen, Beurteilen marktgängiger IT', 'Systeme und kundenspezifischer Lösungen, Entwickeln, Erstellen und Betreuen von IT', 'Lösungen, Durchführen und Dokumentieren von qualitätssichernden Maßnahmen, Umsetzen, Integrieren und Prüfen von Maßnahmen zur IT', 'Sicherheit und zum Datenschutz, Erbringen der Leistungen und Auftragsabschluss.']",https://www.bibb.de/dienst/berufesuche/de/index_berufesuche.php/profile/apprenticeship/dsafsf,"Tätigkeitsfelder: Kaufleute für IT, System, Management arbeiten in der IT, Branche, in Unternehmen nahezu aller Wirtschaftsbereiche sowie in Organisationen und im Öffentlichen Dienst. Sie sind Fachkräfte für die Vermarktung und das Anbieten von IT, Dienstleistungen (Hardware/Software/Services). Darüber hinaus managen und administrieren sie IT, Systeme.; Profil: Analysieren von Anforderungen an IT, Systeme, Entwickeln und Umsetzen von Beratungsstrategien, Entwickeln von Konzepten für IT, Lösungen und Koordinieren von deren Umsetzung, Erstellen von Angeboten und Abschließen von Verträgen, Anwenden von Instrumenten aus dem Absatzmarketing und aus dem Vertrieb, Anwenden von Instrumenten der kaufmännischen Steuerung und Kontrolle, Beschaffen von Hard, und Software sowie von Dienstleistungen, Planen, Vorbereiten und Durchführen von Arbeitsaufgaben in Abstimmung mit den kundenspezifischen Geschäfts, und Leistungsprozessen, Informieren und Beraten von Kunden und Kundinnen, Beurteilen marktgängiger IT, Systeme und kundenspezifischer Lösungen, Entwickeln, Erstellen und Betreuen von IT, Lösungen, Durchführen und Dokumentieren von qualitätssichernden Maßnahmen, Umsetzen, Integrieren und Prüfen von Maßnahmen zur IT, Sicherheit und zum Datenschutz, Erbringen der Leistungen und Auftragsabschluss.","['Kaufleute für IT', 'System', 'Management arbeiten in der IT', 'Systeme', 'Analysieren von Anforderungen an IT']",15.623791032633976,-33.481392059036835
75,,"Informatik-, Informations- und Kommunikationstechnologieberufe",IT & Technik,36,"['Mathematisch', 'technische Software', 'Entwickler/innen sind in Betrieben unterschiedlicher Größe und Art tätig, wie Wirtschaftsunternehmen, Forschungseinrichtungen, Rechenzentren und Hochschulen.']","['Anwenden mathematischer Modelle zur Lösung von Problemen aus Informatik, Technik, Naturwissenschaften und Wirtschaft, Analysieren von Problemstellungen, Entwickeln und formalisiertes Beschreiben von Modellen im Bereich der Software', 'Entwicklung, Konzipieren und Realisieren objektorientierter komplexer Softwaresysteme, Erstellen von Benutzer', 'und Systemdokumentationen, Dokumentieren des Software', 'Entwicklungsprozesses, Anwenden und programmtechnische Umsetzung gängiger mathematischer Verfahren sowie Lösungsalgorithmen, Mitwirken in Kooperation mit Fachwissenschaftlern bei der mathematischen Interpretation und Präsentation von Ergebnissen, Planen und Durchführen von Qualitätssicherungsmaßnahmen, Verwenden gängiger Testprinzipien und', 'verfahren und adäquates Einsetzen von Testtools, fachübergreifendes Kommunizieren mathematischer Problemstellungen und Arbeiten in interdisziplinären Teams, Anwenden von Methoden des Projektmanagements, Beraten und Schulen der Anwender.']",https://www.bibb.de/dienst/berufesuche/de/index_berufesuche.php/profile/apprenticeship/261007,"Tätigkeitsfelder: Mathematisch, technische Software, Entwickler/innen sind in Betrieben unterschiedlicher Größe und Art tätig, wie Wirtschaftsunternehmen, Forschungseinrichtungen, Rechenzentren und Hochschulen.; Profil: Anwenden mathematischer Modelle zur Lösung von Problemen aus Informatik, Technik, Naturwissenschaften und Wirtschaft, Analysieren von Problemstellungen, Entwickeln und formalisiertes Beschreiben von Modellen im Bereich der Software, Entwicklung, Konzipieren und Realisieren objektorientierter komplexer Softwaresysteme, Erstellen von Benutzer, und Systemdokumentationen, Dokumentieren des Software, Entwicklungsprozesses, Anwenden und programmtechnische Umsetzung gängiger mathematischer Verfahren sowie Lösungsalgorithmen, Mitwirken in Kooperation mit Fachwissenschaftlern bei der mathematischen Interpretation und Präsentation von Ergebnissen, Planen und Durchführen von Qualitätssicherungsmaßnahmen, Verwenden gängiger Testprinzipien und, verfahren und adäquates Einsetzen von Testtools, fachübergreifendes Kommunizieren mathematischer Problemstellungen und Arbeiten in interdisziplinären Teams, Anwenden von Methoden des Projektmanagements, Beraten und Schulen der Anwender.","['Mathematisch', 'technische Software']",-99.9233681618508,37.73350040896504
76,,"Kunststoffherstellung und -verarbeitung, Holzbe- und -verarbeitung",IT & Technik,36,[],[],https://www.bibb.de/dienst/berufesuche/de/index_berufesuche.php/profile/apprenticeship/boett986,,[],-362.29674520471417,191.99426007981612
77,,"Kunststoffherstellung und -verarbeitung, Holzbe- und -verarbeitung",IT & Technik,36,"['Fachkräfte für Möbel', ', Küchen', 'und Umzugsservice arbeiten in Unternehmen des Küchen', 'und Möbelhandels sowie in Möbelspeditionen.']","['Montieren von Küchen', 'und Möbelteilen sowie Auf', 'und Abbauen von Küchen und Möbeln, Kontrollieren und Sichern der Warenbestände, Bearbeiten von Küchen', 'und Möbelteilen, Installieren von elektrischen Einrichtungen und Geräten, Herstellen von Anschlüssen an Wasserleitungen und Lüftungsanlagen, Abholen und Ausliefern von Küchen, Möbeln und Geräten und Umzugsgut, Durchführen von Verpackungs', ', Lager', 'und Transportarbeiten, Handhaben, Bedienen und Instandhalten von Werkzeugen, Geräten, Maschinen, Transporthilfsmitteln und Transportmitteln, Be', 'und Verarbeiten von Holz, Holzwerk', 'und sonstigen Werkstoffen, Prüfen von Rechnungen sowie Lieferunterlagen und Entgegennehmen von Zahlungen, Planen und Dokumentieren der Arbeit, verarbeiten von Daten, Ergreifen von Maßnahmen zur Sicherheit und zum Gesundheitsschutz bei der Arbeit sowie zum Umweltschutz, Einrichten, Sichern und Räumen von Arbeitsplätzen, selbstständiges, kunden', 'und betriebswirtschaftlich orientiertes Arbeiten auf der Grundlage von Arbeitsaufträgen allein und im Team, Koordinieren der Arbeiten mit anderen Beteiligten, Behandeln von Reklamationen, Durchführen von qualitätssichernden Maßnahmen.']",https://www.bibb.de/dienst/berufesuche/de/index_berufesuche.php/profile/apprenticeship/040211,"Tätigkeitsfelder: Fachkräfte für Möbel, , Küchen, und Umzugsservice arbeiten in Unternehmen des Küchen, und Möbelhandels sowie in Möbelspeditionen.; Profil: Montieren von Küchen, und Möbelteilen sowie Auf, und Abbauen von Küchen und Möbeln, Kontrollieren und Sichern der Warenbestände, Bearbeiten von Küchen, und Möbelteilen, Installieren von elektrischen Einrichtungen und Geräten, Herstellen von Anschlüssen an Wasserleitungen und Lüftungsanlagen, Abholen und Ausliefern von Küchen, Möbeln und Geräten und Umzugsgut, Durchführen von Verpackungs, , Lager, und Transportarbeiten, Handhaben, Bedienen und Instandhalten von Werkzeugen, Geräten, Maschinen, Transporthilfsmitteln und Transportmitteln, Be, und Verarbeiten von Holz, Holzwerk, und sonstigen Werkstoffen, Prüfen von Rechnungen sowie Lieferunterlagen und Entgegennehmen von Zahlungen, Planen und Dokumentieren der Arbeit, verarbeiten von Daten, Ergreifen von Maßnahmen zur Sicherheit und zum Gesundheitsschutz bei der Arbeit sowie zum Umweltschutz, Einrichten, Sichern und Räumen von Arbeitsplätzen, selbstständiges, kunden, und betriebswirtschaftlich orientiertes Arbeiten auf der Grundlage von Arbeitsaufträgen allein und im Team, Koordinieren der Arbeiten mit anderen Beteiligten, Behandeln von Reklamationen, Durchführen von qualitätssichernden Maßnahmen.","['Fachkräfte für Möbel', 'Küchen', 'und Möbelhandels sowie in Möbelspeditionen', 'Montieren von Küchen', 'und Möbelteilen sowie Auf', 'Lager', 'und Verarbeiten von Holz Holzwerk']",94.6711732625055,-109.73989001430036
78,,"Kunststoffherstellung und -verarbeitung, Holzbe- und -verarbeitung",IT & Technik,36,['Fahrzeuglackierer/innen sind in handwerklichen Fahrzeuglackierereien und Karosseriereparaturwerkstätten oder auch in der Fahrzeugindustrie tätig.'],"['Selbständiges kundenorientiertes Durchführen der Arbeiten auf der Grundlage von Arbeitsaufträgen allein und im Team, Planen und Koordinieren der Arbeit, Festlegen der Arbeitsschritte und der benötigten Materialien, Ergreifen von Maßnahmen zur Sicherheit und zum Gesundheitsschutz bei der Arbeit sowie zum Umweltschutz am Arbeitsplatz, Führen von Gesprächen mit Kunden, Prüfen der Arbeiten auf fehlerfreie Ausführung, Dokumentieren der Arbeiten, Durchführen von qualitätssichernden Maßnahmen und Erfassen von Mengen und Zeitaufwand zur Berechnung der erbrachten Leistungen, Prüfen, Bewerten und Vorbereiten für die Endbeschichtung von Untergründen, Durchführen von Schutzmaßnahmen für nicht zu bearbeitende Flächen, Beschichten, Behandeln und Gestalten von Oberflächen, Herstellen von Beschriftungen, Design und Effektlackierungen, Instandhalten und Instandsetzen von Oberflächen, Prüfen von elektrischen, elektronischen, pneumatischen und hydraulischen Bauteilen und Systemen auf Funktion, Durchführen von Demontage', 'und Montagearbeiten, sowie Ausführen von Verglasungen an Fahrzeugen, Durchführen von Instandsetzungsarbeiten an Fahrzeugen und Fahrzeugteilen, Durchführen von Messungen und Dokumentieren der Ergebnisse, Auswählen, Einrichten, Bedienen und Instandhalten von Geräten, Werkzeugen, Maschinen und Anlagen für den Arbeitsauftrag, Bearbeiten von Werkstoffen und Bauteilen.']",https://www.bibb.de/dienst/berufesuche/de/index_berufesuche.php/profile/apprenticeship/67867684,"Tätigkeitsfelder: Fahrzeuglackierer/innen sind in handwerklichen Fahrzeuglackierereien und Karosseriereparaturwerkstätten oder auch in der Fahrzeugindustrie tätig.; Profil: Selbständiges kundenorientiertes Durchführen der Arbeiten auf der Grundlage von Arbeitsaufträgen allein und im Team, Planen und Koordinieren der Arbeit, Festlegen der Arbeitsschritte und der benötigten Materialien, Ergreifen von Maßnahmen zur Sicherheit und zum Gesundheitsschutz bei der Arbeit sowie zum Umweltschutz am Arbeitsplatz, Führen von Gesprächen mit Kunden, Prüfen der Arbeiten auf fehlerfreie Ausführung, Dokumentieren der Arbeiten, Durchführen von qualitätssichernden Maßnahmen und Erfassen von Mengen und Zeitaufwand zur Berechnung der erbrachten Leistungen, Prüfen, Bewerten und Vorbereiten für die Endbeschichtung von Untergründen, Durchführen von Schutzmaßnahmen für nicht zu bearbeitende Flächen, Beschichten, Behandeln und Gestalten von Oberflächen, Herstellen von Beschriftungen, Design und Effektlackierungen, Instandhalten und Instandsetzen von Oberflächen, Prüfen von elektrischen, elektronischen, pneumatischen und hydraulischen Bauteilen und Systemen auf Funktion, Durchführen von Demontage, und Montagearbeiten, sowie Ausführen von Verglasungen an Fahrzeugen, Durchführen von Instandsetzungsarbeiten an Fahrzeugen und Fahrzeugteilen, Durchführen von Messungen und Dokumentieren der Ergebnisse, Auswählen, Einrichten, Bedienen und Instandhalten von Geräten, Werkzeugen, Maschinen und Anlagen für den Arbeitsauftrag, Bearbeiten von Werkstoffen und Bauteilen.",[],247.65225438975335,-224.11336037909803
79,,"Kunststoffherstellung und -verarbeitung, Holzbe- und -verarbeitung",IT & Technik,36,"['Holzbearbeitungsmechaniker und Holzbearbeitungsmechanikerinnen stellen industriell Schnittholz, Hobelware, Holzleimbauelemente, Holzwerkstoffe und andere Holzfertigerzeugnisse her. Ihre Einsatzbereiche sind Unternehmen/Betriebe der Säge', ', Hobel', ', Holzleimbau', 'sowie Holzwerkstoffindustrie.']","['Herstellen von Holz', 'Halb', 'und Fertigerzeugnissen auf der Grundlage von Arbeitsaufträgen allein und im Team, Planen und Koordinieren der Arbeit, Festlegen der Arbeitsschritte, Auswählen der erforderlichen Werkstoffe, Steuern, Überwachen und Optimieren der Fertigungsprozesse, Ergreifen von Maßnahmen zur Sicherheit und zum Gesundheitsschutz bei der Arbeit sowie zum Umweltschutz am Arbeitsplatz, Prüfen der Arbeiten auf fehlerfreie Ausführung, Dokumentieren ihrer Arbeiten, Durchführen von qualitätssichernden Maßnahmen und Erfassen der Mengen und des Zeitaufwands zur Berechnung der erbrachten Leistungen, Vorbereiten von Arbeitsabläufen, Einrichten und Sichern von Arbeitsplätzen, Anfertigen und Anwenden von technischen Unterlagen, Durchführen von Messungen, Sortieren, Vermessen, Kontrollieren und Lagern von Holz und Rohmaterialien, Einrichten und Instandhalten von Maschinenwerkzeugen, Einrichten, Bedienen und Instandhalten von Geräten, Maschinen und Anlagen, Überwachen der Produktionsprozesse, Trocknen und Dämpfen von Holz, Durchführen von Holzschutzmaßnahmen, Transportieren, Lagern und Pflegen von Halb', 'und Fertigerzeugnissen, Vorbereiten des Versands der Erzeugnisse.']",https://www.bibb.de/dienst/berufesuche/de/index_berufesuche.php/profile/apprenticeship/879zi620,"Tätigkeitsfelder: Holzbearbeitungsmechaniker und Holzbearbeitungsmechanikerinnen stellen industriell Schnittholz, Hobelware, Holzleimbauelemente, Holzwerkstoffe und andere Holzfertigerzeugnisse her. Ihre Einsatzbereiche sind Unternehmen/Betriebe der Säge, , Hobel, , Holzleimbau, sowie Holzwerkstoffindustrie.; Profil: Herstellen von Holz, Halb, und Fertigerzeugnissen auf der Grundlage von Arbeitsaufträgen allein und im Team, Planen und Koordinieren der Arbeit, Festlegen der Arbeitsschritte, Auswählen der erforderlichen Werkstoffe, Steuern, Überwachen und Optimieren der Fertigungsprozesse, Ergreifen von Maßnahmen zur Sicherheit und zum Gesundheitsschutz bei der Arbeit sowie zum Umweltschutz am Arbeitsplatz, Prüfen der Arbeiten auf fehlerfreie Ausführung, Dokumentieren ihrer Arbeiten, Durchführen von qualitätssichernden Maßnahmen und Erfassen der Mengen und des Zeitaufwands zur Berechnung der erbrachten Leistungen, Vorbereiten von Arbeitsabläufen, Einrichten und Sichern von Arbeitsplätzen, Anfertigen und Anwenden von technischen Unterlagen, Durchführen von Messungen, Sortieren, Vermessen, Kontrollieren und Lagern von Holz und Rohmaterialien, Einrichten und Instandhalten von Maschinenwerkzeugen, Einrichten, Bedienen und Instandhalten von Geräten, Maschinen und Anlagen, Überwachen der Produktionsprozesse, Trocknen und Dämpfen von Holz, Durchführen von Holzschutzmaßnahmen, Transportieren, Lagern und Pflegen von Halb, und Fertigerzeugnissen, Vorbereiten des Versands der Erzeugnisse.","['Hobel', 'Holzleimbau', 'sowie Holzwerkstoffindustrie', 'Herstellen von Holz', 'Halb']",150.85073299305532,-172.34587183332295
80,,"Kunststoffherstellung und -verarbeitung, Holzbe- und -verarbeitung",IT & Technik,42,"['Beschäftigungsmöglichkeiten haben Lacklaboranten/', 'laborantinnen in der chemischen, lackherstellenden und lackverarbeitenden Industrie, aber auch an wissenschaftlichen Instituten.']","['Prüfen von Rohstoffen und Halbfabrikaten mit Hilfe physikalischer und chemischer Methoden, Ermitteln von Eigenschaften von Beschichtungsstoffen und Ableiten von deren Einsatzgebieten, Formulieren von Rezepturen für Beschichtungsstoffe und Beschichtungssystemen nach speziellen Anforderungsprofilen und nach Aufträgen von Kunden, Herstellen von Beschichtungsstoffen, dabei selbständiges Auswählen der einzusetzenden Arbeitstechniken und Geräte, Ermitteln von beschichtungstechnologischen Kennzahlen und Prüfen der Beständigkeit der Beschichtungen gegenüber physikalischen und chemischen Beanspruchungen, Beurteilen der Oberflächenbeschaffenheit von Untergründen und Beschichtungen, Auswerten von Mess', 'und Untersuchungsdaten, insbesondere unter Einsatz elektronischer Datenverarbeitung und Dokumentieren der Ergebnisse, Applizieren von Beschichtungsstoffen manuell und unter Zuhilfenahme automatisierter Verfahren, Berücksichtigen der einschlägigen Sicherheits', 'und Umweltvorschriften beim Umgang mit Arbeitsstoffen, Geräten und Apparaturen, Beraten von Kunden, Anwenden von Maßnahmen des Qualitätsmanagements bei der Arbeit.']",https://www.bibb.de/dienst/berufesuche/de/index_berufesuche.php/profile/apprenticeship/kkjkhjk,"Tätigkeitsfelder: Beschäftigungsmöglichkeiten haben Lacklaboranten/, laborantinnen in der chemischen, lackherstellenden und lackverarbeitenden Industrie, aber auch an wissenschaftlichen Instituten.; Profil: Prüfen von Rohstoffen und Halbfabrikaten mit Hilfe physikalischer und chemischer Methoden, Ermitteln von Eigenschaften von Beschichtungsstoffen und Ableiten von deren Einsatzgebieten, Formulieren von Rezepturen für Beschichtungsstoffe und Beschichtungssystemen nach speziellen Anforderungsprofilen und nach Aufträgen von Kunden, Herstellen von Beschichtungsstoffen, dabei selbständiges Auswählen der einzusetzenden Arbeitstechniken und Geräte, Ermitteln von beschichtungstechnologischen Kennzahlen und Prüfen der Beständigkeit der Beschichtungen gegenüber physikalischen und chemischen Beanspruchungen, Beurteilen der Oberflächenbeschaffenheit von Untergründen und Beschichtungen, Auswerten von Mess, und Untersuchungsdaten, insbesondere unter Einsatz elektronischer Datenverarbeitung und Dokumentieren der Ergebnisse, Applizieren von Beschichtungsstoffen manuell und unter Zuhilfenahme automatisierter Verfahren, Berücksichtigen der einschlägigen Sicherheits, und Umweltvorschriften beim Umgang mit Arbeitsstoffen, Geräten und Apparaturen, Beraten von Kunden, Anwenden von Maßnahmen des Qualitätsmanagements bei der Arbeit.",[],-10.47967064491295,-32.13048495734311
81,,"Kunststoffherstellung und -verarbeitung, Holzbe- und -verarbeitung",IT & Technik,36,[],[],https://www.bibb.de/dienst/berufesuche/de/index_berufesuche.php/profile/apprenticeship/768tu63r,,[],-362.29674520471417,191.99426007981612
82,,"Kunststoffherstellung und -verarbeitung, Holzbe- und -verarbeitung",IT & Technik,36,"['Ihren Arbeitsplatz haben Tischler/innen in kleinen und mittleren Handwerksbetrieben, z.B. in Bau', 'und Möbeltischlereien, Fensterbaubetrieben und bei Innenausbaubetrieben.']","['Entwerfen und Zeichnen von Erzeugnissen nach gestalterischen und funktionalen Gesichtspunkten, Auswählen von Holz und Holzwerkstoffen nach Verwendungszweck und Wirtschaftlichkeit, Herstellen von Teilen aus Holz und Holzwerkstoffen von Hand und mit Maschinen, Zusammensetzen von Teilen zu Erzeugnissen, Verarbeiten von Furnieren, Kunststoffen, Metallen, Glas und Hilfsstoffen, Rüsten, Bedienen und Warten von Maschinen, Maschinenwerkzeugen, Anlagen und Vorrichtungen, Rüsten, Bedienen und Warten von pneumatischen, hydraulischen und elektronischen Geräten und Einrichtungen, Veredeln von Oberflächen durch Ansetzen und Auftragen von Beizen und Färbemitteln sowie Vorbereiten und Auftragen unterschiedlicher Beschichtungsmaterialien, Einbauen von montagefertigen Teilen und Erzeugnissen.']",https://www.bibb.de/dienst/berufesuche/de/index_berufesuche.php/profile/apprenticeship/n7865435,"Tätigkeitsfelder: Ihren Arbeitsplatz haben Tischler/innen in kleinen und mittleren Handwerksbetrieben, z.B. in Bau, und Möbeltischlereien, Fensterbaubetrieben und bei Innenausbaubetrieben.; Profil: Entwerfen und Zeichnen von Erzeugnissen nach gestalterischen und funktionalen Gesichtspunkten, Auswählen von Holz und Holzwerkstoffen nach Verwendungszweck und Wirtschaftlichkeit, Herstellen von Teilen aus Holz und Holzwerkstoffen von Hand und mit Maschinen, Zusammensetzen von Teilen zu Erzeugnissen, Verarbeiten von Furnieren, Kunststoffen, Metallen, Glas und Hilfsstoffen, Rüsten, Bedienen und Warten von Maschinen, Maschinenwerkzeugen, Anlagen und Vorrichtungen, Rüsten, Bedienen und Warten von pneumatischen, hydraulischen und elektronischen Geräten und Einrichtungen, Veredeln von Oberflächen durch Ansetzen und Auftragen von Beizen und Färbemitteln sowie Vorbereiten und Auftragen unterschiedlicher Beschichtungsmaterialien, Einbauen von montagefertigen Teilen und Erzeugnissen.",[],25.927890000245462,-5.266087584366591
83,,"Land-, Tier- und Forstwirtschaftsberufe",Natur & Umwelt,36,"['Fachkräfte Agrarservice arbeiten in landwirtschaftlichen Betrieben des Pflanzenbaus, landwirtschaftliche Lohnunternehmen sowie agrartechnischen Dienstleistungsunternehmen']","['Durchführen der Arbeiten selbständig oder im Team auf der Grundlage von Arbeitsaufträgen unter Beachtung des Umweltschutzes, der Arbeitsicherheit und des Gesundheitsschutzes, Planen und Dokumentieren der Arbeit, Festlegen der Arbeitschritte und Kontrollieren und Bewerten der Arbeitsergebnisse, Beurteilen betrieblicher Abläufe und Mitwirken bei der Organisation des Betriebes, Anwenden von Kommunikations', 'und Informationstechniken betriebsintern und im Umgang mit Kunden, Durchführen von qualitätssichernden Maßnahmen, Nutzen, Pflegen, Warten und Instandhalten der Agrartechnik, Bedienen und Führen von landwirtschaftlichen Maschinen, Durchführen von Maßnahmen zur Pflanzenproduktion, Durchführen der Bodenbearbeitung, Ausbringen von Saat', 'und Pflanzgut, Durchführen von Dünge', 'und Pflanzenschutzmaßnahmen, Beurteilen von Pflanzenbeständen im Vegetationsablauf, Ernten, Lagern und Konservieren von pflanzlichen Produkten, Durchführen von Maßnahmen zur Landschaftspflege.']",https://www.bibb.de/dienst/berufesuche/de/index_berufesuche.php/profile/apprenticeship/fdsdfs,"Tätigkeitsfelder: Fachkräfte Agrarservice arbeiten in landwirtschaftlichen Betrieben des Pflanzenbaus, landwirtschaftliche Lohnunternehmen sowie agrartechnischen Dienstleistungsunternehmen; Profil: Durchführen der Arbeiten selbständig oder im Team auf der Grundlage von Arbeitsaufträgen unter Beachtung des Umweltschutzes, der Arbeitsicherheit und des Gesundheitsschutzes, Planen und Dokumentieren der Arbeit, Festlegen der Arbeitschritte und Kontrollieren und Bewerten der Arbeitsergebnisse, Beurteilen betrieblicher Abläufe und Mitwirken bei der Organisation des Betriebes, Anwenden von Kommunikations, und Informationstechniken betriebsintern und im Umgang mit Kunden, Durchführen von qualitätssichernden Maßnahmen, Nutzen, Pflegen, Warten und Instandhalten der Agrartechnik, Bedienen und Führen von landwirtschaftlichen Maschinen, Durchführen von Maßnahmen zur Pflanzenproduktion, Durchführen der Bodenbearbeitung, Ausbringen von Saat, und Pflanzgut, Durchführen von Dünge, und Pflanzenschutzmaßnahmen, Beurteilen von Pflanzenbeständen im Vegetationsablauf, Ernten, Lagern und Konservieren von pflanzlichen Produkten, Durchführen von Maßnahmen zur Landschaftspflege.",['und Pflanzgut Durchführen von Dünge'],89.5198050873527,-120.27964465383987
84,,"Land-, Tier- und Forstwirtschaftsberufe",Natur & Umwelt,36,"['Beschäftigung finden Forstwirte/', 'wirtinnen in Forstbetrieben, Forstunternehmen, Baumschulen, forstlichen Dienstleistungsunternehmen, in Unternehmen des Natur', 'und Umweltschutzes sowie der Landwirtschaftspflege und im Entwicklungsdienst.']","['Begründen, Schützen und Pflegen der Waldbestände, Erhalten, Schützen und Entwickeln von besonderen Lebensräumen, Anlegen und Pflegen von Schutz', 'und Erholungseinrichtungen, Ernten, Vermessen und Sortieren von Holz, Bringen und Lagern von Holz, Handhaben, Warten und Instandsetzen von Maschinen und Geräten, Planen, Vorbereiten und Kontrollieren der Arbeiten, Selbständiges Ausführen der Tätigkeiten unter Beachtung des Natur', 'und Umweltschutzes, der Sicherheit und des Gesundheitsschutzes und der Ergonomie am Arbeitsplatz.']",https://www.bibb.de/dienst/berufesuche/de/index_berufesuche.php/profile/apprenticeship/0621101,"Tätigkeitsfelder: Beschäftigung finden Forstwirte/, wirtinnen in Forstbetrieben, Forstunternehmen, Baumschulen, forstlichen Dienstleistungsunternehmen, in Unternehmen des Natur, und Umweltschutzes sowie der Landwirtschaftspflege und im Entwicklungsdienst.; Profil: Begründen, Schützen und Pflegen der Waldbestände, Erhalten, Schützen und Entwickeln von besonderen Lebensräumen, Anlegen und Pflegen von Schutz, und Erholungseinrichtungen, Ernten, Vermessen und Sortieren von Holz, Bringen und Lagern von Holz, Handhaben, Warten und Instandsetzen von Maschinen und Geräten, Planen, Vorbereiten und Kontrollieren der Arbeiten, Selbständiges Ausführen der Tätigkeiten unter Beachtung des Natur, und Umweltschutzes, der Sicherheit und des Gesundheitsschutzes und der Ergonomie am Arbeitsplatz.",['Beschäftigung finden Forstwirte/'],-12.462517188383071,-7.60353463903924
85,,"Land-, Tier- und Forstwirtschaftsberufe",Natur & Umwelt,36,[],[],https://www.bibb.de/dienst/berufesuche/de/index_berufesuche.php/profile/apprenticeship/0110101,,[],-362.29674520471417,191.99426007981612
86,,"Land-, Tier- und Forstwirtschaftsberufe",Natur & Umwelt,36,"['Pflanzentechnologen/Pflanzentechnologinnen arbeiten in öffentlichen Einrichtungen und privaten Betrieben der Pflanzenzüchtung, des Versuchswesens und der Pflanzenvermehrung sowie in agrarwirtschaftlichen und gärtnerischen Untersuchungslaboren.']","['Anbauen, Pflegen und Ernten von Kulturpflanzen zu Versuchs', 'und Vermehrungszwecken, Planen, Durchführen und Dokumentieren von Versuchen und Untersuchungsreihen, Anwenden von Züchtungs', 'und Vermehrungsverfahren, Durchführen von Probennahmen und Probenanalysen, Anwenden von Qualitätssicherungssystemen, Einsetzen, Pflegen und Warten von Maschinen und Geräten, Planen und Dokumentieren von Arbeiten, Festlegen von Arbeitsschritten sowie Kontrollieren und Bewerten von Arbeitsergebnissen, Anwenden von Maßnahmen der Arbeitssicherheit und des Gesundheitsschutzes, Durchführen von Arbeiten selbstständig oder im Team auf der Grundlage von Arbeitsaufträgen unter Beachtung des Umwelt', 'und Naturschutzes, ökologischer Zusammenhänge und der Nachhaltigkeit, Beurteilen betrieblicher Abläufe und Mitwirken bei der Organisation des Betriebes, Anwenden von Kommunikations', 'und Informationstechniken.']",https://www.bibb.de/dienst/berufesuche/de/index_berufesuche.php/profile/apprenticeship/290312,"Tätigkeitsfelder: Pflanzentechnologen/Pflanzentechnologinnen arbeiten in öffentlichen Einrichtungen und privaten Betrieben der Pflanzenzüchtung, des Versuchswesens und der Pflanzenvermehrung sowie in agrarwirtschaftlichen und gärtnerischen Untersuchungslaboren.; Profil: Anbauen, Pflegen und Ernten von Kulturpflanzen zu Versuchs, und Vermehrungszwecken, Planen, Durchführen und Dokumentieren von Versuchen und Untersuchungsreihen, Anwenden von Züchtungs, und Vermehrungsverfahren, Durchführen von Probennahmen und Probenanalysen, Anwenden von Qualitätssicherungssystemen, Einsetzen, Pflegen und Warten von Maschinen und Geräten, Planen und Dokumentieren von Arbeiten, Festlegen von Arbeitsschritten sowie Kontrollieren und Bewerten von Arbeitsergebnissen, Anwenden von Maßnahmen der Arbeitssicherheit und des Gesundheitsschutzes, Durchführen von Arbeiten selbstständig oder im Team auf der Grundlage von Arbeitsaufträgen unter Beachtung des Umwelt, und Naturschutzes, ökologischer Zusammenhänge und der Nachhaltigkeit, Beurteilen betrieblicher Abläufe und Mitwirken bei der Organisation des Betriebes, Anwenden von Kommunikations, und Informationstechniken.",['und Informationstechniken'],157.08063244729857,-154.33268093213272
87,,"Land-, Tier- und Forstwirtschaftsberufe",Natur & Umwelt,36,"['Revierjäger und Revierjägerinnen arbeiten in privaten, kommunalen und staatlichen Jagd', 'und Forstbetrieben, darüber hinaus auch in Schutzgebieten, Verbänden sowie in der jagdlichen Aus', 'und Weiterbildung.']","['Gestalten von Lebensräumen von Wildtieren und von Jagdrevieren, nachhaltiges Bewirtschaften von Wildbeständen, Erheben von Daten über Wildbestände und Lebensräume, Durchführen von Maßnahmen zum Wild', 'und Jagdschutz, Organisieren des Jagdbetriebes und Durchführen von Jagden, Führen von Jagdwaffen und tierschutzgerechtes Einsetzen, Halten, Füttern und Einsetzen von Jagdgebrauchshunden, Beurteilen und Vermarkten erlegten Wildes, Durchführen von Maßnahmen zum Tierschutz, zum Artenschutz und zum Naturschutz unter Berücksichtigung ökologischer Zusammenhänge und der Nachhaltigkeit, Durchführen von Maßnahmen der Öffentlichkeitsarbeit und Veranstaltungen, Planen und Dokumentieren von Arbeiten, Festlegen von Arbeitsschritten sowie Kontrollieren und Bewerten von Arbeitsergebnissen, Durchführen von Arbeiten selbstständig oder im Team unter Beachtung der betrieblichen Rahmen¬bedingungen, des Umweltschutzes, der Arbeitssicherheit und des Gesundheitsschutzes, Beurteilen betrieblicher Abläufe und Mitwirken bei der Organisation des Betriebes.']",https://www.bibb.de/dienst/berufesuche/de/index_berufesuche.php/profile/apprenticeship/revi8796,"Tätigkeitsfelder: Revierjäger und Revierjägerinnen arbeiten in privaten, kommunalen und staatlichen Jagd, und Forstbetrieben, darüber hinaus auch in Schutzgebieten, Verbänden sowie in der jagdlichen Aus, und Weiterbildung.; Profil: Gestalten von Lebensräumen von Wildtieren und von Jagdrevieren, nachhaltiges Bewirtschaften von Wildbeständen, Erheben von Daten über Wildbestände und Lebensräume, Durchführen von Maßnahmen zum Wild, und Jagdschutz, Organisieren des Jagdbetriebes und Durchführen von Jagden, Führen von Jagdwaffen und tierschutzgerechtes Einsetzen, Halten, Füttern und Einsetzen von Jagdgebrauchshunden, Beurteilen und Vermarkten erlegten Wildes, Durchführen von Maßnahmen zum Tierschutz, zum Artenschutz und zum Naturschutz unter Berücksichtigung ökologischer Zusammenhänge und der Nachhaltigkeit, Durchführen von Maßnahmen der Öffentlichkeitsarbeit und Veranstaltungen, Planen und Dokumentieren von Arbeiten, Festlegen von Arbeitsschritten sowie Kontrollieren und Bewerten von Arbeitsergebnissen, Durchführen von Arbeiten selbstständig oder im Team unter Beachtung der betrieblichen Rahmen¬bedingungen, des Umweltschutzes, der Arbeitssicherheit und des Gesundheitsschutzes, Beurteilen betrieblicher Abläufe und Mitwirken bei der Organisation des Betriebes.",['und Weiterbildung'],129.4551283368674,-98.6792879457463
88,,"Land-, Tier- und Forstwirtschaftsberufe",Natur & Umwelt,36,"['Winzer/innen arbeiten in Weinbaubetrieben bzw. Weingütern sowie in Betrieben der vor', 'und nachgelagerten Bereiche des Weinbaus.']","['Anbau und Pflege von Reben zur Erzeugung von Trauben, Bereiten von Wein, Herstellen sonstiger Erzeugnisse aus Trauben und Wein, Handhaben und Instandhalten von Maschinen, Geräten sowie Betriebseinrichtungen, Wahrnehmen und Beurteilen von Vorgängen, Beschaffen und Auswerten von Informationen, Bearbeiten und Pflegen des Bodens unter Erhaltung einer nachhaltigen Bodenfruchtbarkeit, qualitätsorientiertes und umweltschonendes Pflanzen, Pflegen und Nutzen von Reben, Bereiten von Wein unter Anwendung oenologischer Verfahren, Füllen, Ausstatten und Verpacken von Wein, Beurteilen und Präsentieren von Wein, Herstellen von sonstigen Erzeugnissen aus Trauben und Wein, Vermarkten von Wein und sonstigen betrieblichen Erzeugnissen, Beraten von Kunden, Beachtung der nationalen und EG', 'rechtlichen Vorschriften, Selbständiges Ausführen der Arbeiten unter Beachtung des Natur', 'und Umweltschutzes, der Sicherheit und des Gesundheitsschutzes am Arbeitsplatz.']",https://www.bibb.de/dienst/berufesuche/de/index_berufesuche.php/profile/apprenticeship/0120101,"Tätigkeitsfelder: Winzer/innen arbeiten in Weinbaubetrieben bzw. Weingütern sowie in Betrieben der vor, und nachgelagerten Bereiche des Weinbaus.; Profil: Anbau und Pflege von Reben zur Erzeugung von Trauben, Bereiten von Wein, Herstellen sonstiger Erzeugnisse aus Trauben und Wein, Handhaben und Instandhalten von Maschinen, Geräten sowie Betriebseinrichtungen, Wahrnehmen und Beurteilen von Vorgängen, Beschaffen und Auswerten von Informationen, Bearbeiten und Pflegen des Bodens unter Erhaltung einer nachhaltigen Bodenfruchtbarkeit, qualitätsorientiertes und umweltschonendes Pflanzen, Pflegen und Nutzen von Reben, Bereiten von Wein unter Anwendung oenologischer Verfahren, Füllen, Ausstatten und Verpacken von Wein, Beurteilen und Präsentieren von Wein, Herstellen von sonstigen Erzeugnissen aus Trauben und Wein, Vermarkten von Wein und sonstigen betrieblichen Erzeugnissen, Beraten von Kunden, Beachtung der nationalen und EG, rechtlichen Vorschriften, Selbständiges Ausführen der Arbeiten unter Beachtung des Natur, und Umweltschutzes, der Sicherheit und des Gesundheitsschutzes am Arbeitsplatz.",['und nachgelagerten Bereiche des Weinbaus'],-19.582259009794825,8.615687697932906
89,,Lebensmittelherstellung und -verarbeitung,IT & Technik,36,"['Brauer und Mälzer / Brauerinnen und Mälzerinnen arbeiten in Brauereien, Mälzereien und Herstellungsbetrieben alkoholfreier Getränke, Betrieben der pharmazeutischen und chemischen Industrie sowie Betrieben der Lebensmittelherstellung und der Zulieferindustrie.']","['Brauen von Bieren, Herstellen von Würze, Propagieren von Hefen und Milchsäurebakterien, Vergären der Würze, Reifen und Lagern des Jungbieres, Filtrieren des Bieres, Herstellen von Malz, Herstellen von alkoholfreien Bieren, Biermischgetränken und alkoholfreien Getränken, Bedienen und Warten von Anlagen und Maschinen zur Produktion und Abfüllung von Getränken, Produkte präsentieren und Kunden beraten, Betreiben von Getränkeschankanlagen, Planen und nachhaltiges Umsetzen des Einsatzes von Energie, Kohlendioxid, Druckluft, Kühlung und Wasser, Lagern von Rohstoffen, Hilfsstoffen und Betriebsstoffen sowie von Endprodukten, Ausführen von Hygienemaßnahmen, Durchführen von qualitätssichernden Maßnahmen, Durchführen von mikrobiologischen Untersuchungen, sensorischen Prüfungen und chemisch', 'technischen Analysen und, Anwenden berufsbezogener Vorschriften.']",https://www.bibb.de/dienst/berufesuche/de/index_berufesuche.php/profile/apprenticeship/74oiu4,"Tätigkeitsfelder: Brauer und Mälzer / Brauerinnen und Mälzerinnen arbeiten in Brauereien, Mälzereien und Herstellungsbetrieben alkoholfreier Getränke, Betrieben der pharmazeutischen und chemischen Industrie sowie Betrieben der Lebensmittelherstellung und der Zulieferindustrie.; Profil: Brauen von Bieren, Herstellen von Würze, Propagieren von Hefen und Milchsäurebakterien, Vergären der Würze, Reifen und Lagern des Jungbieres, Filtrieren des Bieres, Herstellen von Malz, Herstellen von alkoholfreien Bieren, Biermischgetränken und alkoholfreien Getränken, Bedienen und Warten von Anlagen und Maschinen zur Produktion und Abfüllung von Getränken, Produkte präsentieren und Kunden beraten, Betreiben von Getränkeschankanlagen, Planen und nachhaltiges Umsetzen des Einsatzes von Energie, Kohlendioxid, Druckluft, Kühlung und Wasser, Lagern von Rohstoffen, Hilfsstoffen und Betriebsstoffen sowie von Endprodukten, Ausführen von Hygienemaßnahmen, Durchführen von qualitätssichernden Maßnahmen, Durchführen von mikrobiologischen Untersuchungen, sensorischen Prüfungen und chemisch, technischen Analysen und, Anwenden berufsbezogener Vorschriften.",[],57.57919970533682,-27.258709750009636
90,,Lebensmittelherstellung und -verarbeitung,IT & Technik,36,[],[],https://www.bibb.de/dienst/berufesuche/de/index_berufesuche.php/profile/apprenticeship/4231101,,[],-362.29674520471417,191.99426007981612
91,,Lebensmittelherstellung und -verarbeitung,IT & Technik,36,"['Bäcker/Bäckerinnen arbeiten sowohl im Nahrungsmittelhandwerk als auch in der Nahrungsmittelindustrie, z.B. in Großbäckereien. Beschäftigung finden sie auch in Spezial', 'und Diät', 'Bäckereien sowie in der Gastronomie und im Catering.']","['Herstellen von Brot und Kleingebäck aus unterschiedlichen Getreideerzeugnissen, auch unter Verwendung von Sauerteig, Herstellen von feinen Backwaren aus Wiener Masse, Biskuit', ', Sand', ', Brand', ', Makronen', 'und Röstmasse sowie Blätter', ', Mürbe', ', Hefe', 'und Lebkuchenteigen, Herstellen von Backwaren', 'Snacks aus unterschiedlichen Rohstoffen und Teigen, Herstellen von Party', ', Salz', ', Käse', ', Dauergebäcken und diätetischen Bäckereierzeugnissen, Zubereiten von kleinen Gerichten unter Verwendung frischer Rohstoffe, Beherrschen von Planung und Durchführung arbeits', 'und backtechnischer Verfahren und Beachten von Methoden der Qualitätssicherung, Anwenden von Vorschriften der Lebensmittelhygiene, des Lebensmittelrechts sowie des Arbeitsschutzes, Berücksichtigen von ernährungsphysiologischen, ökonomischen und umweltbezogenen Gesichtspunkten, Beherrschen der Grundlagen der betrieblichen Kalkulation, Erarbeiten von anlassbezogenen Produktvorschlägen.']",https://www.bibb.de/dienst/berufesuche/de/index_berufesuche.php/profile/apprenticeship/7867zu60,"Tätigkeitsfelder: Bäcker/Bäckerinnen arbeiten sowohl im Nahrungsmittelhandwerk als auch in der Nahrungsmittelindustrie, z.B. in Großbäckereien. Beschäftigung finden sie auch in Spezial, und Diät, Bäckereien sowie in der Gastronomie und im Catering.; Profil: Herstellen von Brot und Kleingebäck aus unterschiedlichen Getreideerzeugnissen, auch unter Verwendung von Sauerteig, Herstellen von feinen Backwaren aus Wiener Masse, Biskuit, , Sand, , Brand, , Makronen, und Röstmasse sowie Blätter, , Mürbe, , Hefe, und Lebkuchenteigen, Herstellen von Backwaren, Snacks aus unterschiedlichen Rohstoffen und Teigen, Herstellen von Party, , Salz, , Käse, , Dauergebäcken und diätetischen Bäckereierzeugnissen, Zubereiten von kleinen Gerichten unter Verwendung frischer Rohstoffe, Beherrschen von Planung und Durchführung arbeits, und backtechnischer Verfahren und Beachten von Methoden der Qualitätssicherung, Anwenden von Vorschriften der Lebensmittelhygiene, des Lebensmittelrechts sowie des Arbeitsschutzes, Berücksichtigen von ernährungsphysiologischen, ökonomischen und umweltbezogenen Gesichtspunkten, Beherrschen der Grundlagen der betrieblichen Kalkulation, Erarbeiten von anlassbezogenen Produktvorschlägen.","['und Diät', 'Sand', 'Brand', 'Makronen', 'und Röstmasse sowie Blätter', 'Mürbe', 'Hefe', 'und Lebkuchenteigen Herstellen von Backwaren', 'Salz', 'Käse']",-99.59745088172309,30.864191775640922
92,,Lebensmittelherstellung und -verarbeitung,IT & Technik,36,[],[],https://www.bibb.de/dienst/berufesuche/de/index_berufesuche.php/profile/apprenticeship/4231301,,[],-362.29674520471417,191.99426007981612
93,,Lebensmittelherstellung und -verarbeitung,IT & Technik,24,"['Fachkräfte Küche arbeiten vorwiegend in der Hotellerie und Gastronomie, insbesondere in Hotels und Restaurants sowie in der Gemeinschaftsgastronomie zum Beispiel in Schulen, Mensen, Krankenhäusern, Altenheimen und Betriebsrestaurants.']","['Zubereiten von Salaten, Eierspeisen und Gemüsegerichten, Zubereiten von einfachen Suppen, Soßen und Eintöpfen, Zubereiten von Sättigungsbeilagen, Zubereiten von einfachen Fleisch', 'und Fischgerichten, Anrichten und Garnieren von Gerichten und Speisen, Annehmen und Einlagern von Waren, Einsetzen von Geräten, Maschinen und Arbeitsmitteln, Anwenden von Arbeitstechniken und Garverfahren in der Küche, Umsetzen von Hygienemaßnahmen, Beachten von Nachhaltigkeitsaspekten, Arbeiten im Team.']",https://www.bibb.de/dienst/berufesuche/de/index_berufesuche.php/profile/apprenticeship/fakue22,"Tätigkeitsfelder: Fachkräfte Küche arbeiten vorwiegend in der Hotellerie und Gastronomie, insbesondere in Hotels und Restaurants sowie in der Gemeinschaftsgastronomie zum Beispiel in Schulen, Mensen, Krankenhäusern, Altenheimen und Betriebsrestaurants.; Profil: Zubereiten von Salaten, Eierspeisen und Gemüsegerichten, Zubereiten von einfachen Suppen, Soßen und Eintöpfen, Zubereiten von Sättigungsbeilagen, Zubereiten von einfachen Fleisch, und Fischgerichten, Anrichten und Garnieren von Gerichten und Speisen, Annehmen und Einlagern von Waren, Einsetzen von Geräten, Maschinen und Arbeitsmitteln, Anwenden von Arbeitstechniken und Garverfahren in der Küche, Umsetzen von Hygienemaßnahmen, Beachten von Nachhaltigkeitsaspekten, Arbeiten im Team.",[],-41.35273438759906,13.248503887737984
94,,Lebensmittelherstellung und -verarbeitung,IT & Technik,36,[],[],https://www.bibb.de/dienst/berufesuche/de/index_berufesuche.php/profile/apprenticeship/4232101,,[],-362.29674520471417,191.99426007981612
95,,Lebensmittelherstellung und -verarbeitung,IT & Technik,36,"['Fachkräfte für Lebensmitteltechnik arbeiten in Betrieben sämtlicher Branchen der Lebensmittelindustrie, zum Beispiel der Getränke', ', Fleisch', ', Süßwaren', ', Nährmittel', 'sowie der Obst und Gemüse verarbeitenden Industrie.']","['Herstellung von Lebensmitteln nach vorgegebenen Rezepturen in industriell geprägten verfahrenstechnischen Prozessen, Steuern, Bedienen und Kontrollieren von Produktionsanlagen und Verpackungseinrichtungen unter Berücksichtigung von Sicherheit und Gesundheitsschutz bei der Arbeit, des Umweltschutzes sowie des Qualitätsmanagements, Erkennen von Störungen in den Prozessabläufen und Ergreifen von Maßnahmen zur Sicherung der Prozessabläufe, Produktgerechtes Lagern von Stoffen, Reinigen, Pflegen und Warten der Einrichtungen und Anlagen, Dokumentieren von prozess', 'und qualitätsrelevanten Daten, Einsetzen von Mitteln der Kommunikation, Auftragsbezogenes Planen und Organisieren der Arbeitsabläufe.']",https://www.bibb.de/dienst/berufesuche/de/index_berufesuche.php/profile/apprenticeship/4326701,"Tätigkeitsfelder: Fachkräfte für Lebensmitteltechnik arbeiten in Betrieben sämtlicher Branchen der Lebensmittelindustrie, zum Beispiel der Getränke, , Fleisch, , Süßwaren, , Nährmittel, sowie der Obst und Gemüse verarbeitenden Industrie.; Profil: Herstellung von Lebensmitteln nach vorgegebenen Rezepturen in industriell geprägten verfahrenstechnischen Prozessen, Steuern, Bedienen und Kontrollieren von Produktionsanlagen und Verpackungseinrichtungen unter Berücksichtigung von Sicherheit und Gesundheitsschutz bei der Arbeit, des Umweltschutzes sowie des Qualitätsmanagements, Erkennen von Störungen in den Prozessabläufen und Ergreifen von Maßnahmen zur Sicherung der Prozessabläufe, Produktgerechtes Lagern von Stoffen, Reinigen, Pflegen und Warten der Einrichtungen und Anlagen, Dokumentieren von prozess, und qualitätsrelevanten Daten, Einsetzen von Mitteln der Kommunikation, Auftragsbezogenes Planen und Organisieren der Arbeitsabläufe.","['Fleisch', 'Süßwaren', 'Nährmittel']",-61.51491842471853,-34.87821800594872
96,,Lebensmittelherstellung und -verarbeitung,IT & Technik,36,"['Fleischer / Fleischerinnen arbeiten im Fleischerhandwerk, in Fleischerfachgeschäften und Einzelhandelsgeschäften, in der Fleischwarenindustrie, in Schlachthöfen, im Fleischgroßhandel und in Fleischzerlegebetrieben.']","['Herstellen von vielfältigen Wurstwaren, insbesondere Koch', ', Brüh', 'und Rohwurst, Zerlegen von Schlachttierkörpern, Herrichten von Teilstücken zur weiteren Verarbeitung und für den Verkauf, Herstellen von Roh', 'und Kochpökelware, von küchenfertigen und garfertigen Erzeugnissen, von Hackfleisch und Hackfleischerzeugnissen, Anwenden von Verfahren zur Lagerung und Verpackung, Bedienen von Anlagen, Maschinen und Geräten, Sichern der Qualität der Erzeugnisse, Arbeiten undGestalten selbständig und im Team, Anwenden von Vorschriften des Lebensmittel', 'und des Hygienerechts sowie des Arbeits', 'und des Gesundheitsschutzes, Berücksichtigen von ökonomischen und umweltbezogenen Aspekten sowie Gesichtspunkten des Verbraucherschutzes, Präsentieren der Produkte.']",https://www.bibb.de/dienst/berufesuche/de/index_berufesuche.php/profile/apprenticeship/loli0978,"Tätigkeitsfelder: Fleischer / Fleischerinnen arbeiten im Fleischerhandwerk, in Fleischerfachgeschäften und Einzelhandelsgeschäften, in der Fleischwarenindustrie, in Schlachthöfen, im Fleischgroßhandel und in Fleischzerlegebetrieben.; Profil: Herstellen von vielfältigen Wurstwaren, insbesondere Koch, , Brüh, und Rohwurst, Zerlegen von Schlachttierkörpern, Herrichten von Teilstücken zur weiteren Verarbeitung und für den Verkauf, Herstellen von Roh, und Kochpökelware, von küchenfertigen und garfertigen Erzeugnissen, von Hackfleisch und Hackfleischerzeugnissen, Anwenden von Verfahren zur Lagerung und Verpackung, Bedienen von Anlagen, Maschinen und Geräten, Sichern der Qualität der Erzeugnisse, Arbeiten undGestalten selbständig und im Team, Anwenden von Vorschriften des Lebensmittel, und des Hygienerechts sowie des Arbeits, und des Gesundheitsschutzes, Berücksichtigen von ökonomischen und umweltbezogenen Aspekten sowie Gesichtspunkten des Verbraucherschutzes, Präsentieren der Produkte.","['Brüh', 'und des Hygienerechts sowie des Arbeits']",-26.896118633366704,-27.0645937782908
97,,Lebensmittelherstellung und -verarbeitung,IT & Technik,36,"['Köche und Köchinnen arbeiten vorwiegend in der Hotellerie und Gastronomie, insbesondere in Hotels und Restaurants sowie in der Gemeinschaftsgastronomie zum Beispiel in Schulen, Mensen, Krankenhäusern, Altenheimen und Betriebsrestaurants.']","['Herstellen von Gerichten und Speisen, Verarbeiten und Zubereiten von pflanzlichen Nahrungsmitteln und Sättigungsbeilagen, Herstellen von Suppen, Soßen und Eintöpfen, Herstellen von Süßspeisen, Eierspeisen sowie Salate, Verarbeiten und Zubereiten von Fisch, Verarbeiten und Zubereiten von Schlachtfleisch, Wild und Geflügel, Herstellen von Teigen und Massen, Planen von Arbeitsabläufen in der Küche, Beschaffen, Annehmen und Einlagern von Waren, Ermitteln und Kalkulieren von Kosten, Erträgen und Preisen, nachhaltiges Einsetzen von Geräten, Maschinen, Arbeitsmitteln, Lebensmitteln und Ressourcen, Anwenden und Weiterentwickeln von Hygienevorschriften und Durchführen von Dokumentationen, Berücksichtigen von ernährungsphysiologischen, ökonomischen und ökologischen Gesichtspunkten, Erarbeiten von Menüvorschlägen und Beraten der Gäste, Arbeiten im Team, Anleiten und Führen von Mitarbeitenden.']",https://www.bibb.de/dienst/berufesuche/de/index_berufesuche.php/profile/apprenticeship/koch22,"Tätigkeitsfelder: Köche und Köchinnen arbeiten vorwiegend in der Hotellerie und Gastronomie, insbesondere in Hotels und Restaurants sowie in der Gemeinschaftsgastronomie zum Beispiel in Schulen, Mensen, Krankenhäusern, Altenheimen und Betriebsrestaurants.; Profil: Herstellen von Gerichten und Speisen, Verarbeiten und Zubereiten von pflanzlichen Nahrungsmitteln und Sättigungsbeilagen, Herstellen von Suppen, Soßen und Eintöpfen, Herstellen von Süßspeisen, Eierspeisen sowie Salate, Verarbeiten und Zubereiten von Fisch, Verarbeiten und Zubereiten von Schlachtfleisch, Wild und Geflügel, Herstellen von Teigen und Massen, Planen von Arbeitsabläufen in der Küche, Beschaffen, Annehmen und Einlagern von Waren, Ermitteln und Kalkulieren von Kosten, Erträgen und Preisen, nachhaltiges Einsetzen von Geräten, Maschinen, Arbeitsmitteln, Lebensmitteln und Ressourcen, Anwenden und Weiterentwickeln von Hygienevorschriften und Durchführen von Dokumentationen, Berücksichtigen von ernährungsphysiologischen, ökonomischen und ökologischen Gesichtspunkten, Erarbeiten von Menüvorschlägen und Beraten der Gäste, Arbeiten im Team, Anleiten und Führen von Mitarbeitenden.",[],80.69411677366877,-55.526028389122004
98,,Lebensmittelherstellung und -verarbeitung,IT & Technik,36,"['Ihren Arbeitsplatz haben Konditoren und Konditorinnen vor allem in handwerklich arbeitenden Betrieben, zum Beispiel in Konditoreien, Konditorei/Cafés und Bäckereien. Nicht selten werden sie in der Gastronomie als Patissiers beschäftigt, zum Beispiel in großen Hotel', 'und Restaurantbetrieben. Ein weiteres Betätigungsfeld bietet sich in gewissem Umfang in den Produktentwicklungsabteilungen von Unternehmen der Süß', 'und Backwarenindustrie.']","['Beherrschen der handwerklichen Herstellung von Konditorwaren, Anwenden von Hygiene', ', Sicherheits', 'und Gesundheitsvorschriften und Maßnahmen der Qualitätssicherung, Berücksichtigenvon ernährungsphysiologischen, ökonomischen und umweltbezogenen Gesichtspunkten, Hertellen von feinen Backwaren aus Wiener Masse, Bisquit', ', Sand', ', Brand', ', Makronen', ', Lebkuchen', 'und Röstmasse sowie Blätter', ', Mürb', ', Hefe', 'und Lebkuchenteigen, Herstellen von Party', ', Salz', ', Käse', ', Dauergebäcken und diätetischen Konditoreierzeugnissen, Herstellen von Zuckererzeugnissen, Süßspeisen und Speiseeisprodukten, Herstellen von Marzipan', ', Schokolade', ', Nougaterzeugnissen und Pralinen, Entwerfen und Gestalten von Torten, Schaustücken und Präsentationsformen unterschiedlicher Konditoreierzeugnisse, Zubereiten von kleinen Gerichten unter Verwendung frischer Rohstoffe, Beherrschen der Grundlagen der betrieblichen Kalkulation, Erarbeiten von anlassbezogenen Produktvorschläge, Beraten von Kunden und Verkauf der Produkte.']",https://www.bibb.de/dienst/berufesuche/de/index_berufesuche.php/profile/apprenticeship/74564645,"Tätigkeitsfelder: Ihren Arbeitsplatz haben Konditoren und Konditorinnen vor allem in handwerklich arbeitenden Betrieben, zum Beispiel in Konditoreien, Konditorei/Cafés und Bäckereien. Nicht selten werden sie in der Gastronomie als Patissiers beschäftigt, zum Beispiel in großen Hotel, und Restaurantbetrieben. Ein weiteres Betätigungsfeld bietet sich in gewissem Umfang in den Produktentwicklungsabteilungen von Unternehmen der Süß, und Backwarenindustrie.; Profil: Beherrschen der handwerklichen Herstellung von Konditorwaren, Anwenden von Hygiene, , Sicherheits, und Gesundheitsvorschriften und Maßnahmen der Qualitätssicherung, Berücksichtigenvon ernährungsphysiologischen, ökonomischen und umweltbezogenen Gesichtspunkten, Hertellen von feinen Backwaren aus Wiener Masse, Bisquit, , Sand, , Brand, , Makronen, , Lebkuchen, und Röstmasse sowie Blätter, , Mürb, , Hefe, und Lebkuchenteigen, Herstellen von Party, , Salz, , Käse, , Dauergebäcken und diätetischen Konditoreierzeugnissen, Herstellen von Zuckererzeugnissen, Süßspeisen und Speiseeisprodukten, Herstellen von Marzipan, , Schokolade, , Nougaterzeugnissen und Pralinen, Entwerfen und Gestalten von Torten, Schaustücken und Präsentationsformen unterschiedlicher Konditoreierzeugnisse, Zubereiten von kleinen Gerichten unter Verwendung frischer Rohstoffe, Beherrschen der Grundlagen der betrieblichen Kalkulation, Erarbeiten von anlassbezogenen Produktvorschläge, Beraten von Kunden und Verkauf der Produkte.","['und Backwarenindustrie', 'Sicherheits', 'Sand', 'Brand', 'Makronen', 'Lebkuchen', 'und Röstmasse sowie Blätter', 'Mürb', 'Hefe', 'und Lebkuchenteigen Herstellen von Party']",-79.10561078475085,31.012236877262268
99,,Lebensmittelherstellung und -verarbeitung,IT & Technik,36,"['Milchtechnologen/Milchtechnologinnen arbeiten in milchverarbeitenden Betrieben, darüber hinaus auch in Betrieben der Lebensmittelindustrie, zum Beispiel der Feinkost', ', Getränke', 'oder Süßwarenherstellung, und weiteren verfahrenstechnischen Industriezweigen.']","['Herstellen von Milchprodukten unter Berücksichtigung lebensmittelrechtlicher Vorschriften und produktspezifischer Rezepturen und Anwenden der dazu erforderlichen Technologien, Vorbereiten, Inbetriebnehmen und Umrüsten von Produktionsanlagen, Anwenden von Prozessleitechnik, Feststellen von Störungen und Ergreifen von Maßnahmen zur Beseitigung, Anwenden von Qualitätssicherungssystemen, Prüfen, Lagern und Abgeben von Erzeugnissen und Produkten, produktspezifisches Anwenden von Verpackungstechnologien, Planen und Dokumentieren von Arbeiten, Festlegen von Arbeitsschritten sowie Kontrollieren und Bewerten von Arbeitsergebnissen, Durchführen von Arbeiten selbstständig oder im Team auf der Grundlage von Arbeitsaufträgen unter Beachtung des Umweltschutzes, der Nachhaltigkeit, der Arbeitssicherheit und des Gesundheitsschutzes, Beurteilen betrieblicher Abläufe und Mitwirken bei der Organisation des Betriebes, Durchführen und Bewerten von Maßnahmen der Personal', ', Produkt', 'und Betriebshygiene, Anwenden von Kommunikations', 'und Informationstechniken.']",https://www.bibb.de/dienst/berufesuche/de/index_berufesuche.php/profile/apprenticeship/molk4536,"Tätigkeitsfelder: Milchtechnologen/Milchtechnologinnen arbeiten in milchverarbeitenden Betrieben, darüber hinaus auch in Betrieben der Lebensmittelindustrie, zum Beispiel der Feinkost, , Getränke, oder Süßwarenherstellung, und weiteren verfahrenstechnischen Industriezweigen.; Profil: Herstellen von Milchprodukten unter Berücksichtigung lebensmittelrechtlicher Vorschriften und produktspezifischer Rezepturen und Anwenden der dazu erforderlichen Technologien, Vorbereiten, Inbetriebnehmen und Umrüsten von Produktionsanlagen, Anwenden von Prozessleitechnik, Feststellen von Störungen und Ergreifen von Maßnahmen zur Beseitigung, Anwenden von Qualitätssicherungssystemen, Prüfen, Lagern und Abgeben von Erzeugnissen und Produkten, produktspezifisches Anwenden von Verpackungstechnologien, Planen und Dokumentieren von Arbeiten, Festlegen von Arbeitsschritten sowie Kontrollieren und Bewerten von Arbeitsergebnissen, Durchführen von Arbeiten selbstständig oder im Team auf der Grundlage von Arbeitsaufträgen unter Beachtung des Umweltschutzes, der Nachhaltigkeit, der Arbeitssicherheit und des Gesundheitsschutzes, Beurteilen betrieblicher Abläufe und Mitwirken bei der Organisation des Betriebes, Durchführen und Bewerten von Maßnahmen der Personal, , Produkt, und Betriebshygiene, Anwenden von Kommunikations, und Informationstechniken.","['Getränke', 'Produkt', 'und Betriebshygiene Anwenden von Kommunikations', 'und Informationstechniken']",154.38073490757392,-159.59663655997355
100,,Lebensmittelherstellung und -verarbeitung,IT & Technik,36,"['Süßwarentechnologen und Süßwarentechnologinnen arbeiten in der Produktion von Süßwaren, insbesondere in den Bereichen Schokoladewaren und Konfekt, Bonbon', 'und Zuckerwaren, Feine Backwaren, Knabberartikel sowie Speiseeis. Darüber hinaus arbeiten sie in Betrieben der industriellen Produktion von Lebensmitteln.']","['Herstellen von Süßwaren unter Berücksichtigung lebensmittelrechtlicher Vorschriften und produktspezifischer Rezepturen und Anwenden der dazu erforderlichen Technologien, Mitwirken an der Entwicklung neuer Produkte, Erstellen von Rezepturen, Vorbereiten, Einrichten und Inbetriebnehmen von Produktionsanlagen, Anwenden von Prozessleittechnik, Feststellen von Störungen und Ergreifen von Maßnahmen zur Beseitigung, Anwenden von Qualitätssicherungssystemen, Durchführen von Maßnahmen der Personal', ', Produkt', 'und Betriebshygiene, Prüfen und Lagern von Roh', ', Zusatz', 'und Hilfsstoffen, Anwenden produktspezifischer Verpackungstechnologien, Planen und Dokumentieren von Arbeiten, Festlegen von Arbeitsschritten sowie Kontrollieren und Bewerten von Arbeitsergebnissen, Durchführen von Arbeiten selbstständig oder im Team auf der Grundlage von Arbeitsaufträgen unter Beachtung des Umweltschutzes, der Arbeitssicherheit und des Gesundheitsschutzes, Anwenden von Kommunikations', 'und Informationstechniken.']",https://www.bibb.de/dienst/berufesuche/de/index_berufesuche.php/profile/apprenticeship/nfk778,"Tätigkeitsfelder: Süßwarentechnologen und Süßwarentechnologinnen arbeiten in der Produktion von Süßwaren, insbesondere in den Bereichen Schokoladewaren und Konfekt, Bonbon, und Zuckerwaren, Feine Backwaren, Knabberartikel sowie Speiseeis. Darüber hinaus arbeiten sie in Betrieben der industriellen Produktion von Lebensmitteln.; Profil: Herstellen von Süßwaren unter Berücksichtigung lebensmittelrechtlicher Vorschriften und produktspezifischer Rezepturen und Anwenden der dazu erforderlichen Technologien, Mitwirken an der Entwicklung neuer Produkte, Erstellen von Rezepturen, Vorbereiten, Einrichten und Inbetriebnehmen von Produktionsanlagen, Anwenden von Prozessleittechnik, Feststellen von Störungen und Ergreifen von Maßnahmen zur Beseitigung, Anwenden von Qualitätssicherungssystemen, Durchführen von Maßnahmen der Personal, , Produkt, und Betriebshygiene, Prüfen und Lagern von Roh, , Zusatz, und Hilfsstoffen, Anwenden produktspezifischer Verpackungstechnologien, Planen und Dokumentieren von Arbeiten, Festlegen von Arbeitsschritten sowie Kontrollieren und Bewerten von Arbeitsergebnissen, Durchführen von Arbeiten selbstständig oder im Team auf der Grundlage von Arbeitsaufträgen unter Beachtung des Umweltschutzes, der Arbeitssicherheit und des Gesundheitsschutzes, Anwenden von Kommunikations, und Informationstechniken.","['Produkt', 'und Betriebshygiene Prüfen und Lagern von Roh', 'Zusatz', 'und Informationstechniken']",141.8496591740234,-136.34225065639984
101,,Lebensmittelherstellung und -verarbeitung,IT & Technik,36,[],"['Annehmen und Untersuchen von Rohstoffen, Beurteilen der Qualität von Braugetreide, Mais, Ölsaaten und Leguminosen, Reinigen von Rohstoffen, Lagern von Rohstoffen, Belüften, Kühlen und Trocknen von Rohstoffpartien zu deren Gesunderhaltung, Abwehren und Bekämpfen von Schädlingen, Vorbereiten von Rohstoffen für die weitere Verarbeitung, Steuern von Prozessen und Bedienen von Geräten, Maschinen und Anlagen, Annehmen, Bearbeiten, Lagern und Abgeben von Saatgut, Annehmen, Lagern, Mischen und Abgeben von Düngemitteln, Annehmen, Lagern, Anwenden und Abgeben von Pflanzenschutzmitteln, Reinigen und Warten von Geräten, Maschinen und Anlagen, Anwenden qualitätssichernder Maßnahmen, Planen und Dokumentieren von Arbeiten, Festlegen von Arbeitsschritten sowie Kontrollieren und Bewerten von Arbeitsergebnissen, Durchführen von Arbeiten selbstständig und im Team unter Beachtung der Arbeitssicherheit und des Gesundheitsschutzes, Gestalten betrieblicher Abläufe unter den Aspekten Betriebswirtschaft, Umweltschutz, Hygiene, Qualitätssicherung, Verbraucherschutz und Kundenorientierung, Anwenden von Informations', 'und Kommunikationstechniken.']",https://www.bibb.de/dienst/berufesuche/de/index_berufesuche.php/profile/apprenticeship/29032016,"; Profil: Annehmen und Untersuchen von Rohstoffen, Beurteilen der Qualität von Braugetreide, Mais, Ölsaaten und Leguminosen, Reinigen von Rohstoffen, Lagern von Rohstoffen, Belüften, Kühlen und Trocknen von Rohstoffpartien zu deren Gesunderhaltung, Abwehren und Bekämpfen von Schädlingen, Vorbereiten von Rohstoffen für die weitere Verarbeitung, Steuern von Prozessen und Bedienen von Geräten, Maschinen und Anlagen, Annehmen, Bearbeiten, Lagern und Abgeben von Saatgut, Annehmen, Lagern, Mischen und Abgeben von Düngemitteln, Annehmen, Lagern, Anwenden und Abgeben von Pflanzenschutzmitteln, Reinigen und Warten von Geräten, Maschinen und Anlagen, Anwenden qualitätssichernder Maßnahmen, Planen und Dokumentieren von Arbeiten, Festlegen von Arbeitsschritten sowie Kontrollieren und Bewerten von Arbeitsergebnissen, Durchführen von Arbeiten selbstständig und im Team unter Beachtung der Arbeitssicherheit und des Gesundheitsschutzes, Gestalten betrieblicher Abläufe unter den Aspekten Betriebswirtschaft, Umweltschutz, Hygiene, Qualitätssicherung, Verbraucherschutz und Kundenorientierung, Anwenden von Informations, und Kommunikationstechniken.",['und Kommunikationstechniken'],76.29810304012649,-56.05773017552661
102,,Lebensmittelherstellung und -verarbeitung,IT & Technik,36,"['Weintechnologen und Weintechnologinnen arbeiten in Winzergenossenschaften, Wein', 'und Sektkellereien, Weinbaubetrieben und weinwirtschaftlichen Lehr', 'und Versuchsanstalten. Darüber hinaus sind sie im Wein', 'und Kellereifachhandel tätig.']","['Herstellen von Wein, Sekt, Schaumwein, Perlwein und Weinmischgetränken, Vermarkten von Wein und sonstiger betrieblicher Erzeugnisse', 'Beraten von Kunden, Abfüllen, Ausstatten und Verpacken von Weinerzeugnissen, Untersuchen von Proben, Durchführen sensorischer Prüfungen und Bewerten von Ergebnissen, Handhaben und Instandhalten von Maschinen, Geräten sowie Betriebseinrichtungen, Planen und Dokumentieren von Arbeiten, Festlegen von Arbeitsschritten sowie Kontrollieren und Bewerten von Arbeitsergebnissen, Durchführen von Arbeiten selbständig oder im Team auf der Grundlage von Arbeitsaufträgen unter Beachtung des Umweltschutzes, der Wirtschaftlichkeit, der Arbeitssicherheit und des Gesundheitsschutzes, Anwenden von Kommunikations', 'und Informationstechniken.']",https://www.bibb.de/dienst/berufesuche/de/index_berufesuche.php/profile/apprenticeship/n325j58,"Tätigkeitsfelder: Weintechnologen und Weintechnologinnen arbeiten in Winzergenossenschaften, Wein, und Sektkellereien, Weinbaubetrieben und weinwirtschaftlichen Lehr, und Versuchsanstalten. Darüber hinaus sind sie im Wein, und Kellereifachhandel tätig.; Profil: Herstellen von Wein, Sekt, Schaumwein, Perlwein und Weinmischgetränken, Vermarkten von Wein und sonstiger betrieblicher Erzeugnisse, Beraten von Kunden, Abfüllen, Ausstatten und Verpacken von Weinerzeugnissen, Untersuchen von Proben, Durchführen sensorischer Prüfungen und Bewerten von Ergebnissen, Handhaben und Instandhalten von Maschinen, Geräten sowie Betriebseinrichtungen, Planen und Dokumentieren von Arbeiten, Festlegen von Arbeitsschritten sowie Kontrollieren und Bewerten von Arbeitsergebnissen, Durchführen von Arbeiten selbständig oder im Team auf der Grundlage von Arbeitsaufträgen unter Beachtung des Umweltschutzes, der Wirtschaftlichkeit, der Arbeitssicherheit und des Gesundheitsschutzes, Anwenden von Kommunikations, und Informationstechniken.","['und Kellereifachhandel tätig', 'und Informationstechniken']",76.92982418301385,-59.29474062330168
103,,Maschinen- und Fahrzeugtechnikberufe,IT & Technik,42,"['Bootsbauer und Bootsbauerinnen der Fachrichtung Neu', ', Aus', 'und Umbau arbeiten hauptsächlich in Bootsbau', ', Service', 'und Reparaturwerkstätten, auf Bootswerften und Marinas sowie in Zulieferbetrieben.']","['Bootsbauer/Bootsbauerinnen der Fachrichtung Neu', 'Aus', 'und Umbau, stellen Rümpfe und Decks her und halten diese instand, stellen Innenausbauten her, stellen Masten und Spieren her, setzen diese und halten sie instand, stellen Aufbauten her, stellen strukturgebende und statisch relevante Bauteile her, stellen Mängel, Schäden und Fehler fest und ergreifen Maßnahmen zu deren Beseitigung, erstellen Reparaturpläne und führen Reparaturen durch, stellen Oberflächen im Außen', 'und Innenbereich her, stellen Oberflächenbeschädigungen fest und beheben diese, bauen Ausrüstungsteile im Bereich Deck und Aufbau ein, bauen technische Geräte, Anlagen und Systeme ein und prüfen deren Funktionen, führen Dämm', 'und Isolierungsmaßnahmen gegen Feuchtigkeit, Schall, Wärme, Kälte und Brand durch, nutzen Werkzeuge, bedienen Geräte und Maschinen und halten diese instand, bearbeiten, verarbeiten und lagern z.B. Holz, Metalle und Kunststoffe, wenden unterschiedliche Fügetechniken an, stellen Faserverbundwerkstoffe her und verarbeiten diese, transportieren Boote und Lasten, beraten und informieren Kunden, planen qualitätssichernde Maßnahmen und setzen diese um, beachten Unfallverhütungsvorschriften, entsorgen Abfallstoffe fachgerecht, planen und dokumentieren Arbeitsabläufe und arbeiten im Team, wenden technische Unterlagen an, berücksichtigen Sicherheit und Gesundheitsschutz sowie den Umweltschutz bei der Arbeit.']",https://www.bibb.de/dienst/berufesuche/de/index_berufesuche.php/profile/apprenticeship/bo676767,"Tätigkeitsfelder: Bootsbauer und Bootsbauerinnen der Fachrichtung Neu, , Aus, und Umbau arbeiten hauptsächlich in Bootsbau, , Service, und Reparaturwerkstätten, auf Bootswerften und Marinas sowie in Zulieferbetrieben.; Profil: Bootsbauer/Bootsbauerinnen der Fachrichtung Neu, Aus, und Umbau, stellen Rümpfe und Decks her und halten diese instand, stellen Innenausbauten her, stellen Masten und Spieren her, setzen diese und halten sie instand, stellen Aufbauten her, stellen strukturgebende und statisch relevante Bauteile her, stellen Mängel, Schäden und Fehler fest und ergreifen Maßnahmen zu deren Beseitigung, erstellen Reparaturpläne und führen Reparaturen durch, stellen Oberflächen im Außen, und Innenbereich her, stellen Oberflächenbeschädigungen fest und beheben diese, bauen Ausrüstungsteile im Bereich Deck und Aufbau ein, bauen technische Geräte, Anlagen und Systeme ein und prüfen deren Funktionen, führen Dämm, und Isolierungsmaßnahmen gegen Feuchtigkeit, Schall, Wärme, Kälte und Brand durch, nutzen Werkzeuge, bedienen Geräte und Maschinen und halten diese instand, bearbeiten, verarbeiten und lagern z.B. Holz, Metalle und Kunststoffe, wenden unterschiedliche Fügetechniken an, stellen Faserverbundwerkstoffe her und verarbeiten diese, transportieren Boote und Lasten, beraten und informieren Kunden, planen qualitätssichernde Maßnahmen und setzen diese um, beachten Unfallverhütungsvorschriften, entsorgen Abfallstoffe fachgerecht, planen und dokumentieren Arbeitsabläufe und arbeiten im Team, wenden technische Unterlagen an, berücksichtigen Sicherheit und Gesundheitsschutz sowie den Umweltschutz bei der Arbeit.","['Aus', 'und Umbau arbeiten hauptsächlich in Bootsbau', 'Service', 'Bootsbauer/Bootsbauerinnen der Fachrichtung Neu']",-141.43177805876326,19.065906294521355
104,,Maschinen- und Fahrzeugtechnikberufe,IT & Technik,24,[],[],https://www.bibb.de/dienst/berufesuche/de/index_berufesuche.php/profile/apprenticeship/7657567,,[],-362.29674520471417,191.99426007981612
105,,Maschinen- und Fahrzeugtechnikberufe,IT & Technik,36,['Fertigungsmechaniker und Fertigungsmechanikerinnen sind überwiegend in der Fertigung und Montage von industriellen Serienerzeugnissen tätig.'],"['Montieren von Bauteilen zu Baugruppen sowie Baugruppen zu Maschinen oder Gesamtprodukten, Demontieren von Baugruppen, Prüfen und Einstellen von Funktionen an Baugruppen oder Gesamtprodukten, Planen, Überwachen und Optimieren von Montage', 'und Demontageprozessen, Montieren von Leitungen, elektrischen und elektronischen Baugruppen, Anwenden von Schalt', 'und Funktionsplänen verschiedener Systeme, Einrichten und Warten von Maschinen und Technischen Systemen, Überwachen von Regelungs', 'und Steuerungskomponenten, Organisieren und Überwachen des Materialflusses, manuelles und maschinelles Herstellen von Bauteilen, Durchführen von qualitätssichernden Maßnahmen, Arbeiten im Team und Abstimmen mit vor', 'und nachgelagerten Bereichen.']",https://www.bibb.de/dienst/berufesuche/de/index_berufesuche.php/profile/apprenticeship/nh454578,"Tätigkeitsfelder: Fertigungsmechaniker und Fertigungsmechanikerinnen sind überwiegend in der Fertigung und Montage von industriellen Serienerzeugnissen tätig.; Profil: Montieren von Bauteilen zu Baugruppen sowie Baugruppen zu Maschinen oder Gesamtprodukten, Demontieren von Baugruppen, Prüfen und Einstellen von Funktionen an Baugruppen oder Gesamtprodukten, Planen, Überwachen und Optimieren von Montage, und Demontageprozessen, Montieren von Leitungen, elektrischen und elektronischen Baugruppen, Anwenden von Schalt, und Funktionsplänen verschiedener Systeme, Einrichten und Warten von Maschinen und Technischen Systemen, Überwachen von Regelungs, und Steuerungskomponenten, Organisieren und Überwachen des Materialflusses, manuelles und maschinelles Herstellen von Bauteilen, Durchführen von qualitätssichernden Maßnahmen, Arbeiten im Team und Abstimmen mit vor, und nachgelagerten Bereichen.",['und nachgelagerten Bereichen'],62.111042644936184,-64.12625815732899
106,,Maschinen- und Fahrzeugtechnikberufe,IT & Technik,42,"['Industriemechaniker und Industriemechanikerinnen sind in der Herstellung, Instandhaltung und Überwachung von technischen Systemen eingesetzt. Sie sind tätig in der Einrichtung, Umrüstung und Inbetriebnahme von Produktionsanlagen. Typische Einsatzgebiete sind Instandhaltung, Maschinen', 'und Anlagenbau, Produktionstechnik und Feingerätebau.']","['Organisieren und Kontrollieren von Fertigungs', 'oder Herstellungsabläufen, Herstellen von Bauteilen und Baugruppen und Montieren zu technischen Systemen, Feststellen und Dokumentieren von Fehlern und deren Ursachen in technischen Systemen, Instandsetzen von technischen Systemen, Umrüsten von Maschinen und Systemen, Durchführen von Wartungen und Inspektionen, Auswählen von Prüfverfahren und Prüfmitteln, Übergeben von technischen Systemen und Produkten an die Kunden und Einweisen in die Anlage, Sicherstellen der Betriebsfähigkeit von technischen Systemen, Überprüfen und Erweitern von elektrotechnischen Komponenten der Steuerungstechnik, Berücksichtigen von Geschäftsprozessen und Anwenden von Qualitätsmanagement, Selbständiges Ausüben der Tätigkeiten unter Beachtung der einschlägigen Vorschriften und Sicherheitsbestimmungen, Abstimmen der Arbeit mit vor', 'und nachgelagerten Bereichen, Einrichten von Arbeitsplätzen, situationsgerechtes Kommunizieren mit internen und externen Kunden, Arbeiten im Team, Kontrollieren und Dokumentieren von Instandhaltungs', 'und Montagearbeiten unter Berücksichtigung der betrieblichen Qualitätsmanagementsysteme, Nutzen von IT', 'Systemen auch in digitalisierten Prozessen, Anwenden von Vorschriften zu Datenschutz und Informationssicherheit.']",https://www.bibb.de/dienst/berufesuche/de/index_berufesuche.php/profile/apprenticeship/658658,"Tätigkeitsfelder: Industriemechaniker und Industriemechanikerinnen sind in der Herstellung, Instandhaltung und Überwachung von technischen Systemen eingesetzt. Sie sind tätig in der Einrichtung, Umrüstung und Inbetriebnahme von Produktionsanlagen. Typische Einsatzgebiete sind Instandhaltung, Maschinen, und Anlagenbau, Produktionstechnik und Feingerätebau.; Profil: Organisieren und Kontrollieren von Fertigungs, oder Herstellungsabläufen, Herstellen von Bauteilen und Baugruppen und Montieren zu technischen Systemen, Feststellen und Dokumentieren von Fehlern und deren Ursachen in technischen Systemen, Instandsetzen von technischen Systemen, Umrüsten von Maschinen und Systemen, Durchführen von Wartungen und Inspektionen, Auswählen von Prüfverfahren und Prüfmitteln, Übergeben von technischen Systemen und Produkten an die Kunden und Einweisen in die Anlage, Sicherstellen der Betriebsfähigkeit von technischen Systemen, Überprüfen und Erweitern von elektrotechnischen Komponenten der Steuerungstechnik, Berücksichtigen von Geschäftsprozessen und Anwenden von Qualitätsmanagement, Selbständiges Ausüben der Tätigkeiten unter Beachtung der einschlägigen Vorschriften und Sicherheitsbestimmungen, Abstimmen der Arbeit mit vor, und nachgelagerten Bereichen, Einrichten von Arbeitsplätzen, situationsgerechtes Kommunizieren mit internen und externen Kunden, Arbeiten im Team, Kontrollieren und Dokumentieren von Instandhaltungs, und Montagearbeiten unter Berücksichtigung der betrieblichen Qualitätsmanagementsysteme, Nutzen von IT, Systemen auch in digitalisierten Prozessen, Anwenden von Vorschriften zu Datenschutz und Informationssicherheit.",['Organisieren und Kontrollieren von Fertigungs'],127.67173829700268,-119.50100434849955
107,,Maschinen- und Fahrzeugtechnikberufe,IT & Technik,42,[],[],https://www.bibb.de/dienst/berufesuche/de/index_berufesuche.php/profile/apprenticeship/dsfkoerj,,[],-362.29674520471417,191.99426007981612
108,,Maschinen- und Fahrzeugtechnikberufe,IT & Technik,36,[],[],https://www.bibb.de/dienst/berufesuche/de/index_berufesuche.php/profile/apprenticeship/5044101,,[],-362.29674520471417,191.99426007981612
109,,"Mathematik-, Biologie-, Chemie- und Physikberufe",Chemie & Labor,42,"['Biologielaboranten/', 'laborantinnen arbeiten im Bereich der medizinischen und biologischen Forschung, der angewandten Medizin, im öffentlichen Gesundheitswesen. Sie sind auch in der Industrie, beispielsweise in der Pharma', 'und Kosmetikindustrie, der Lebensmittelherstellung, der Umwelttechnik und in Betrieben, die biotechnische Produkte herstellen, tätig.']","['Planen und Durchführen von Versuchen gemeinsam mit Naturwissenschaftlern unter Beachtung der Regelungen zur Arbeitssicherheit zum Umwelt', 'und Gesundheitsschutz und der Bestimmungen zum Tierschutz, Anwenden von Maßnahmen des Qualitätsmanagements, Durchführen von Untersuchungen an Tieren, Pflanzen, Mikroorganismen und Zellkulturen, Durchführung von anspruchsvollen Präparationen, Entwicklung von Untersuchungsmodellen für Wirkstoffprüfungen gemeinsam mit Naturwissenschaftlern, Überprüfen von spezifischen Wirkstoffen an Organismen, Durchführen von molekularbiologischen und biochemischen Untersuchungen sowie gentechnischen Experimenten, Anwenden von biotechnologischen Verfahren, Beobachten und Protokollieren von Versuchsabläufen, Einsetzen von komplexen elektronischen Messgeräten bei Versuchsdurchführungen, Erfassen und Bearbeiten von Untersuchungsdaten mit Hilfe von EDV', 'Systemen, Auswerten, Dokumentieren und Bewerten von Mess', 'und Untersuchungsdaten, insbesondere unter Einsatz elektronischer Datenverarbeitungstechnik.']",https://www.bibb.de/dienst/berufesuche/de/index_berufesuche.php/profile/apprenticeship/hfgfhfh,"Tätigkeitsfelder: Biologielaboranten/, laborantinnen arbeiten im Bereich der medizinischen und biologischen Forschung, der angewandten Medizin, im öffentlichen Gesundheitswesen. Sie sind auch in der Industrie, beispielsweise in der Pharma, und Kosmetikindustrie, der Lebensmittelherstellung, der Umwelttechnik und in Betrieben, die biotechnische Produkte herstellen, tätig.; Profil: Planen und Durchführen von Versuchen gemeinsam mit Naturwissenschaftlern unter Beachtung der Regelungen zur Arbeitssicherheit zum Umwelt, und Gesundheitsschutz und der Bestimmungen zum Tierschutz, Anwenden von Maßnahmen des Qualitätsmanagements, Durchführen von Untersuchungen an Tieren, Pflanzen, Mikroorganismen und Zellkulturen, Durchführung von anspruchsvollen Präparationen, Entwicklung von Untersuchungsmodellen für Wirkstoffprüfungen gemeinsam mit Naturwissenschaftlern, Überprüfen von spezifischen Wirkstoffen an Organismen, Durchführen von molekularbiologischen und biochemischen Untersuchungen sowie gentechnischen Experimenten, Anwenden von biotechnologischen Verfahren, Beobachten und Protokollieren von Versuchsabläufen, Einsetzen von komplexen elektronischen Messgeräten bei Versuchsdurchführungen, Erfassen und Bearbeiten von Untersuchungsdaten mit Hilfe von EDV, Systemen, Auswerten, Dokumentieren und Bewerten von Mess, und Untersuchungsdaten, insbesondere unter Einsatz elektronischer Datenverarbeitungstechnik.",['Biologielaboranten/'],-35.40412104956581,-33.185871380621414
110,,"Mathematik-, Biologie-, Chemie- und Physikberufe",Chemie & Labor,42,"['Chemielaboranten/', 'laborantinnen arbeiten in Forschungs', ', Entwicklungs', 'und Produktionslaboratorien von (insbesondere chemischer und pharmazeutischer) Industrie und Hochschulen, in der medizinischen Analytik, im Umweltschutz, in Materialprüf', 'und Untersuchungsämtern.']","['Analysieren von anorganischen und organischen Stoffen hinsichtlich ihrer qualitativen und quantitativen Zusammensetzungen, Planen von Versuchsabläufen und Aufbauen von Apparaturen, Herstellen von anorganischen und organischen Präparaten nach Vorgaben, Trennen von Stoffgemischen, Reinigen, Identifizieren und Charakterisieren der Stoffe, Optimieren von Herstellungsvorschriften und Verfahren für Präparate gemeinsam mit Naturwissenschaftlern, Entwickeln und Optimieren von Analyseverfahren gemeinsam mit Naturwissenschaftlern, Durchführen von physikalischen Untersuchungen zur Bestimmung von Stoffkonstanten und chemischen Kennzahlen, Protokollieren und Dokumentieren der Versuchsabläufe', 'Arbeiten mit deutsch', 'und englischsprachigen Vorschriften, Einsetzen von Computern zur Gerätesteuerung, zur Datenerfassung,', 'verarbeitung und', 'weitergabe sowie zur Dokumentation, Informationsbeschaffung und für logistische und organisatorische Zwecke, Auswerten von Mess', 'und Untersuchungsdaten und Bewerten der Ergebnisse, Berücksichtigen von Vorschriften zum Arbeits', ', Umwelt', 'und Gesundheitsschutz beim Umgang mit Arbeitsstoffen und Geräten, Umweltgerechte Entsorgen von Abfallstoffen, Anwenden von Maßnahmen des Qualitätsmanagements.']",https://www.bibb.de/dienst/berufesuche/de/index_berufesuche.php/profile/apprenticeship/ttetter,"Tätigkeitsfelder: Chemielaboranten/, laborantinnen arbeiten in Forschungs, , Entwicklungs, und Produktionslaboratorien von (insbesondere chemischer und pharmazeutischer) Industrie und Hochschulen, in der medizinischen Analytik, im Umweltschutz, in Materialprüf, und Untersuchungsämtern.; Profil: Analysieren von anorganischen und organischen Stoffen hinsichtlich ihrer qualitativen und quantitativen Zusammensetzungen, Planen von Versuchsabläufen und Aufbauen von Apparaturen, Herstellen von anorganischen und organischen Präparaten nach Vorgaben, Trennen von Stoffgemischen, Reinigen, Identifizieren und Charakterisieren der Stoffe, Optimieren von Herstellungsvorschriften und Verfahren für Präparate gemeinsam mit Naturwissenschaftlern, Entwickeln und Optimieren von Analyseverfahren gemeinsam mit Naturwissenschaftlern, Durchführen von physikalischen Untersuchungen zur Bestimmung von Stoffkonstanten und chemischen Kennzahlen, Protokollieren und Dokumentieren der Versuchsabläufe, Arbeiten mit deutsch, und englischsprachigen Vorschriften, Einsetzen von Computern zur Gerätesteuerung, zur Datenerfassung,, verarbeitung und, weitergabe sowie zur Dokumentation, Informationsbeschaffung und für logistische und organisatorische Zwecke, Auswerten von Mess, und Untersuchungsdaten und Bewerten der Ergebnisse, Berücksichtigen von Vorschriften zum Arbeits, , Umwelt, und Gesundheitsschutz beim Umgang mit Arbeitsstoffen und Geräten, Umweltgerechte Entsorgen von Abfallstoffen, Anwenden von Maßnahmen des Qualitätsmanagements.","['Chemielaboranten/', 'laborantinnen arbeiten in Forschungs', 'Entwicklungs', 'und Untersuchungsämtern', 'Arbeiten mit deutsch', 'verarbeitung und', 'Umwelt']",9.285850138083143,-39.33144440660572
111,,"Mathematik-, Biologie-, Chemie- und Physikberufe",Chemie & Labor,24,[],[],https://www.bibb.de/dienst/berufesuche/de/index_berufesuche.php/profile/apprenticeship/1421101,,[],-362.29674520471417,191.99426007981612
112,,"Mathematik-, Biologie-, Chemie- und Physikberufe",Chemie & Labor,42,"['Chemikanten und Chemikantinnen arbeiten in Produktionsbetrieben der chemischen Industrie sowie verwandter Industrien (z. B. Kunststoff', 'Kautschuk', ', Mineralölverarbeitung, Wirkstoffproduktion, Entsorgungswirtschaft)', 'Tätigkeitsfelder sind: Herstellen, Aufbereiten und Verarbeiten chemischer Stoffe und Zubereitungen', 'Bedienen und Überwachen von Produktionsanlagen', 'Wartung und Instandhaltung sowie chemisch', 'technische Arbeiten.']","['Durchführen von Arbeiten der chemischen Verfahrenstechnik sowie der Prozessleit', 'und Anlagentechnik, interdisziplinäre Zusammenarbeit entlang der Prozesskette, Überwachen, Steuern und Dokumentieren chemischer Produktionsabläufe und Verarbeitungsprozesse, Planen, Kontrollieren und Dokumentieren der Arbeitsschritte zur Herstellung und Verarbeitung verschiedener Produkte, Gewährleisten eines störungsfreien Prozessablaufs im Team, Zusammenarbeiten mit Fachpersonal (z. B. Industriemechaniker, Elektroniker für Automatisierungs', 'bzw. Betriebstechnik) bei Wartung, Störungsbeseitigung und Instandhaltung, Prozessbegleitendes Bestimmen von Stoffkonstanten und Stoffeigenschaften, Einsetzen von Computer und Prozessleittechnik zur Geräte', 'und Anlagensteuerung, zur Datenerfassung und', 'verarbeitung sowie zur Dokumentation, Informationsbeschaffung und für logistische und organisatorische Zwecke, Berücksichtigen von Regelungen des Gesundheits', 'und Umweltschutzes, des Arbeitsschutzes, der Anlagensicherheit sowie der Qualitätssicherung (""responsible care""), Umweltgerechtes Verwerten und Beseitigen von Abfällen.']",https://www.bibb.de/dienst/berufesuche/de/index_berufesuche.php/profile/apprenticeship/57658,"Tätigkeitsfelder: Chemikanten und Chemikantinnen arbeiten in Produktionsbetrieben der chemischen Industrie sowie verwandter Industrien (z. B. Kunststoff, Kautschuk, , Mineralölverarbeitung, Wirkstoffproduktion, Entsorgungswirtschaft), Tätigkeitsfelder sind: Herstellen, Aufbereiten und Verarbeiten chemischer Stoffe und Zubereitungen, Bedienen und Überwachen von Produktionsanlagen, Wartung und Instandhaltung sowie chemisch, technische Arbeiten.; Profil: Durchführen von Arbeiten der chemischen Verfahrenstechnik sowie der Prozessleit, und Anlagentechnik, interdisziplinäre Zusammenarbeit entlang der Prozesskette, Überwachen, Steuern und Dokumentieren chemischer Produktionsabläufe und Verarbeitungsprozesse, Planen, Kontrollieren und Dokumentieren der Arbeitsschritte zur Herstellung und Verarbeitung verschiedener Produkte, Gewährleisten eines störungsfreien Prozessablaufs im Team, Zusammenarbeiten mit Fachpersonal (z. B. Industriemechaniker, Elektroniker für Automatisierungs, bzw. Betriebstechnik) bei Wartung, Störungsbeseitigung und Instandhaltung, Prozessbegleitendes Bestimmen von Stoffkonstanten und Stoffeigenschaften, Einsetzen von Computer und Prozessleittechnik zur Geräte, und Anlagensteuerung, zur Datenerfassung und, verarbeitung sowie zur Dokumentation, Informationsbeschaffung und für logistische und organisatorische Zwecke, Berücksichtigen von Regelungen des Gesundheits, und Umweltschutzes, des Arbeitsschutzes, der Anlagensicherheit sowie der Qualitätssicherung (""responsible care""), Umweltgerechtes Verwerten und Beseitigen von Abfällen.","['Kautschuk', 'Bedienen und Überwachen von Produktionsanlagen', 'Wartung und Instandhaltung sowie chemisch', 'technische Arbeiten', 'und Anlagensteuerung zur Datenerfassung und']",-56.034056230873986,-11.786661672332125
113,,"Mathematik-, Biologie-, Chemie- und Physikberufe",Chemie & Labor,36,"['Milchwirtschaftliche Laboranten/Milchwirtschaftliche Laborantinnen arbeiten in milchverarbeitenden Betrieben, darüber hinaus auch in Betrieben der Lebensmittelindustrie, zum Beispiel der Feinkost', ', Getränke', 'oder Süßwarenherstellung, in Untersuchungslaboratorien und weiteren verfahrenstechnischen Industriezweigen.']","['Überwachen der Be', 'und Verarbeitung von Milch und Milchprodukten im Rahmen von labortechnischen Untersuchungen, Entnehmen von Proben und Vorbereiten von Proben für Untersuchungen, Durchführen sensorischer Prüfungen und Bewerten von Ergebnissen, Anwenden und Dokumentieren von chemischen, physikalischen und mikrobiologischen Untersuchungsverfahren und Bewerten von Ergebnissen, Beschaffen, Kontrollieren und Lagern von Laborbedarf, Anwenden von Qualitätssicherungssystemen, Lebensmittelsicherheitssystemen und Labordateninformationsmanagementsystemen, Einsetzen, Pflegen und Warten von Arbeitsmitteln und Arbeitsgeräten, Planen und Dokumentieren von Arbeiten, Festlegen von Arbeitsschritten sowie Kontrollieren und Bewerten von Arbeitsergebnissen, Durchführen von Arbeiten selbstständig oder im Team auf der Grundlage von Arbeitsaufträgen unter Beachtung des Umweltschutzes, der Wirtschaftlichkeit, der Arbeitssicherheit und des Gesundheitsschutzes, Durchführen und Bewerten von Maßnahmen der Personal', ', Produkt', 'und Betriebshygiene, Anwenden von Kommunikations', 'und Informationstechniken.']",https://www.bibb.de/dienst/berufesuche/de/index_berufesuche.php/profile/apprenticeship/n347965,"Tätigkeitsfelder: Milchwirtschaftliche Laboranten/Milchwirtschaftliche Laborantinnen arbeiten in milchverarbeitenden Betrieben, darüber hinaus auch in Betrieben der Lebensmittelindustrie, zum Beispiel der Feinkost, , Getränke, oder Süßwarenherstellung, in Untersuchungslaboratorien und weiteren verfahrenstechnischen Industriezweigen.; Profil: Überwachen der Be, und Verarbeitung von Milch und Milchprodukten im Rahmen von labortechnischen Untersuchungen, Entnehmen von Proben und Vorbereiten von Proben für Untersuchungen, Durchführen sensorischer Prüfungen und Bewerten von Ergebnissen, Anwenden und Dokumentieren von chemischen, physikalischen und mikrobiologischen Untersuchungsverfahren und Bewerten von Ergebnissen, Beschaffen, Kontrollieren und Lagern von Laborbedarf, Anwenden von Qualitätssicherungssystemen, Lebensmittelsicherheitssystemen und Labordateninformationsmanagementsystemen, Einsetzen, Pflegen und Warten von Arbeitsmitteln und Arbeitsgeräten, Planen und Dokumentieren von Arbeiten, Festlegen von Arbeitsschritten sowie Kontrollieren und Bewerten von Arbeitsergebnissen, Durchführen von Arbeiten selbstständig oder im Team auf der Grundlage von Arbeitsaufträgen unter Beachtung des Umweltschutzes, der Wirtschaftlichkeit, der Arbeitssicherheit und des Gesundheitsschutzes, Durchführen und Bewerten von Maßnahmen der Personal, , Produkt, und Betriebshygiene, Anwenden von Kommunikations, und Informationstechniken.","['Getränke', 'Überwachen der Be', 'Produkt', 'und Betriebshygiene Anwenden von Kommunikations', 'und Informationstechniken']",148.82598032464216,-129.47322951017918
114,,"Mathematik-, Biologie-, Chemie- und Physikberufe",Chemie & Labor,42,[],[],https://www.bibb.de/dienst/berufesuche/de/index_berufesuche.php/profile/apprenticeship/jjhfddd,,[],-362.29674520471417,191.99426007981612
115,,"Mathematik-, Biologie-, Chemie- und Physikberufe",Chemie & Labor,42,"['Physiklaboranten/', 'laborantinnen arbeiten in physikalischen Laboratorien und Werkstätten der Elektro', ', Metall', ', Chemie', 'und Keramikindustrie sowie in Laboratorien von Forschungseinrichtungen.']","['Durchführen von Messungen und Versuchsreihen, auch unter Einsatz elektronischer Datenverarbeitung, Vorbereiten von Messungen und Versuchsreihen, Auswählen von geeigneten Meßgeräten und Apparaturen und gegebenenfalls Zusammenstellen spezifisch nach Aufgaben', '/Fragestellungen, Kombinieren oder Aufbauen von Meßgeräten und Apparaturen, Bedienen von Meßgeräten und Apparaturen, Durchführen von Berechnungen zu Messungen und Versuchsreihen, Auswerten erhaltener Daten aus Messungen und Versuchsreihen, insbesondere auch unter Einsatz elektronischer Datenverarbeitung und Dokumentieren der Ergebnisse, sachgerechtes Umgehen mit Arbeitsstoffen und Geräten unter Berücksichtigung der Sicherheits', 'und Umweltschutzvorschriften, breit angelegte Grundausbildung, Darlegung der grundlegenden naturwissenschaftlichen Zusammenhänge in den Arbeitsgebieten.']",https://www.bibb.de/dienst/berufesuche/de/index_berufesuche.php/profile/apprenticeship/6321101,"Tätigkeitsfelder: Physiklaboranten/, laborantinnen arbeiten in physikalischen Laboratorien und Werkstätten der Elektro, , Metall, , Chemie, und Keramikindustrie sowie in Laboratorien von Forschungseinrichtungen.; Profil: Durchführen von Messungen und Versuchsreihen, auch unter Einsatz elektronischer Datenverarbeitung, Vorbereiten von Messungen und Versuchsreihen, Auswählen von geeigneten Meßgeräten und Apparaturen und gegebenenfalls Zusammenstellen spezifisch nach Aufgaben, /Fragestellungen, Kombinieren oder Aufbauen von Meßgeräten und Apparaturen, Bedienen von Meßgeräten und Apparaturen, Durchführen von Berechnungen zu Messungen und Versuchsreihen, Auswerten erhaltener Daten aus Messungen und Versuchsreihen, insbesondere auch unter Einsatz elektronischer Datenverarbeitung und Dokumentieren der Ergebnisse, sachgerechtes Umgehen mit Arbeitsstoffen und Geräten unter Berücksichtigung der Sicherheits, und Umweltschutzvorschriften, breit angelegte Grundausbildung, Darlegung der grundlegenden naturwissenschaftlichen Zusammenhänge in den Arbeitsgebieten.","['Physiklaboranten/', 'Metall', 'Chemie']",-146.58921409144213,63.27474525633186
116,,"Mathematik-, Biologie-, Chemie- und Physikberufe",Chemie & Labor,24,['Produktionsfachkräfte Chemie arbeiten in der chemischen sowie verwandten Industrien.'],"['Bedienen von Anlagen für Produktions', 'und Verarbeitungsprozesse nach Arbeitsplänen, Mitwirken bei der Wartung und Instandhaltung von Produktionsanlagen, Herstellung und Verarbeitung chemischer und verwandter Produkte, prozessbegleitendes Bestimmen von Stoffkonstanten und Stoffeigenschaften, Nutzen von Computern zur Datenerfassung sowie zur Dokumentation, Berücksichtigen der Regelungen des Gesundheits', 'und Umweltschutzes, des Arbeitsschutzes, der Anlagensicherheit sowie der Qualitätssicherung bei ihren Arbeiten im Rahmen von responsible care, Zuführen der Abfälle einer umweltgerechten Verwertung und Beseitigung, Arbeiten im Team.']",https://www.bibb.de/dienst/berufesuche/de/index_berufesuche.php/profile/apprenticeship/uz76zr32,"Tätigkeitsfelder: Produktionsfachkräfte Chemie arbeiten in der chemischen sowie verwandten Industrien.; Profil: Bedienen von Anlagen für Produktions, und Verarbeitungsprozesse nach Arbeitsplänen, Mitwirken bei der Wartung und Instandhaltung von Produktionsanlagen, Herstellung und Verarbeitung chemischer und verwandter Produkte, prozessbegleitendes Bestimmen von Stoffkonstanten und Stoffeigenschaften, Nutzen von Computern zur Datenerfassung sowie zur Dokumentation, Berücksichtigen der Regelungen des Gesundheits, und Umweltschutzes, des Arbeitsschutzes, der Anlagensicherheit sowie der Qualitätssicherung bei ihren Arbeiten im Rahmen von responsible care, Zuführen der Abfälle einer umweltgerechten Verwertung und Beseitigung, Arbeiten im Team.",['Bedienen von Anlagen für Produktions'],-117.57117291741618,36.859417747718
117,,"Mathematik-, Biologie-, Chemie- und Physikberufe",Chemie & Labor,36,"['Prüftechnologen Keramik und Prüftechnologinnen Keramik arbeiten hauptsächlich in Unternehmen und Instituten der Keramik', ', Glas', ', Emaille', ', Zement', 'und Bindemittelindustrie. Des Weiteren arbeiten sie in Unternehmen und Instituten, die anorganische Rohstoffe, Industrieminerale und nicht', 'metallische Werkstoffe herstellen und untersuchen.']","['Ermitteln von physikalischen und keramischen Eigenschaften wie Dichte, Porosität, Feuchte, Korngröße Brennfarbe, Härte, Elastizität, Viskosität und Wärmeausdehnung, Ermitteln von chemischen und mineralogischen Zusammensetzungen von Roh', 'und Werkstoffen mit gravimetrischen Verfahren, spektroskopischen Verfahren oder Titrationsverfahren, Durchführung anwendungstechnischer Prüfungen und Versuche an nichtmetallisch anorganischen Roh', 'und Werkstoffen, Entnehmen und Vorbereiten von Proben, Bereitstellen der Betriebsbereitschaft von Prüfplätzen, Vorbereiten und Ausführen von Prüfaufträgen, Auswählen von Prüfverfahren, Bewerten und Dokumentieren von Prüfprozessen, Umsetzen von Qualitätsmanagementvorgaben, Arbeiten im Team, Einhalten von Arbeits', ', Gesundheits', 'und Umweltschutzvorschriften.']",https://www.bibb.de/dienst/berufesuche/de/index_berufesuche.php/profile/apprenticeship/241016,"Tätigkeitsfelder: Prüftechnologen Keramik und Prüftechnologinnen Keramik arbeiten hauptsächlich in Unternehmen und Instituten der Keramik, , Glas, , Emaille, , Zement, und Bindemittelindustrie. Des Weiteren arbeiten sie in Unternehmen und Instituten, die anorganische Rohstoffe, Industrieminerale und nicht, metallische Werkstoffe herstellen und untersuchen.; Profil: Ermitteln von physikalischen und keramischen Eigenschaften wie Dichte, Porosität, Feuchte, Korngröße Brennfarbe, Härte, Elastizität, Viskosität und Wärmeausdehnung, Ermitteln von chemischen und mineralogischen Zusammensetzungen von Roh, und Werkstoffen mit gravimetrischen Verfahren, spektroskopischen Verfahren oder Titrationsverfahren, Durchführung anwendungstechnischer Prüfungen und Versuche an nichtmetallisch anorganischen Roh, und Werkstoffen, Entnehmen und Vorbereiten von Proben, Bereitstellen der Betriebsbereitschaft von Prüfplätzen, Vorbereiten und Ausführen von Prüfaufträgen, Auswählen von Prüfverfahren, Bewerten und Dokumentieren von Prüfprozessen, Umsetzen von Qualitätsmanagementvorgaben, Arbeiten im Team, Einhalten von Arbeits, , Gesundheits, und Umweltschutzvorschriften.","['Glas', 'Emaille', 'Zement', 'Gesundheits', 'und Umweltschutzvorschriften']",-47.444606240222676,48.519729111067605
118,,"Mechatronik-, Energie- und Elektroberufe",Elektro/Mechatronik,36,"['Elektroanlagenmonteure/', 'innen sind tätig in der Montage und Installation sowie Wartung von Anlagen der Energieversorgungstechnik, der Steuerungs', 'und Regelungstechnik, der Meldetechnik sowie der Beleuchtungstechnik.']","['Planen der Auftragsabwicklung und Vorbereiten der Auftragsausführung, Einrichten und Abräumen der Montagebaustelle, Bearbeiten und Verbinden von mechanischen Teilen, Zusammenbauen von Schaltgeräten und Verdrahten von elektrischen Baugruppen, Montieren und Installieren von Schaltgerätekombinationen und Installationsverteilern, Montieren von Leitungsführungssystemen, Verlegen und Verbinden von Leitungen, Installieren elektrischer Anlagen zur Beleuchtung, zum Verteilen elektrischer Energie, zum Steuern und Regeln elektrischer Geräte und Maschinen, Messen und Prüfen, Einstellen und Inbetriebnehmen elektrischer Anlagen, Beseitigen von Fehlern in elektrischen Anlagen, Dokumentieren von Schaltungsunterlagen, Material, Ersatzteilen und technischen Prüfungen, Zuordnung zu Eletrofachkräften im Sinne der Unfallverhütungsvorschriften.']",https://www.bibb.de/dienst/berufesuche/de/index_berufesuche.php/profile/apprenticeship/3113101,"Tätigkeitsfelder: Elektroanlagenmonteure/, innen sind tätig in der Montage und Installation sowie Wartung von Anlagen der Energieversorgungstechnik, der Steuerungs, und Regelungstechnik, der Meldetechnik sowie der Beleuchtungstechnik.; Profil: Planen der Auftragsabwicklung und Vorbereiten der Auftragsausführung, Einrichten und Abräumen der Montagebaustelle, Bearbeiten und Verbinden von mechanischen Teilen, Zusammenbauen von Schaltgeräten und Verdrahten von elektrischen Baugruppen, Montieren und Installieren von Schaltgerätekombinationen und Installationsverteilern, Montieren von Leitungsführungssystemen, Verlegen und Verbinden von Leitungen, Installieren elektrischer Anlagen zur Beleuchtung, zum Verteilen elektrischer Energie, zum Steuern und Regeln elektrischer Geräte und Maschinen, Messen und Prüfen, Einstellen und Inbetriebnehmen elektrischer Anlagen, Beseitigen von Fehlern in elektrischen Anlagen, Dokumentieren von Schaltungsunterlagen, Material, Ersatzteilen und technischen Prüfungen, Zuordnung zu Eletrofachkräften im Sinne der Unfallverhütungsvorschriften.",['Elektroanlagenmonteure/'],-38.648174935048985,-34.38832555218087
119,,"Mechatronik-, Energie- und Elektroberufe",Elektro/Mechatronik,42,"['Elektroniker/innen für Automatisierungstechnik arbeiten bei Herstellern von industriellen Prozesssteuerungseinrichtungen. Ebenso sind sie in Betrieben der Elektroinstallation tätig, z.B. bei technischen Gebäudeausrüstern. Darüber hinaus können sie in Wasser', 'und Klärwerken bzw. Recyclinganlagen der Abfallwirtschaft beschäftigt sein. Weiterhin arbeiten sie in Unternehmen, die Automatisierungslösungen entwickeln, herstellen oder einsetzen. Vor allem Unternehmen der Elektroindustrie oder des Maschinenbaus kommen in Betracht. Arbeitsplätze gibt es darüber hinaus auch z.B. in der Automobilindustrie, der chemischen Industrie, in Kunststoff verarbeitenden Betrieben und zahlreichen anderen Anwenderbranchen.']","['Betreuen von Automatisierungssystemen, Analysieren von Funktionszusammenhängen und Prozessabläufen, Entwerfen von Änderungen und Erweiterungen von Automatisierungssystemen, Programmieren von Automatisierungssystemen, Installieren, Konfigurieren und Parametrieren der Komponenten und Geräte, Betriebssysteme, Bussysteme und Netzwerke, Nutzen von Anwendungsprogrammen zur Messdatenerfassung,', 'übertragung und', 'verarbeitung sowie zur Fertigungs', ', Maschinen', 'oder Prozesssteuerung, Verbinden der Komponenten zu komplexen Automatisierungseinrichtungen und Integrieren in übergeordnete Systeme, Übergeben der Systeme an Nutzer und Einweisen in die Bedienung, Überwachen, Warten und Betreiben von Anlagen, regelmäßiges Durchführung von Prüfungen, Optimieren von Regelkreisen, Analysieren von Störungen, Einsetzen von Testsoftware und Diagnosesystemen, Ergreifen von Sofortmaßnahmen und Instandsetzen von Anlagen, Arbeiten auch mit englischsprachigen Unterlagen und Kommunizieren auch in englischer Sprache, Zuordnung zu Elektrofachkräften im Sinne der Unfallverhütungsvorschriften, Anwenden von Vorschriften.']",https://www.bibb.de/dienst/berufesuche/de/index_berufesuche.php/profile/apprenticeship/655665,"Tätigkeitsfelder: Elektroniker/innen für Automatisierungstechnik arbeiten bei Herstellern von industriellen Prozesssteuerungseinrichtungen. Ebenso sind sie in Betrieben der Elektroinstallation tätig, z.B. bei technischen Gebäudeausrüstern. Darüber hinaus können sie in Wasser, und Klärwerken bzw. Recyclinganlagen der Abfallwirtschaft beschäftigt sein. Weiterhin arbeiten sie in Unternehmen, die Automatisierungslösungen entwickeln, herstellen oder einsetzen. Vor allem Unternehmen der Elektroindustrie oder des Maschinenbaus kommen in Betracht. Arbeitsplätze gibt es darüber hinaus auch z.B. in der Automobilindustrie, der chemischen Industrie, in Kunststoff verarbeitenden Betrieben und zahlreichen anderen Anwenderbranchen.; Profil: Betreuen von Automatisierungssystemen, Analysieren von Funktionszusammenhängen und Prozessabläufen, Entwerfen von Änderungen und Erweiterungen von Automatisierungssystemen, Programmieren von Automatisierungssystemen, Installieren, Konfigurieren und Parametrieren der Komponenten und Geräte, Betriebssysteme, Bussysteme und Netzwerke, Nutzen von Anwendungsprogrammen zur Messdatenerfassung,, übertragung und, verarbeitung sowie zur Fertigungs, , Maschinen, oder Prozesssteuerung, Verbinden der Komponenten zu komplexen Automatisierungseinrichtungen und Integrieren in übergeordnete Systeme, Übergeben der Systeme an Nutzer und Einweisen in die Bedienung, Überwachen, Warten und Betreiben von Anlagen, regelmäßiges Durchführung von Prüfungen, Optimieren von Regelkreisen, Analysieren von Störungen, Einsetzen von Testsoftware und Diagnosesystemen, Ergreifen von Sofortmaßnahmen und Instandsetzen von Anlagen, Arbeiten auch mit englischsprachigen Unterlagen und Kommunizieren auch in englischer Sprache, Zuordnung zu Elektrofachkräften im Sinne der Unfallverhütungsvorschriften, Anwenden von Vorschriften.","['übertragung und', 'verarbeitung sowie zur Fertigungs', 'Maschinen']",-27.619458574860825,-29.44388750063369
120,,"Mechatronik-, Energie- und Elektroberufe",Elektro/Mechatronik,42,"['Elektroniker/innen für Betriebstechnik arbeiten insbesondere für Hersteller industrieller Prozesssteuerungseinrichtungen, z.B. von speicherprogrammierbaren Steuerungen oder Anlagen der Mess', ', Steuer', 'und Regelungstechnik. Elektroinstallationsbetriebe, die technische Gebäudeausrüstungen einbauen, oder Energieversorger bieten ebenfalls Beschäftigungsmöglichkeiten.']","['Übernehmen von elektrischen Anlagen, Entwerfen von Anlagenänderungen und', 'erweiterungen, Einrichten und Abräumen von Arbeitsplätzen/Baustellen, Organisieren der Anlagenerrichtung, Überwachen der Arbeit von Dienstleistern und anderen Gewerken, Montieren und Installieren von Leitungsführungssystemen, Informationsleitungen und Energieleitungen einschließlich allgemeiner Versorgungsleitungen, Installieren und Einrichten von Maschinen und Antriebssystemen einschließlich pneumatischer/ hydraulischer Komponenten, Zusammenbauen und Verdrahten von Schaltgeräten und Automatisierungssystemen, Programmieren und Konfigurieren von Systemen, Prüfen der Funktion und der Sicherheitseinrichtungen der Systeme, Überwachen und Warten der Anlagen, Durchführen von regelmäßigen Prüfungen, Analysieren von Störungen, Ergreifen von Sofortmaßnahmen und Instandsetzen der Anlagen, Übergeben von Anlagen, Einweisen der Nutzer in die Bedienung und Erbringen von Serviceleistungen, Arbeiten auch mit englischsprachigen Unterlagen und Kommunizieren auch in englischer Sprache, Zuordnung zu Elektrofachkräften im Sinne der Unfallverhütungsvorschriften, Nutzen von IT', 'Systemen, auch in digitalisierten Prozessen, Anwenden von Vorschriften zu Datenschutz und Informationssicherheit.']",https://www.bibb.de/dienst/berufesuche/de/index_berufesuche.php/profile/apprenticeship/544554,"Tätigkeitsfelder: Elektroniker/innen für Betriebstechnik arbeiten insbesondere für Hersteller industrieller Prozesssteuerungseinrichtungen, z.B. von speicherprogrammierbaren Steuerungen oder Anlagen der Mess, , Steuer, und Regelungstechnik. Elektroinstallationsbetriebe, die technische Gebäudeausrüstungen einbauen, oder Energieversorger bieten ebenfalls Beschäftigungsmöglichkeiten.; Profil: Übernehmen von elektrischen Anlagen, Entwerfen von Anlagenänderungen und, erweiterungen, Einrichten und Abräumen von Arbeitsplätzen/Baustellen, Organisieren der Anlagenerrichtung, Überwachen der Arbeit von Dienstleistern und anderen Gewerken, Montieren und Installieren von Leitungsführungssystemen, Informationsleitungen und Energieleitungen einschließlich allgemeiner Versorgungsleitungen, Installieren und Einrichten von Maschinen und Antriebssystemen einschließlich pneumatischer/ hydraulischer Komponenten, Zusammenbauen und Verdrahten von Schaltgeräten und Automatisierungssystemen, Programmieren und Konfigurieren von Systemen, Prüfen der Funktion und der Sicherheitseinrichtungen der Systeme, Überwachen und Warten der Anlagen, Durchführen von regelmäßigen Prüfungen, Analysieren von Störungen, Ergreifen von Sofortmaßnahmen und Instandsetzen der Anlagen, Übergeben von Anlagen, Einweisen der Nutzer in die Bedienung und Erbringen von Serviceleistungen, Arbeiten auch mit englischsprachigen Unterlagen und Kommunizieren auch in englischer Sprache, Zuordnung zu Elektrofachkräften im Sinne der Unfallverhütungsvorschriften, Nutzen von IT, Systemen, auch in digitalisierten Prozessen, Anwenden von Vorschriften zu Datenschutz und Informationssicherheit.",['Steuer'],61.02214707902624,-110.0864204235349
121,,"Mechatronik-, Energie- und Elektroberufe",Elektro/Mechatronik,42,"['Elektroniker/innen für Gebäude', 'und Infrastruktursysteme arbeiten in Firmen der Immobilienwirtschaft, z.B. im Facility Management oder bei Hausmeisterdiensten. Ebenso sind sie bei technischen Gebäudeausrüstern oder in Unternehmen beschäftigt, die Beleuchtungs', 'und Signalanlagen für Straßen und Eisenbahnen installieren. Darüber hinaus können sie in Fachplanungsbüros im Bereich der Gebäudetechnik tätig werden oder bei Herstellern von Windenergieanlagen. Krankenhäuser und Flughafenbetriebe eröffnen weitere Tätigkeitsfelder.']","['Analysieren von Anforderungen von Nutzern und Erfassen von Gefährdungspotentialen, Konzipieren von Anlagen', 'und Nutzungsänderungen von technischen Systemen (Energie', 'und Kommunikationssysteme sowie Versorgungssysteme), Installieren von Gebäude', 'und Infrastruktursystemen, Durchführen oder Veranlassen von Umbauten, Konfigurieren der Leiteinrichtungen von technischen Systemen, Prüfen der Funktion der Systeme sowie von Sicherheitseinrichtungen, Übergeben der Systeme und Einweisen der Nutzer in die Bedienung der technischen Systeme, Entgegennehmen von Störungsmeldungen, Erstellen von Fehlerdiagnosen, Einschätzen von Gefährdungen durch Störungen und Ergreifen von Sofortmaßnahmen, Überwachen gebäudetechnischer Systeme mit Hilfe von Automatisierungs', 'und Leitsystemen, Durchführen systematischer Fehlersuchen, Eingrenzen der Fehler, Durchführen oder Veranlassen der Instandsetzung der technischen Einrichtungen durch die zutreffenden Gewerke, Arbeiten auch mit englischsprachigen Unterlagen und Kommunizieren auch in englischer Sprache, Zuordnung zu Elektrofachkräften im Sinne der Unfallverhütungsvorschriften, Nutzen von IT', 'Systemen, auch in digitalisierten Prozessen, Anwenden von Vorschriften zu Datenschutz und Informationssicherheit.']",https://www.bibb.de/dienst/berufesuche/de/index_berufesuche.php/profile/apprenticeship/212121,"Tätigkeitsfelder: Elektroniker/innen für Gebäude, und Infrastruktursysteme arbeiten in Firmen der Immobilienwirtschaft, z.B. im Facility Management oder bei Hausmeisterdiensten. Ebenso sind sie bei technischen Gebäudeausrüstern oder in Unternehmen beschäftigt, die Beleuchtungs, und Signalanlagen für Straßen und Eisenbahnen installieren. Darüber hinaus können sie in Fachplanungsbüros im Bereich der Gebäudetechnik tätig werden oder bei Herstellern von Windenergieanlagen. Krankenhäuser und Flughafenbetriebe eröffnen weitere Tätigkeitsfelder.; Profil: Analysieren von Anforderungen von Nutzern und Erfassen von Gefährdungspotentialen, Konzipieren von Anlagen, und Nutzungsänderungen von technischen Systemen (Energie, und Kommunikationssysteme sowie Versorgungssysteme), Installieren von Gebäude, und Infrastruktursystemen, Durchführen oder Veranlassen von Umbauten, Konfigurieren der Leiteinrichtungen von technischen Systemen, Prüfen der Funktion der Systeme sowie von Sicherheitseinrichtungen, Übergeben der Systeme und Einweisen der Nutzer in die Bedienung der technischen Systeme, Entgegennehmen von Störungsmeldungen, Erstellen von Fehlerdiagnosen, Einschätzen von Gefährdungen durch Störungen und Ergreifen von Sofortmaßnahmen, Überwachen gebäudetechnischer Systeme mit Hilfe von Automatisierungs, und Leitsystemen, Durchführen systematischer Fehlersuchen, Eingrenzen der Fehler, Durchführen oder Veranlassen der Instandsetzung der technischen Einrichtungen durch die zutreffenden Gewerke, Arbeiten auch mit englischsprachigen Unterlagen und Kommunizieren auch in englischer Sprache, Zuordnung zu Elektrofachkräften im Sinne der Unfallverhütungsvorschriften, Nutzen von IT, Systemen, auch in digitalisierten Prozessen, Anwenden von Vorschriften zu Datenschutz und Informationssicherheit.",['Elektroniker/innen für Gebäude'],-8.357227946280334,-44.779051510368404
122,,"Mechatronik-, Energie- und Elektroberufe",Elektro/Mechatronik,42,"['Elektroniker und Elektronikerinnen für Gebäudesystemintegration arbeiten in Betrieben des Elektro', 'und informationstechnischen Handwerks. Sie planen, konzipieren, errichten, ändern, analysieren, vernetzen, warten und reparieren gebäudetechnische Systeme. Ihre Tätigkeit umfasst die gesamten im Gebäude vorkommenden technischen Systeme und deren Integration. Sie können die Daten gebäudetechnischer Kenngrößen verarbeiten, analysieren und anwenden. Sie finden auch Beschäftigung bei Industrieunternehmen und IT', 'Systemhäusern sowie bei technischen Gebäudeausrüstern.']","['Analysieren gebäudetechnischer Systeme, Messen und Analysieren physikalischer Kennwerte an Gebäudesystemtechnik, Fehler erkennen und Maßnahmen einleiten, Konzipieren und Projektieren der Integration gebäudetechnischer Anlagen und Systeme, Durchführen der Gewerke übergreifenden technischen Planung und Integration gebäudetechnischer Anlagen und Systeme, Montieren und Installieren, Integrieren von Komponenten und Funktionen an gebäudetechnischen Anlagen und Systemen, Parametrieren, in Betrieb nehmen und übergeben gebäudetechnischer Anlagen und Systeme, Programmieren, Einrichten und Testen von Software, Projekte übergeben und dokumentieren, Warten, Instandhalten und Optimieren, Prüfen und Einhalten von Datenschutz', 'und Informationssicherheitskonzepten und, Prüfen und Beurteilen von Schutzmaßnahmen an elektrischen Anlagen und Geräten.']",https://www.bibb.de/dienst/berufesuche/de/index_berufesuche.php/profile/apprenticeship/857plo7,"Tätigkeitsfelder: Elektroniker und Elektronikerinnen für Gebäudesystemintegration arbeiten in Betrieben des Elektro, und informationstechnischen Handwerks. Sie planen, konzipieren, errichten, ändern, analysieren, vernetzen, warten und reparieren gebäudetechnische Systeme. Ihre Tätigkeit umfasst die gesamten im Gebäude vorkommenden technischen Systeme und deren Integration. Sie können die Daten gebäudetechnischer Kenngrößen verarbeiten, analysieren und anwenden. Sie finden auch Beschäftigung bei Industrieunternehmen und IT, Systemhäusern sowie bei technischen Gebäudeausrüstern.; Profil: Analysieren gebäudetechnischer Systeme, Messen und Analysieren physikalischer Kennwerte an Gebäudesystemtechnik, Fehler erkennen und Maßnahmen einleiten, Konzipieren und Projektieren der Integration gebäudetechnischer Anlagen und Systeme, Durchführen der Gewerke übergreifenden technischen Planung und Integration gebäudetechnischer Anlagen und Systeme, Montieren und Installieren, Integrieren von Komponenten und Funktionen an gebäudetechnischen Anlagen und Systemen, Parametrieren, in Betrieb nehmen und übergeben gebäudetechnischer Anlagen und Systeme, Programmieren, Einrichten und Testen von Software, Projekte übergeben und dokumentieren, Warten, Instandhalten und Optimieren, Prüfen und Einhalten von Datenschutz, und Informationssicherheitskonzepten und, Prüfen und Beurteilen von Schutzmaßnahmen an elektrischen Anlagen und Geräten.",[],-65.34270823535742,-34.153660373742134
123,,"Mechatronik-, Energie- und Elektroberufe",Elektro/Mechatronik,42,"['Elektroniker/innen für Geräte und Systeme arbeiten vorwiegend in mittleren und größeren Industriebetrieben, die elektronische Systeme, Geräte oder Komponenten herstellen, montieren und warten. Entsprechende Unternehmen gibt es z.B. in den Bereichen Fahrzeugelektronik, Medizintechnik, Maschinen', 'und Anlagenbau sowie in der Mess', 'und Regeltechnik.']","['Unterstützen der Entwickler bei der Realisierung von Aufträgen, der Analyse geforderter Funktionalitäten und technischer Umgebungsbedingungen sowie der Konzipierung von Schaltungen, Montieren von Geräten und Systemen, Installieren und Konfigurieren von Programmen, Prüfen von Geräten und Systemen, Erstellen von Geräte', 'und Systemdokumentationen, Erstellen von Layouts und Fertigungsunterlagen, Vergeben und Koordinieren von Aufträgen zur Beschaffung von Bauteilen, Hilfsstoffen und Betriebsmitteln für die Realisierung von internen und externen Kundenaufträgen, Planen und Steuern der Produktionsabläufe, Organisieren von Gruppenarbeit, Einrichten, Programmieren, Optimieren und Warten von Fertigungs', 'und Prüfmaschinen, Mitwirken bei der Analyse und Optimierung von Fertigungsprozessen, Prüfen und Instandsetzen von Komponenten und Geräten, Arbeiten auch mit englischsprachigen Unterlagen und Kommunizieren auch in englischer Sprache, Zuordnung zu Elektrofachkräften im Sinne der Unfallverhütungsvorschriften, Nutzen von IT', 'Systemen, auch in digitalisierten Prozessen, Anwenden von Vorschriften zu Datenschutz und Informationssicherheit.']",https://www.bibb.de/dienst/berufesuche/de/index_berufesuche.php/profile/apprenticeship/753159,"Tätigkeitsfelder: Elektroniker/innen für Geräte und Systeme arbeiten vorwiegend in mittleren und größeren Industriebetrieben, die elektronische Systeme, Geräte oder Komponenten herstellen, montieren und warten. Entsprechende Unternehmen gibt es z.B. in den Bereichen Fahrzeugelektronik, Medizintechnik, Maschinen, und Anlagenbau sowie in der Mess, und Regeltechnik.; Profil: Unterstützen der Entwickler bei der Realisierung von Aufträgen, der Analyse geforderter Funktionalitäten und technischer Umgebungsbedingungen sowie der Konzipierung von Schaltungen, Montieren von Geräten und Systemen, Installieren und Konfigurieren von Programmen, Prüfen von Geräten und Systemen, Erstellen von Geräte, und Systemdokumentationen, Erstellen von Layouts und Fertigungsunterlagen, Vergeben und Koordinieren von Aufträgen zur Beschaffung von Bauteilen, Hilfsstoffen und Betriebsmitteln für die Realisierung von internen und externen Kundenaufträgen, Planen und Steuern der Produktionsabläufe, Organisieren von Gruppenarbeit, Einrichten, Programmieren, Optimieren und Warten von Fertigungs, und Prüfmaschinen, Mitwirken bei der Analyse und Optimierung von Fertigungsprozessen, Prüfen und Instandsetzen von Komponenten und Geräten, Arbeiten auch mit englischsprachigen Unterlagen und Kommunizieren auch in englischer Sprache, Zuordnung zu Elektrofachkräften im Sinne der Unfallverhütungsvorschriften, Nutzen von IT, Systemen, auch in digitalisierten Prozessen, Anwenden von Vorschriften zu Datenschutz und Informationssicherheit.","['und Anlagenbau sowie in der Mess', 'und Regeltechnik']",93.51041989291187,-123.92989579851424
124,,"Mechatronik-, Energie- und Elektroberufe",Elektro/Mechatronik,42,"['Beschäftigungsmöglichkeiten finden Elektroniker/innen für Informations', 'und Systemtechnik in Industrie', 'und Dienstleistungsunternehmen, die industrielle informationstechnische Systeme entwickeln und herstellen bzw. einsetzen.']","['Unterstützen der Entwickler bei der Entwicklung und Realisierung von Lösungen für Kunden, der Analyse geforderter Funktionalitäten, der Konzipierung von Systemen und Softwarelösungen, der Auswahl von Datenübertragungsmedien und von Hard', 'und Softwarekomponenten, Montieren und Prüfen von Hardwarekomponenten, Installieren und Konfigurieren von Komponenten und Geräten der Informationstechnologie, Montieren und Konfigurieren von Sensoren und Aktoren, Installieren und Konfigurieren von Betriebssystemen und Netzwerken, Erstellen von Bedienoberflächen und Benutzerdialogen, Erstellen von Softwarekomponenten, Anpassen von standardisierten Softwarekomponenten, Programmieren von Schnittstellen, Einbinden von Programmen in Systeme und Lösen von Kompatibilitätsproblemen, Integrieren von Hard', 'und Softwarekomponenten, Analysieren der Probleme beim Zusammenführen von Hard', 'und Softwarekomponenten und Entwickeln von Lösungsvorschlägen, Erfassen und Auswerten von Messwerten, Testen von Komponenten im System unter unterschiedlichen technischen Umfeldbedingungen, Integrieren der Systeme in vorhandene Gesamtsysteme, Leisten von Support bei Störungen, Analysieren von Störungen, Schließen auf Fehlerursachen in den Systemen, Analysieren der Fehlerursachen zur Qualitätssicherung, Einsetzen von Testsoftware und Diagnosesystemen, Prüfen von Signalen an Schnittstellen, Durchführen von netzwerkspezifischen Prüfungen, Beseitigen von Fehlern durch Softwareanpassung oder durch Tausch von Komponenten oder Baugruppen, Arbeiten auch mit englischsprachigen Unterlagen und Kommunizieren auch in englischer Sprache, Zuordnung zu Elektrofachkräften im Sinne der Unfallverhütungsvorschriften, Nutzen von IT', 'Systemen, auch in digitalisierten Prozessen, Anwenden von Vorschriften zu Datenschutz und Informationssicherheit.']",https://www.bibb.de/dienst/berufesuche/de/index_berufesuche.php/profile/apprenticeship/147852,"Tätigkeitsfelder: Beschäftigungsmöglichkeiten finden Elektroniker/innen für Informations, und Systemtechnik in Industrie, und Dienstleistungsunternehmen, die industrielle informationstechnische Systeme entwickeln und herstellen bzw. einsetzen.; Profil: Unterstützen der Entwickler bei der Entwicklung und Realisierung von Lösungen für Kunden, der Analyse geforderter Funktionalitäten, der Konzipierung von Systemen und Softwarelösungen, der Auswahl von Datenübertragungsmedien und von Hard, und Softwarekomponenten, Montieren und Prüfen von Hardwarekomponenten, Installieren und Konfigurieren von Komponenten und Geräten der Informationstechnologie, Montieren und Konfigurieren von Sensoren und Aktoren, Installieren und Konfigurieren von Betriebssystemen und Netzwerken, Erstellen von Bedienoberflächen und Benutzerdialogen, Erstellen von Softwarekomponenten, Anpassen von standardisierten Softwarekomponenten, Programmieren von Schnittstellen, Einbinden von Programmen in Systeme und Lösen von Kompatibilitätsproblemen, Integrieren von Hard, und Softwarekomponenten, Analysieren der Probleme beim Zusammenführen von Hard, und Softwarekomponenten und Entwickeln von Lösungsvorschlägen, Erfassen und Auswerten von Messwerten, Testen von Komponenten im System unter unterschiedlichen technischen Umfeldbedingungen, Integrieren der Systeme in vorhandene Gesamtsysteme, Leisten von Support bei Störungen, Analysieren von Störungen, Schließen auf Fehlerursachen in den Systemen, Analysieren der Fehlerursachen zur Qualitätssicherung, Einsetzen von Testsoftware und Diagnosesystemen, Prüfen von Signalen an Schnittstellen, Durchführen von netzwerkspezifischen Prüfungen, Beseitigen von Fehlern durch Softwareanpassung oder durch Tausch von Komponenten oder Baugruppen, Arbeiten auch mit englischsprachigen Unterlagen und Kommunizieren auch in englischer Sprache, Zuordnung zu Elektrofachkräften im Sinne der Unfallverhütungsvorschriften, Nutzen von IT, Systemen, auch in digitalisierten Prozessen, Anwenden von Vorschriften zu Datenschutz und Informationssicherheit.",['und Systemtechnik in Industrie'],92.92253052426668,-82.76770644766603
125,,"Mechatronik-, Energie- und Elektroberufe",Elektro/Mechatronik,42,"['Elektroniker/Elektronikerin für Maschinen und Antriebstechnik nach dem Berufsbildungsgesetz arbeiten vor allem in Unternehmen der Elektroindustrie, die elektrische Maschinen und Antriebe sowie elektromechanische Systeme herstellen, instandsetzen, inbetriebnehmen und überprüfen.']","['Analysieren maschinen', 'und antriebstechnischer Systeme, Messen und Auswerten physikalischer Kennwerte an elektrischen Maschinen und Antriebssystemen, Fehler erkennen und Maßnahmen einleiten, Montieren sowie Instandsetzen mechanischer Bauteile und Baugruppen, Herstellen von Wicklungen, Installieren, Verdrahten und Anschließen von elektrischen Antriebs', ', Energieerzeugungs', 'und Energiespeichersystemen, Installieren und Inbetriebnehmen von analogen und digitalen Steuerungen, Integration von Maschinen und Anlagen in IT', 'Systeme, Instandhalten und Instandsetzen von Antriebs', 'und Energiespeichersystemen, Durchführen von betrieblicher und technischer Kommunikation sowie Informationsverarbeitung, Planen und Organisieren der Arbeit, Durchführen von qualitätssichernden Maßnahmen, Beraten und Betreuen von Kunden, Prüfen und Einhalten von Datenschutz', 'und Informationssicherheitskonzepten, Prüfen und Beurteilen von Schutzmaßnahmen an elektrischen Anlagen und Geräten.']",https://www.bibb.de/dienst/berufesuche/de/index_berufesuche.php/profile/apprenticeship/elan21,"Tätigkeitsfelder: Elektroniker/Elektronikerin für Maschinen und Antriebstechnik nach dem Berufsbildungsgesetz arbeiten vor allem in Unternehmen der Elektroindustrie, die elektrische Maschinen und Antriebe sowie elektromechanische Systeme herstellen, instandsetzen, inbetriebnehmen und überprüfen.; Profil: Analysieren maschinen, und antriebstechnischer Systeme, Messen und Auswerten physikalischer Kennwerte an elektrischen Maschinen und Antriebssystemen, Fehler erkennen und Maßnahmen einleiten, Montieren sowie Instandsetzen mechanischer Bauteile und Baugruppen, Herstellen von Wicklungen, Installieren, Verdrahten und Anschließen von elektrischen Antriebs, , Energieerzeugungs, und Energiespeichersystemen, Installieren und Inbetriebnehmen von analogen und digitalen Steuerungen, Integration von Maschinen und Anlagen in IT, Systeme, Instandhalten und Instandsetzen von Antriebs, und Energiespeichersystemen, Durchführen von betrieblicher und technischer Kommunikation sowie Informationsverarbeitung, Planen und Organisieren der Arbeit, Durchführen von qualitätssichernden Maßnahmen, Beraten und Betreuen von Kunden, Prüfen und Einhalten von Datenschutz, und Informationssicherheitskonzepten, Prüfen und Beurteilen von Schutzmaßnahmen an elektrischen Anlagen und Geräten.","['Analysieren maschinen', 'Energieerzeugungs']",87.63078760301838,-88.98921286125758
126,,"Mechatronik-, Energie- und Elektroberufe",Elektro/Mechatronik,42,"['Elektroniker/Elektronikerin für Maschinen und Antriebstechnik nach der Handwerksordnung arbeiten vor allem in Betrieben des Elektromaschinenbauerhandwerks, die elektrische Maschinen und Antriebe sowie elektromechanische Systeme herstellen, instandsetzen, inbetriebnehmen und überprüfen.']","['Analysieren maschinen', 'und antriebstechnischer Systeme, Messen und Auswerten physikalischer Kennwerte an elektrischen Maschinen und Antriebssystemen, Fehler erkennen und Maßnahmen einleiten, Montieren sowie Instandsetzen mechanischer Bauteile und Baugruppen, Herstellen von Wicklungen, Installieren, Verdrahten und Anschließen von elektrischen Antriebs', ', Energieerzeugungs', 'und Energiespeichersystemen, Installieren und Inbetriebnehmen von analogen und digitalen Steuerungen, Integration von Maschinen und Anlagen in IT', 'Systeme, Instandhalten und Instandsetzen von Antriebs', 'und Energiespeichersystemen, Durchführen von betrieblicher und technischer Kommunikation sowie Informationsverarbeitung, Planen und Organisieren der Arbeit, Durchführen von qualitätssichernden Maßnahmen, Beraten und Betreuen von Kunden, Prüfen und Einhalten von Datenschutz', 'und Informationssicherheitskonzepten, Prüfen und Beurteilen von Schutzmaßnahmen an elektrischen Anlagen und Geräten.']",https://www.bibb.de/dienst/berufesuche/de/index_berufesuche.php/profile/apprenticeship/258omn4,"Tätigkeitsfelder: Elektroniker/Elektronikerin für Maschinen und Antriebstechnik nach der Handwerksordnung arbeiten vor allem in Betrieben des Elektromaschinenbauerhandwerks, die elektrische Maschinen und Antriebe sowie elektromechanische Systeme herstellen, instandsetzen, inbetriebnehmen und überprüfen.; Profil: Analysieren maschinen, und antriebstechnischer Systeme, Messen und Auswerten physikalischer Kennwerte an elektrischen Maschinen und Antriebssystemen, Fehler erkennen und Maßnahmen einleiten, Montieren sowie Instandsetzen mechanischer Bauteile und Baugruppen, Herstellen von Wicklungen, Installieren, Verdrahten und Anschließen von elektrischen Antriebs, , Energieerzeugungs, und Energiespeichersystemen, Installieren und Inbetriebnehmen von analogen und digitalen Steuerungen, Integration von Maschinen und Anlagen in IT, Systeme, Instandhalten und Instandsetzen von Antriebs, und Energiespeichersystemen, Durchführen von betrieblicher und technischer Kommunikation sowie Informationsverarbeitung, Planen und Organisieren der Arbeit, Durchführen von qualitätssichernden Maßnahmen, Beraten und Betreuen von Kunden, Prüfen und Einhalten von Datenschutz, und Informationssicherheitskonzepten, Prüfen und Beurteilen von Schutzmaßnahmen an elektrischen Anlagen und Geräten.","['Analysieren maschinen', 'Energieerzeugungs']",88.61452179737371,-92.63520342969034
127,,"Mechatronik-, Energie- und Elektroberufe",Elektro/Mechatronik,42,"['Fluggerätelektroniker und Fluggerätelektronikerinnen arbeiten in Unternehmen der Luft', 'und Raumfahrtindustrie, bei Fluggesellschaften, in Wartungsbetrieben oder bei der Bundeswehr. Darüber hinaus können sie auch in Flugschulen Beschäftigung finden.']","['Verlegen und Verbinden von Energie', ', Signal', 'und Datenleitungen, Montieren und Installieren von Komponenten und Geräten zu elektrischen und mechanischen Systemen, Installieren und Justieren von Sensorsystemen, Baugruppen der Steuerungs', 'und Regeltechnik sowie elektropneumatischen und hydraulischen Stellgliedern, Installieren, Prüfen und Inbetriebnehmen von Kommunikations', ', Navigations', ', Radar', 'und Autopilotanlagen, Instandhalten von Flugsteuerungs', 'und Antriebssystemen, Erstellen von Prüfaufbauten, Simulieren von technischen Umfeldbedingungen, Erfassen von Messwerten, Prüfen und Auswerten von Signalen an Schnittstellen, Prüfen und Testen im Gesamtsystem von pneumatischen, hydraulischen, elektrischen und elektronischen Komponenten, Analysieren und Beheben von Störungen in Systemen, Einsetzen von Testsoftware und Diagnosesystemen, Planen und Steuern von Produktionsabläufen, Arbeitsabläufe unter Beachtung rechtlicher, wirtschaftlicher und terminlicher Vorgaben planen, Dokumentieren der Arbeitsabläufe einschließlich der vorgenommenen Prüfungen, Durchführen von Maßnahmen zur Qualitätssicherung, Auswerten von eigenen und fremden Fehlern, Berücksichtigen und Fördern der Redlichkeitskultur, Berücksichtigen von persönlichen und psychischen Faktoren für die Minderung von Risiken, Arbeiten auch mit englischsprachigen Unterlagen und Kommunizieren auch in englischer Sprache, Organisieren von Gruppenarbeit und Prozessschritten, Sie sind Elektrofachkräfte im Sinne der Unfallverhütungsvorschriften, , Mit erfolgreichem Abschluss der Berufsausbildung ist das geforderte Grundwissen nach Teil', '66 der einschlägigen europäischen Vorschriften zur Beantragung einer CAT A', 'Lizenz beim Luftfahrt', 'Bundesamt nachgewiesen.']",https://www.bibb.de/dienst/berufesuche/de/index_berufesuche.php/profile/apprenticeship/111012,"Tätigkeitsfelder: Fluggerätelektroniker und Fluggerätelektronikerinnen arbeiten in Unternehmen der Luft, und Raumfahrtindustrie, bei Fluggesellschaften, in Wartungsbetrieben oder bei der Bundeswehr. Darüber hinaus können sie auch in Flugschulen Beschäftigung finden.; Profil: Verlegen und Verbinden von Energie, , Signal, und Datenleitungen, Montieren und Installieren von Komponenten und Geräten zu elektrischen und mechanischen Systemen, Installieren und Justieren von Sensorsystemen, Baugruppen der Steuerungs, und Regeltechnik sowie elektropneumatischen und hydraulischen Stellgliedern, Installieren, Prüfen und Inbetriebnehmen von Kommunikations, , Navigations, , Radar, und Autopilotanlagen, Instandhalten von Flugsteuerungs, und Antriebssystemen, Erstellen von Prüfaufbauten, Simulieren von technischen Umfeldbedingungen, Erfassen von Messwerten, Prüfen und Auswerten von Signalen an Schnittstellen, Prüfen und Testen im Gesamtsystem von pneumatischen, hydraulischen, elektrischen und elektronischen Komponenten, Analysieren und Beheben von Störungen in Systemen, Einsetzen von Testsoftware und Diagnosesystemen, Planen und Steuern von Produktionsabläufen, Arbeitsabläufe unter Beachtung rechtlicher, wirtschaftlicher und terminlicher Vorgaben planen, Dokumentieren der Arbeitsabläufe einschließlich der vorgenommenen Prüfungen, Durchführen von Maßnahmen zur Qualitätssicherung, Auswerten von eigenen und fremden Fehlern, Berücksichtigen und Fördern der Redlichkeitskultur, Berücksichtigen von persönlichen und psychischen Faktoren für die Minderung von Risiken, Arbeiten auch mit englischsprachigen Unterlagen und Kommunizieren auch in englischer Sprache, Organisieren von Gruppenarbeit und Prozessschritten, Sie sind Elektrofachkräfte im Sinne der Unfallverhütungsvorschriften, , Mit erfolgreichem Abschluss der Berufsausbildung ist das geforderte Grundwissen nach Teil, 66 der einschlägigen europäischen Vorschriften zur Beantragung einer CAT A, Lizenz beim Luftfahrt, Bundesamt nachgewiesen.","['Verlegen und Verbinden von Energie', 'Signal', 'Navigations', 'Radar', 'Lizenz beim Luftfahrt', 'Bundesamt nachgewiesen']",43.27471830675534,-74.09708228243582
128,,"Mechatronik-, Energie- und Elektroberufe",Elektro/Mechatronik,36,"['IT', 'System', 'Elektroniker/innen arbeiten in der IT', 'Branche, in Unternehmen nahezu aller Wirtschaftsbereiche sowie in Organisationen und im Öffentlichen Dienst. Sie finden insbesondere Beschäftigung bei Herstellern und Betreibern von IT', 'Infrastrukturen und IT', 'Systemen sowie bei Installationsbetrieben für Sicherheitstechnik. Ihre Tätigkeit umfasst auch elektrotechnische Arbeiten im IT', 'Bereich.']","['Installieren und Konfigurieren von IT', 'Geräten und IT', 'Systemen, Installieren von Netzwerkinfrastrukturen und Übertragungssystemen, Planen und Vorbereiten von Service', 'und Instandsetzungsmaßnahmen an IT', 'Systemen der Informationstechnik und an deren Infrastruktur, Durchführen von Service', 'und Instandsetzungsarbeiten an IT', 'Systemen der Informationstechnik und an deren Infrastruktur, Auftragsabschluss und Unterstützung von Nutzern und Nutzerinnen im Umgang mit IT', 'Geräten und, IT', 'Systemen der Informationstechnik und mit deren Infrastruktur, IT', 'Sicherheit und Datenschutz in IT', 'Systemen, Netzwerkinfrastrukturen und Übertragungssystemen, Installieren von IT', 'Systemen, Geräten und Betriebsmitteln sowie deren Anbindung an die Stromversorgung, Prüfen der elektrischen Sicherheit von IT', 'Geräten und Betriebsmitteln, Planen, Vorbereiten und Durchführen von Arbeitsaufgaben in Abstimmung mit den kundenspezifischen Geschäfts', 'und Leistungsprozessen, Informieren und Beraten von Kunden und Kundinnen, Beurteilen marktgängiger IT', 'Systeme und kundenspezifischer Lösungen, Entwickeln, Erstellen und Betreuen von IT', 'Lösungen, Durchführen und Dokumentieren von qualitätssichernden Maßnahmen, Umsetzen, Integrieren und Prüfen von Maßnahmen zur IT', 'Sicherheit und zum Datenschutz.']",https://www.bibb.de/dienst/berufesuche/de/index_berufesuche.php/profile/apprenticeship/hhffgdfd,"Tätigkeitsfelder: IT, System, Elektroniker/innen arbeiten in der IT, Branche, in Unternehmen nahezu aller Wirtschaftsbereiche sowie in Organisationen und im Öffentlichen Dienst. Sie finden insbesondere Beschäftigung bei Herstellern und Betreibern von IT, Infrastrukturen und IT, Systemen sowie bei Installationsbetrieben für Sicherheitstechnik. Ihre Tätigkeit umfasst auch elektrotechnische Arbeiten im IT, Bereich.; Profil: Installieren und Konfigurieren von IT, Geräten und IT, Systemen, Installieren von Netzwerkinfrastrukturen und Übertragungssystemen, Planen und Vorbereiten von Service, und Instandsetzungsmaßnahmen an IT, Systemen der Informationstechnik und an deren Infrastruktur, Durchführen von Service, und Instandsetzungsarbeiten an IT, Systemen der Informationstechnik und an deren Infrastruktur, Auftragsabschluss und Unterstützung von Nutzern und Nutzerinnen im Umgang mit IT, Geräten und, IT, Systemen der Informationstechnik und mit deren Infrastruktur, IT, Sicherheit und Datenschutz in IT, Systemen, Netzwerkinfrastrukturen und Übertragungssystemen, Installieren von IT, Systemen, Geräten und Betriebsmitteln sowie deren Anbindung an die Stromversorgung, Prüfen der elektrischen Sicherheit von IT, Geräten und Betriebsmitteln, Planen, Vorbereiten und Durchführen von Arbeitsaufgaben in Abstimmung mit den kundenspezifischen Geschäfts, und Leistungsprozessen, Informieren und Beraten von Kunden und Kundinnen, Beurteilen marktgängiger IT, Systeme und kundenspezifischer Lösungen, Entwickeln, Erstellen und Betreuen von IT, Lösungen, Durchführen und Dokumentieren von qualitätssichernden Maßnahmen, Umsetzen, Integrieren und Prüfen von Maßnahmen zur IT, Sicherheit und zum Datenschutz.","['IT', 'System', 'Elektroniker/innen arbeiten in der IT', 'Infrastrukturen und IT', 'Bereich', 'Installieren und Konfigurieren von IT', 'Geräten und IT', 'und Instandsetzungsmaßnahmen an IT', 'und Instandsetzungsarbeiten an IT', 'Sicherheit und Datenschutz in IT']",-42.19694724245059,-35.49825324002022
129,,"Mechatronik-, Energie- und Elektroberufe",Elektro/Mechatronik,24,"['Industrieelektriker/Industrieelektrikerinnen, Fachrichtung Betriebstechnik, arbeiten in unterschiedlichen Produktionsbereichen der Wirtschaft, insbesondere in Unternehmen der Metall', 'und Elektroindustrie, der Automobilindustrie, dem Anlagenbau und in Energieversorgungsunternehmen.']","['Installieren von elektrischen Systemen und Anlagen, Inbetriebnahme und Betrieb von elektrischen Systemen und Anlagen, Durchführen von Wartungsarbeiten an elektrischen Systemen und Anlagen, Bearbeiten, Montieren und Verbinden mechanischer Komponenten und elektrischer Betriebsmittel, Prüfen und Analysieren elektrischer Funktionen und Systeme, Durchführen von Funktions', 'und Sicherheitsprüfungen, Beurteilen der Sicherheit von elektrischen Anlagen und Betriebsmitteln, Durchführen von qualitätssichernden Maßnahmen, Berücksichtigung der Vorgaben des Umweltschutzes, der Arbeitssicherheit und der Wirtschaftlichkeit, Dokumentieren der Produktionsdaten und Abtimmen mit vor', 'und nachgelagerten Bereichen.']",https://www.bibb.de/dienst/berufesuche/de/index_berufesuche.php/profile/apprenticeship/1311008,"Tätigkeitsfelder: Industrieelektriker/Industrieelektrikerinnen, Fachrichtung Betriebstechnik, arbeiten in unterschiedlichen Produktionsbereichen der Wirtschaft, insbesondere in Unternehmen der Metall, und Elektroindustrie, der Automobilindustrie, dem Anlagenbau und in Energieversorgungsunternehmen.; Profil: Installieren von elektrischen Systemen und Anlagen, Inbetriebnahme und Betrieb von elektrischen Systemen und Anlagen, Durchführen von Wartungsarbeiten an elektrischen Systemen und Anlagen, Bearbeiten, Montieren und Verbinden mechanischer Komponenten und elektrischer Betriebsmittel, Prüfen und Analysieren elektrischer Funktionen und Systeme, Durchführen von Funktions, und Sicherheitsprüfungen, Beurteilen der Sicherheit von elektrischen Anlagen und Betriebsmitteln, Durchführen von qualitätssichernden Maßnahmen, Berücksichtigung der Vorgaben des Umweltschutzes, der Arbeitssicherheit und der Wirtschaftlichkeit, Dokumentieren der Produktionsdaten und Abtimmen mit vor, und nachgelagerten Bereichen.",['und nachgelagerten Bereichen'],6.62229777033557,-50.88473904750345
130,,"Mechatronik-, Energie- und Elektroberufe",Elektro/Mechatronik,42,"['Informationselektroniker/innen planen und installieren Systeme der Informations', 'und Kommunikationstechnik. Sie erbringen Dienstleistung aus einer Hand, arbeiten in Installations', 'und Servicebetrieben. Sie arbeiten hauptsächlich in elektro', 'und informationstechnischen Handwerksbetrieben, aber auch in Betrieben anderer Branchen. Informationselektroniker/innen sind in folgenden Einsatzgebieten tätig: Geräte', ', IT', 'und Bürosystemtechnik, Sende', ', Empfangs', 'und Breitbandtechnik, Sicherheits', 'und Gefahrenmeldetechnik sowie Telekommunikationstechnik.']","['Analysieren von Systemen der Informations', 'und Kommunikationstechnik, Messen und Analysieren physikalischer Kennwerte an Systemen, Planen und Projektieren der Arbeit, Montieren, Installieren und Integrieren von Systemen, Parametrieren, Inbetriebnehmen und Übergeben, Installieren, Programmieren, Einrichten und Testen von Software, Bedienen und Administrieren, Sicherstellen des Betriebes von Systemen der Informations', 'und Kommunikationstechnik, Umsetzen und Integrieren von Datenschutz', 'und Informationssicherheitskonzepten, Warten, Instandhalten, Betreiben und Optimieren, Durchführen von betrieblicher und technischer Kommunikation sowie Informationsverarbeitung, Planen und Organisieren der Arbeit, Durchführen von qualitätssichernden Maßnahmen, Beraten und Betreuen von Kunden, Prüfen und Einhalten von Datenschutz', 'und Informationssicherheitskonzepten, Prüfen und Beurteilen von Schutzmaßnahmen an elektrischen Anlagen und Geräten.']",https://www.bibb.de/dienst/berufesuche/de/index_berufesuche.php/profile/apprenticeship/kiu51uu,"Tätigkeitsfelder: Informationselektroniker/innen planen und installieren Systeme der Informations, und Kommunikationstechnik. Sie erbringen Dienstleistung aus einer Hand, arbeiten in Installations, und Servicebetrieben. Sie arbeiten hauptsächlich in elektro, und informationstechnischen Handwerksbetrieben, aber auch in Betrieben anderer Branchen. Informationselektroniker/innen sind in folgenden Einsatzgebieten tätig: Geräte, , IT, und Bürosystemtechnik, Sende, , Empfangs, und Breitbandtechnik, Sicherheits, und Gefahrenmeldetechnik sowie Telekommunikationstechnik.; Profil: Analysieren von Systemen der Informations, und Kommunikationstechnik, Messen und Analysieren physikalischer Kennwerte an Systemen, Planen und Projektieren der Arbeit, Montieren, Installieren und Integrieren von Systemen, Parametrieren, Inbetriebnehmen und Übergeben, Installieren, Programmieren, Einrichten und Testen von Software, Bedienen und Administrieren, Sicherstellen des Betriebes von Systemen der Informations, und Kommunikationstechnik, Umsetzen und Integrieren von Datenschutz, und Informationssicherheitskonzepten, Warten, Instandhalten, Betreiben und Optimieren, Durchführen von betrieblicher und technischer Kommunikation sowie Informationsverarbeitung, Planen und Organisieren der Arbeit, Durchführen von qualitätssichernden Maßnahmen, Beraten und Betreuen von Kunden, Prüfen und Einhalten von Datenschutz, und Informationssicherheitskonzepten, Prüfen und Beurteilen von Schutzmaßnahmen an elektrischen Anlagen und Geräten.","['IT', 'und Bürosystemtechnik Sende', 'Empfangs', 'und Breitbandtechnik Sicherheits', 'Analysieren von Systemen der Informations']",24.41725773942906,-76.46699411045866
131,,"Mechatronik-, Energie- und Elektroberufe",Elektro/Mechatronik,42,"['Mechatroniker/innen arbeiten in der Montage und Instandhaltung von mechatronischen Komponenten und Systemen bei den Herstellern im Anlagen', 'und Maschinenbau, bei den Betreibern der Systeme sowie in Servicebereichen und bei Dienstleistern in den verschiedensten Branchen und Wirtschaftszweigen. Mechatroniker/innen sind im Sinne der Unfallverhütungsvorschriften Elektrofachkräfte.']","['Planen und Steuern von Arbeitsabläufen, Bearbeiten mechanischer Teile, Zusammenbauen von Baugruppen und Komponenten zu mechatronischen Systemen, Installieren elektrischer Baugruppen und Komponenten, Messen und Prüfen elektrischer Größen, Installieren und Testen von Hard', 'und Softwarekomponenten, Aufbauen und Prüfen von Steuerungen, Programmieren mechatronischer Systeme, Zusammenbauen von Baugruppen und Komponenten zu Maschinen und Systemen, Montieren und Demontieren von Maschinen, Systemen und Anlagen, Transportieren und Sichern, Prüfen und Einstellen von Funktionen an mechatronischen Systemen, Inbetriebnehmen und Bedienen mechatronischer Systeme, Instandhalten mechatronischer Systeme, Übergeben von Anlagen, Einweisen der Nutzer in die Bedienung und Erbringen von Serviceleistungen, Arbeiten auch mit englischsprachigen Unterlagen und Kommunizieren auch in englischer Sprache, Nutzung und IT', 'Systemen, auch in digitalisierten Prozessen, Anwenden von Vorschriften zu Datenschutz und Informationssicherheit.']",https://www.bibb.de/dienst/berufesuche/de/index_berufesuche.php/profile/apprenticeship/868686,"Tätigkeitsfelder: Mechatroniker/innen arbeiten in der Montage und Instandhaltung von mechatronischen Komponenten und Systemen bei den Herstellern im Anlagen, und Maschinenbau, bei den Betreibern der Systeme sowie in Servicebereichen und bei Dienstleistern in den verschiedensten Branchen und Wirtschaftszweigen. Mechatroniker/innen sind im Sinne der Unfallverhütungsvorschriften Elektrofachkräfte.; Profil: Planen und Steuern von Arbeitsabläufen, Bearbeiten mechanischer Teile, Zusammenbauen von Baugruppen und Komponenten zu mechatronischen Systemen, Installieren elektrischer Baugruppen und Komponenten, Messen und Prüfen elektrischer Größen, Installieren und Testen von Hard, und Softwarekomponenten, Aufbauen und Prüfen von Steuerungen, Programmieren mechatronischer Systeme, Zusammenbauen von Baugruppen und Komponenten zu Maschinen und Systemen, Montieren und Demontieren von Maschinen, Systemen und Anlagen, Transportieren und Sichern, Prüfen und Einstellen von Funktionen an mechatronischen Systemen, Inbetriebnehmen und Bedienen mechatronischer Systeme, Instandhalten mechatronischer Systeme, Übergeben von Anlagen, Einweisen der Nutzer in die Bedienung und Erbringen von Serviceleistungen, Arbeiten auch mit englischsprachigen Unterlagen und Kommunizieren auch in englischer Sprache, Nutzung und IT, Systemen, auch in digitalisierten Prozessen, Anwenden von Vorschriften zu Datenschutz und Informationssicherheit.",[],2.7843002545096818,-80.03495896314882
132,,Medizinische Gesundheitsberufe,IT & Technik,36,"['Medizinische Fachangestellte sind in Hausarzt', 'und Facharztpraxen, Krankenhäusern sowie anderen medizinischen Versorgungseinrichtungen tätig. Sie werden auch in medizinischen Laboratorien, in betriebsärztlichen Abteilungen von Unternehmen und im öffentlichen Gesundheitsdienst eingesetzt. Darüber hinaus sind sie in Institutionen und Organisationen des Gesundheitswesens beschäftigt.']","['Assistieren bei Untersuchung, Behandlung und chirurgischen Eingriffen, Helfen bei Notfällen, Betreuen und Beraten von Patienten vor, während und nach der Behandlung, Informieren von Patienten über die Ziele und Möglichkeiten der Vor', 'und Nachsorge, Durchführen von Hygienemaßnahmen, Durchführen von Laborarbeiten durch, Anwenden der Vorschriften und Richtlinien des Umweltschutzes, Organisieren der Betriebsabläufe und Überwachen der Terminplanungen, Mitwirken beim Qualitätsmanagement, Durchführen von Verwaltungsarbeiten, Dokumentieren der Behandlungsabläufe und Erfassen der erbrachten Leistungen für die Abrechnung, Ermitteln des Bedarfs an Material, Beschaffen und Verwalten des Materials, Anwenden von Informations', 'und Kommunikationssystemen, Beachten der Regeln des Datenschutzes und der Datensicherheit, team', 'und prozessorientiertes Arbeiten.']",https://www.bibb.de/dienst/berufesuche/de/index_berufesuche.php/profile/apprenticeship/n233444,"Tätigkeitsfelder: Medizinische Fachangestellte sind in Hausarzt, und Facharztpraxen, Krankenhäusern sowie anderen medizinischen Versorgungseinrichtungen tätig. Sie werden auch in medizinischen Laboratorien, in betriebsärztlichen Abteilungen von Unternehmen und im öffentlichen Gesundheitsdienst eingesetzt. Darüber hinaus sind sie in Institutionen und Organisationen des Gesundheitswesens beschäftigt.; Profil: Assistieren bei Untersuchung, Behandlung und chirurgischen Eingriffen, Helfen bei Notfällen, Betreuen und Beraten von Patienten vor, während und nach der Behandlung, Informieren von Patienten über die Ziele und Möglichkeiten der Vor, und Nachsorge, Durchführen von Hygienemaßnahmen, Durchführen von Laborarbeiten durch, Anwenden der Vorschriften und Richtlinien des Umweltschutzes, Organisieren der Betriebsabläufe und Überwachen der Terminplanungen, Mitwirken beim Qualitätsmanagement, Durchführen von Verwaltungsarbeiten, Dokumentieren der Behandlungsabläufe und Erfassen der erbrachten Leistungen für die Abrechnung, Ermitteln des Bedarfs an Material, Beschaffen und Verwalten des Materials, Anwenden von Informations, und Kommunikationssystemen, Beachten der Regeln des Datenschutzes und der Datensicherheit, team, und prozessorientiertes Arbeiten.","['Medizinische Fachangestellte sind in Hausarzt', 'und prozessorientiertes Arbeiten']",-53.392542621697885,-44.531034679384305
133,,Medizinische Gesundheitsberufe,IT & Technik,36,"['Tiermedizinische Fachangestellte sind vorwiegend in Tierarztpraxen sowie Tierkliniken tätig. Sie werden auch in veterinärmedizinischen Laboratorien, Zoos, Tierheimen oder in der Tierhaltung eingesetzt. Darüber hinaus sind sie in der tiermedizinischen Forschung, der chemischen Industrie oder bei Institutionen und Organisationen des Gesundheits', 'und des Veterinärwesens beschäftigt.']","['Assistieren bei Untersuchung, Behandlung und chirurgischen Eingriffen, Betreuen von Patienten vor, während und nach der Behandlung, Versorgen und Pflegen der Patienten bei stationärer Unterbringung, Sorgen für tierartgerechte und verhaltensgemäße Haltung von Tieren, Beachten der Einhaltung des Tierschutzgesetzes, Anwenden der Vorschriften und Richtlinien des Umweltschutzes, Durchführen von Hygienemaßnahmen, Schützen vor Infektionen und Seuchen, Erstellen von Röntgenaufnahmen, Durchführen von Laborarbeiten, Beraten und Betreuen der Tierhalter und Tierhalterinnen, Informieren der Tierhalter und Tierhalterinnen über die Möglichkeiten der Prävention und Rehabilitation, Organisieren der Betriebsabläufe und Überwachen von Terminplanungen, Mitwirken bei Maßnahmen zur Qualitätssicherung, Durchführen von Verwaltungsarbeiten, Dokumentieren der Behandlungsabläufe und Erfassen und Abrechnen der erbrachten Leistungen, Ermitteln des Bedarfs an Material, Beschaffen und Verwalten von Material, Anwenden von Informations', 'und Kommunikationssystemen, Beachten der Regeln des Datenschutzes und der Datensicherheit, team', 'und prozessorientiertes Arbeiten.']",https://www.bibb.de/dienst/berufesuche/de/index_berufesuche.php/profile/apprenticeship/n745553,"Tätigkeitsfelder: Tiermedizinische Fachangestellte sind vorwiegend in Tierarztpraxen sowie Tierkliniken tätig. Sie werden auch in veterinärmedizinischen Laboratorien, Zoos, Tierheimen oder in der Tierhaltung eingesetzt. Darüber hinaus sind sie in der tiermedizinischen Forschung, der chemischen Industrie oder bei Institutionen und Organisationen des Gesundheits, und des Veterinärwesens beschäftigt.; Profil: Assistieren bei Untersuchung, Behandlung und chirurgischen Eingriffen, Betreuen von Patienten vor, während und nach der Behandlung, Versorgen und Pflegen der Patienten bei stationärer Unterbringung, Sorgen für tierartgerechte und verhaltensgemäße Haltung von Tieren, Beachten der Einhaltung des Tierschutzgesetzes, Anwenden der Vorschriften und Richtlinien des Umweltschutzes, Durchführen von Hygienemaßnahmen, Schützen vor Infektionen und Seuchen, Erstellen von Röntgenaufnahmen, Durchführen von Laborarbeiten, Beraten und Betreuen der Tierhalter und Tierhalterinnen, Informieren der Tierhalter und Tierhalterinnen über die Möglichkeiten der Prävention und Rehabilitation, Organisieren der Betriebsabläufe und Überwachen von Terminplanungen, Mitwirken bei Maßnahmen zur Qualitätssicherung, Durchführen von Verwaltungsarbeiten, Dokumentieren der Behandlungsabläufe und Erfassen und Abrechnen der erbrachten Leistungen, Ermitteln des Bedarfs an Material, Beschaffen und Verwalten von Material, Anwenden von Informations, und Kommunikationssystemen, Beachten der Regeln des Datenschutzes und der Datensicherheit, team, und prozessorientiertes Arbeiten.","['und des Veterinärwesens beschäftigt', 'und prozessorientiertes Arbeiten']",4.599465014137659,-82.85759659327496
134,,Medizinische Gesundheitsberufe,IT & Technik,36,"['Zahnmedizinische Fachangestellte arbeiten in Zahnarztpraxen, kieferorthopädischen, oral', 'und kieferchirurgi', 'schen Praxen sowie in Zahnkliniken. Beschäftigung finden sie auch im öffentlichen Gesundheitswesen, in der Dentalindustrie, bei Krankenkassen und in Abrechnungszentren.']","['Personen', ', zielgruppen', 'und situationsorientiertes Betreuen vor, während und nach Behandlungen, Assistieren bei zahnärztlichen Behandlungen, Erläutern von Möglichkeiten der Karies', 'und Parodontalprophylaxe sowie Anleiten zur Mundhygiene, Mitwirken in der Gruppenprophylaxe, Abrechnen von Leistungen und Kontrollieren von Zahlungseingängen, Dokumentieren von Behandlungsabläufen, Organisieren der Arbeitsprozesse, Gestalten von personen', 'und situationsgerechten Kommunikationsprozessen, Erstellen von Röntgenaufnahmen, Durchführen von bildgebenden Verfahren, Durchführen von Hygienemaßnahmen, Aufbereiten und Freigeben von Medizinprodukten, Mitwirken und Durchführen qualitätssichernder Maßnahmen, Anwenden von Informations', 'und Kommunikationssystemen, Beachten der rechtlichen Regelungen zum Datenschutz, Einhalten der Verschwiegenheitspflichten, Umsetzen von Umweltschutz und Nachhaltigkeit, team', 'und prozessorientiertes Arbeiten.']",https://www.bibb.de/dienst/berufesuche/de/index_berufesuche.php/profile/apprenticeship/zfa22,"Tätigkeitsfelder: Zahnmedizinische Fachangestellte arbeiten in Zahnarztpraxen, kieferorthopädischen, oral, und kieferchirurgi, schen Praxen sowie in Zahnkliniken. Beschäftigung finden sie auch im öffentlichen Gesundheitswesen, in der Dentalindustrie, bei Krankenkassen und in Abrechnungszentren.; Profil: Personen, , zielgruppen, und situationsorientiertes Betreuen vor, während und nach Behandlungen, Assistieren bei zahnärztlichen Behandlungen, Erläutern von Möglichkeiten der Karies, und Parodontalprophylaxe sowie Anleiten zur Mundhygiene, Mitwirken in der Gruppenprophylaxe, Abrechnen von Leistungen und Kontrollieren von Zahlungseingängen, Dokumentieren von Behandlungsabläufen, Organisieren der Arbeitsprozesse, Gestalten von personen, und situationsgerechten Kommunikationsprozessen, Erstellen von Röntgenaufnahmen, Durchführen von bildgebenden Verfahren, Durchführen von Hygienemaßnahmen, Aufbereiten und Freigeben von Medizinprodukten, Mitwirken und Durchführen qualitätssichernder Maßnahmen, Anwenden von Informations, und Kommunikationssystemen, Beachten der rechtlichen Regelungen zum Datenschutz, Einhalten der Verschwiegenheitspflichten, Umsetzen von Umweltschutz und Nachhaltigkeit, team, und prozessorientiertes Arbeiten.","['und kieferchirurgi', 'Personen', 'zielgruppen', 'und prozessorientiertes Arbeiten']",-30.039262413355846,-10.133086634078708
135,,"Metallerzeugung und -bearbeitung, Metallbauberufe",IT & Technik,36,['Büchsenmacher und Büchsenmacherinnen sind in Betrieben des Büchsenmacherhandwerks und in der industriellen Produktion von Schusswaffen tätig. Darüber hinaus arbeiten sie im Waffenfachhandel.'],"['Herstellen von Schusswaffen, Manuelles und maschinelles Anfertigen von Bau', 'und Waffenteilen aus Metall, Holz und Kunststoff, Anwenden moderner und traditioneller Techniken, Montieren von optischen Geräten auf Schusswaffen, Warten, Reparieren und Pflegen von Schusswaffen, Herstellen von Ersatzteilen und Einbau dieser, Restaurieren von historischen Schusswaffen, Herstellen der Gesamtfunktion von Schusswaffen und Zubehör sowie Überprüfen der Zielgenauigkeit, Beachten von waffenrechtlichen Bestimmungen, insbesondere Waffengesetz, Beschussgesetz, Kriegswaffenkontrollgesetz, Sprengstoffgesetz und Jagdrecht, Anwenden von waffenrechtlichen Bestimmungen, insbesondere im Hinblick auf Erwerb, Besitz, Führung, Transport, Aufbewahrung, Überlassung und Herstellung, Anwenden von Sicherheit sowie dem Gesundheits', 'und Umweltschutz bei ihrer Arbeit, Durchführen der Arbeiten unter dem Aspekt der Qualitätssicherung, Beraten und Betreuen von Kunden, Planen der Auftragsabwicklung unter Berücksichtigung sicherheitstechnischer und betriebswirtschaftlicher Gesichtspunkte und Disponieren von Material.']",https://www.bibb.de/dienst/berufesuche/de/index_berufesuche.php/profile/apprenticeship/09567,"Tätigkeitsfelder: Büchsenmacher und Büchsenmacherinnen sind in Betrieben des Büchsenmacherhandwerks und in der industriellen Produktion von Schusswaffen tätig. Darüber hinaus arbeiten sie im Waffenfachhandel.; Profil: Herstellen von Schusswaffen, Manuelles und maschinelles Anfertigen von Bau, und Waffenteilen aus Metall, Holz und Kunststoff, Anwenden moderner und traditioneller Techniken, Montieren von optischen Geräten auf Schusswaffen, Warten, Reparieren und Pflegen von Schusswaffen, Herstellen von Ersatzteilen und Einbau dieser, Restaurieren von historischen Schusswaffen, Herstellen der Gesamtfunktion von Schusswaffen und Zubehör sowie Überprüfen der Zielgenauigkeit, Beachten von waffenrechtlichen Bestimmungen, insbesondere Waffengesetz, Beschussgesetz, Kriegswaffenkontrollgesetz, Sprengstoffgesetz und Jagdrecht, Anwenden von waffenrechtlichen Bestimmungen, insbesondere im Hinblick auf Erwerb, Besitz, Führung, Transport, Aufbewahrung, Überlassung und Herstellung, Anwenden von Sicherheit sowie dem Gesundheits, und Umweltschutz bei ihrer Arbeit, Durchführen der Arbeiten unter dem Aspekt der Qualitätssicherung, Beraten und Betreuen von Kunden, Planen der Auftragsabwicklung unter Berücksichtigung sicherheitstechnischer und betriebswirtschaftlicher Gesichtspunkte und Disponieren von Material.",[],-28.304953574065415,-6.049576398879993
136,,"Metallerzeugung und -bearbeitung, Metallbauberufe",IT & Technik,42,[],[],https://www.bibb.de/dienst/berufesuche/de/index_berufesuche.php/profile/apprenticeship/2843101,,[],-362.29674520471417,191.99426007981612
137,,"Metallerzeugung und -bearbeitung, Metallbauberufe",IT & Technik,36,[],[],https://www.bibb.de/dienst/berufesuche/de/index_berufesuche.php/profile/apprenticeship/2312101,,[],-362.29674520471417,191.99426007981612
138,,"Metallerzeugung und -bearbeitung, Metallbauberufe",IT & Technik,42,"['Konstruktionsmechaniker und Konstruktionsmechanikerinnen arbeiten in den Bereichen Ausrüstungstechnik, Feinblechbau, Schiffbau, Schweißtechnik und im Stahl', 'und Metallbau.']","['Planen der Aufgaben anhand von technischen Unterlagen, Herstellen von Bauteilen, Baugruppen und Metallkonstruktionen aus Blechen, Rohren oder Profilen durch manuelle und maschinelle Fertigungsverfahren, Durchführen von Schweißverfahren unter Beachtung der Arbeitssicherheit und des Umweltschutzes, Montieren und Demontieren von Metallkonstruktionen und Anwenden unterschiedlicher Fügetechniken, Erstellen von Hilfskonstruktionen, Vorrichtungen, Schablonen und Abwicklungen, Auswählen von Prüfgeräten und Prüfverfahren und Anwenden des betrieblichen Qualitätssicherungssystems, Durchführen der notwendigen Wartungsarbeiten an Anlagen, Maschinen und Werkzeugen, Abstimmen der Arbeiten mit vor', 'und nachgelagerten Bereichen, Bearbeiten von komplexen Aufträgen im Team, Selbständiges Durchführen von Tätigkeiten unter Beachtung der einschlägigen Vorschriften und Sicherheitsbestimmungen, Nutzen von IT', 'Systemen auch in digitalisierten Prozessen, Anwenden von Vorschriften zu Datenschutz und Informationssicherheit.']",https://www.bibb.de/dienst/berufesuche/de/index_berufesuche.php/profile/apprenticeship/121214,"Tätigkeitsfelder: Konstruktionsmechaniker und Konstruktionsmechanikerinnen arbeiten in den Bereichen Ausrüstungstechnik, Feinblechbau, Schiffbau, Schweißtechnik und im Stahl, und Metallbau.; Profil: Planen der Aufgaben anhand von technischen Unterlagen, Herstellen von Bauteilen, Baugruppen und Metallkonstruktionen aus Blechen, Rohren oder Profilen durch manuelle und maschinelle Fertigungsverfahren, Durchführen von Schweißverfahren unter Beachtung der Arbeitssicherheit und des Umweltschutzes, Montieren und Demontieren von Metallkonstruktionen und Anwenden unterschiedlicher Fügetechniken, Erstellen von Hilfskonstruktionen, Vorrichtungen, Schablonen und Abwicklungen, Auswählen von Prüfgeräten und Prüfverfahren und Anwenden des betrieblichen Qualitätssicherungssystems, Durchführen der notwendigen Wartungsarbeiten an Anlagen, Maschinen und Werkzeugen, Abstimmen der Arbeiten mit vor, und nachgelagerten Bereichen, Bearbeiten von komplexen Aufträgen im Team, Selbständiges Durchführen von Tätigkeiten unter Beachtung der einschlägigen Vorschriften und Sicherheitsbestimmungen, Nutzen von IT, Systemen auch in digitalisierten Prozessen, Anwenden von Vorschriften zu Datenschutz und Informationssicherheit.",['und Metallbau'],75.84942969841002,-78.80966550105053
139,,"Metallerzeugung und -bearbeitung, Metallbauberufe",IT & Technik,36,['Oberflächenbeschichter / Oberflächenbeschichterinnen arbeiten in industriellen und handwerklichen Betrieben an Beschichtungsanlagen im Bereich Galvanotechnik und Feuerverzinkung.'],"['Anwenden von Beschichtungsverfahren der chemischen und elektrochemischen Abscheidung von Metallen und Legierungen, der Anodisations', 'und Dünnschichttechnik sowie das Feuerverzinken, Anwenden mechanischer, chemischer und elektrolytischer Verfahren der Vor', 'und Nachbehandlung von unbeschichteten und beschichteten Oberflächen, Erzeugen dekorativer oder funktioneller Schichten durch chemische und elektrochemische Abscheidung von Metallen und Legierungen, anodische Oxidation, Dünnschichttechniken oder Feuerverzinken, Anwenden der Grundlagen der mechanischen Fertigungs', 'und Fügeverfahren, Entfernen von Beschichtungen auf unterschiedlichen Grundwerkstoffen mit mechanischen, chemischen, elektronischen und physikalischen Verfahren, Planen und Koordinieren des Arbeitsablaufs mit den vor', 'und nachgelagerten Fertigungsprozessen, Steuern des Fertigungsprozesses, Bedienen, Überwachen und Warten technischer Einrichtungen und Anlagen, insbesondere durch die Eingabe von Prozessparametern, Eingriffe in Steuerprogramme, die Dokumentation des Funktions', 'und Prozessablaufs einschließlich der peripheren Einrichtungen, Berücksichtigen von ökologischen Aspekten in allen Phasen des Fertigungsprozesses, insbesondere der Verfahren der Stoffrückführung und', 'rückgewinnung, Sichern der Qualität der Erzeugnisse im Rahmen von Qualitätsmanagement durch den Einsatz von Prüfmitteln sowie der systematischen Fehlersuche und', 'analyse, Selbständiges Ausführen der im Arbeitsbereich übertragenen Aufgaben.']",https://www.bibb.de/dienst/berufesuche/de/index_berufesuche.php/profile/apprenticeship/kjiu9807,"Tätigkeitsfelder: Oberflächenbeschichter / Oberflächenbeschichterinnen arbeiten in industriellen und handwerklichen Betrieben an Beschichtungsanlagen im Bereich Galvanotechnik und Feuerverzinkung.; Profil: Anwenden von Beschichtungsverfahren der chemischen und elektrochemischen Abscheidung von Metallen und Legierungen, der Anodisations, und Dünnschichttechnik sowie das Feuerverzinken, Anwenden mechanischer, chemischer und elektrolytischer Verfahren der Vor, und Nachbehandlung von unbeschichteten und beschichteten Oberflächen, Erzeugen dekorativer oder funktioneller Schichten durch chemische und elektrochemische Abscheidung von Metallen und Legierungen, anodische Oxidation, Dünnschichttechniken oder Feuerverzinken, Anwenden der Grundlagen der mechanischen Fertigungs, und Fügeverfahren, Entfernen von Beschichtungen auf unterschiedlichen Grundwerkstoffen mit mechanischen, chemischen, elektronischen und physikalischen Verfahren, Planen und Koordinieren des Arbeitsablaufs mit den vor, und nachgelagerten Fertigungsprozessen, Steuern des Fertigungsprozesses, Bedienen, Überwachen und Warten technischer Einrichtungen und Anlagen, insbesondere durch die Eingabe von Prozessparametern, Eingriffe in Steuerprogramme, die Dokumentation des Funktions, und Prozessablaufs einschließlich der peripheren Einrichtungen, Berücksichtigen von ökologischen Aspekten in allen Phasen des Fertigungsprozesses, insbesondere der Verfahren der Stoffrückführung und, rückgewinnung, Sichern der Qualität der Erzeugnisse im Rahmen von Qualitätsmanagement durch den Einsatz von Prüfmitteln sowie der systematischen Fehlersuche und, analyse, Selbständiges Ausführen der im Arbeitsbereich übertragenen Aufgaben.",[],-59.548526590432054,-29.046024408964062
140,,"Metallerzeugung und -bearbeitung, Metallbauberufe",IT & Technik,36,"['Die Arbeitsgebiete des Stanz', 'und Umformmechanikers und der Stanz', 'und Umformmechanikerin liegen in Serienproduktionslinien der Industrie sowie bei produktionsunterstützenden Dienstleistungsunternehmen. Sie arbeiten überwiegend in den Bereichen des Automobil', ', des Maschinen', 'und Anlagenbaus, der erneuerbaren Energien sowie der Medizin', ', Elektronik', ', Luft', 'und Raumfahrt', 'und Telekommunikationsindustrie.']","['Herstellen von Bauteilen aus Blechen und Drähten mit Produktionsanlagen der Stanz', 'und Umformtechnik, Einrichten von Produktionsanlagen der Stanz', 'und Umformtechnik, Ermitteln von Prozessparametern und Herstellen der Produktionsfähigkeit der Anlage, Einrichten von Handhabungs', 'und Materialflusssystemen, Inbetriebnehmen von Produktionsanlagen, Durchtakten der Anlage in der Nullserie, Fahren von Testreihen und Dokumentieren von Produktionsparametern und Ergebnissen, Programmieren und Parametrieren von Produktionsanlagen, Planen, Überwachen und Optimieren von Prozessabläufen, Durchführen von prozessbegleitenden Prüfungen mit entsprechenden Dokumentationen, Anwenden von Standardsoftware, Produktions', 'und Qualitätssicherungssoftware zur Auftragsbearbeitung, Anwenden von Normen, Vorschriften und Regeln zur Sicherung der Prozessfähigkeit von Produktionsanlagen und Beitragen zur Verbesserung der Prozessabläufe, Ermitteln und Dokumentieren von technischen Störungen an Anlagen, Feststellen von Qualitätsabweichungen an Produkten, Durchführen von systematischen Fehleranalysen und Organisieren oder Ergreifen von Maßnahmen zu deren Beseitigung, Organisieren von logistischen Prozessen für Produkte, Werkzeuge und Betriebsstoffe, Beschaffen und Verwenden von Informationen aus Datenblättern, Vorschriften, Normen, Beschreibungen und Betriebsanleitungen zur Auftragsdurchführung, Anwenden von informationstechnischen Systemen und branchenüblicher Software zur Beschaffung von Informationen, zur Bearbeitung von Aufträgen und zur Dokumentation von Ergebnissen.']",https://www.bibb.de/dienst/berufesuche/de/index_berufesuche.php/profile/apprenticeship/n95hj54,"Tätigkeitsfelder: Die Arbeitsgebiete des Stanz, und Umformmechanikers und der Stanz, und Umformmechanikerin liegen in Serienproduktionslinien der Industrie sowie bei produktionsunterstützenden Dienstleistungsunternehmen. Sie arbeiten überwiegend in den Bereichen des Automobil, , des Maschinen, und Anlagenbaus, der erneuerbaren Energien sowie der Medizin, , Elektronik, , Luft, und Raumfahrt, und Telekommunikationsindustrie.; Profil: Herstellen von Bauteilen aus Blechen und Drähten mit Produktionsanlagen der Stanz, und Umformtechnik, Einrichten von Produktionsanlagen der Stanz, und Umformtechnik, Ermitteln von Prozessparametern und Herstellen der Produktionsfähigkeit der Anlage, Einrichten von Handhabungs, und Materialflusssystemen, Inbetriebnehmen von Produktionsanlagen, Durchtakten der Anlage in der Nullserie, Fahren von Testreihen und Dokumentieren von Produktionsparametern und Ergebnissen, Programmieren und Parametrieren von Produktionsanlagen, Planen, Überwachen und Optimieren von Prozessabläufen, Durchführen von prozessbegleitenden Prüfungen mit entsprechenden Dokumentationen, Anwenden von Standardsoftware, Produktions, und Qualitätssicherungssoftware zur Auftragsbearbeitung, Anwenden von Normen, Vorschriften und Regeln zur Sicherung der Prozessfähigkeit von Produktionsanlagen und Beitragen zur Verbesserung der Prozessabläufe, Ermitteln und Dokumentieren von technischen Störungen an Anlagen, Feststellen von Qualitätsabweichungen an Produkten, Durchführen von systematischen Fehleranalysen und Organisieren oder Ergreifen von Maßnahmen zu deren Beseitigung, Organisieren von logistischen Prozessen für Produkte, Werkzeuge und Betriebsstoffe, Beschaffen und Verwenden von Informationen aus Datenblättern, Vorschriften, Normen, Beschreibungen und Betriebsanleitungen zur Auftragsdurchführung, Anwenden von informationstechnischen Systemen und branchenüblicher Software zur Beschaffung von Informationen, zur Bearbeitung von Aufträgen und zur Dokumentation von Ergebnissen.","['Die Arbeitsgebiete des Stanz', 'und Umformmechanikers und der Stanz', 'des Maschinen', 'Elektronik', 'Luft', 'und Raumfahrt', 'und Telekommunikationsindustrie']",76.77527083185929,-104.36530019987158
141,,"Metallerzeugung und -bearbeitung, Metallbauberufe",IT & Technik,36,"['Beschäftigungsmöglichkeiten finden Uhrmacher/innen in Reparatur', 'und Servicestätten des Uhrmacherhandwerks und des Uhrenhandels sowie in der Uhrenindustrie, aber auch in Betrieben, die Erzeugnisse der Mess', ', Regel', 'und Nachrichtentechnik oder Schmuckwaren herstellen, sowie im Uhrengroßhandel.']","['Instandhalten von mechanischen und elektronischen Uhren und Uhrenanlagen und deren Komponenten, Montieren und Demontieren von Bauteilen und Baugruppen, Durchführen von Messungen unter Einsatz modernster Messtechniken, Herstellen von Werkstücken und Bauteilen durch manuelles und maschinelles Spanen, Herstellen von lösbaren und unlösbaren Verbindungen, Durchführen von Maßnahmen der Wärmebehandlung und der Werkstoffprüfung, Behandeln und Schützen von Oberflächen und Prüfen von deren Form und Beschaffenheit, Programmieren und Bedienen von numerisch gesteuerten Werkzeugmaschinen, Instandhalten von industriell gefertigtem Schmuck, Selbständiges Durchführen der Arbeiten auf der Grundlage von technischen Unterlagen und Arbeitsaufträgen, Verkaufen von Waren und Produkten des Betriebes, Beraten von Kunden/Kundinnen in Bezug auf Produkte und Dienstleistungen des Unternehmens, Bearbeiten von Reklamationen, Mitwirken bei der Ermittlung von Verkaufspreisen, der Erstellung von Angeboten, Instandsetzungs', 'und Verkaufsabrechnungen, Mitgestalten des Warensortiments, Auszeichnen und Präsentieren von Waren, Kontrollieren des Warenbestands, Beschaffen von Waren, Überwachen des Wareneingangs, Durchführen von Reklamationen beim Wareneingang, Lagern und Pflegen der Waren, Planen und Koordinieren der Arbeit und Abstimmen mit anderen, insbesondere mit Kunden/Kundinnen, Betriebsinhaber/Betriebsinhaberinnen und Kollegen/Kolleginnen, Beschaffen von Informationen, Ergreifen von qualitätssichernden Maßnahmen, Dokumentieren der Leistungen und Ergreifen von Maßnahmen zur Sicherheit, zum Gesundheits', 'und Umweltschutz bei der Arbeit.']",https://www.bibb.de/dienst/berufesuche/de/index_berufesuche.php/profile/apprenticeship/57687980,"Tätigkeitsfelder: Beschäftigungsmöglichkeiten finden Uhrmacher/innen in Reparatur, und Servicestätten des Uhrmacherhandwerks und des Uhrenhandels sowie in der Uhrenindustrie, aber auch in Betrieben, die Erzeugnisse der Mess, , Regel, und Nachrichtentechnik oder Schmuckwaren herstellen, sowie im Uhrengroßhandel.; Profil: Instandhalten von mechanischen und elektronischen Uhren und Uhrenanlagen und deren Komponenten, Montieren und Demontieren von Bauteilen und Baugruppen, Durchführen von Messungen unter Einsatz modernster Messtechniken, Herstellen von Werkstücken und Bauteilen durch manuelles und maschinelles Spanen, Herstellen von lösbaren und unlösbaren Verbindungen, Durchführen von Maßnahmen der Wärmebehandlung und der Werkstoffprüfung, Behandeln und Schützen von Oberflächen und Prüfen von deren Form und Beschaffenheit, Programmieren und Bedienen von numerisch gesteuerten Werkzeugmaschinen, Instandhalten von industriell gefertigtem Schmuck, Selbständiges Durchführen der Arbeiten auf der Grundlage von technischen Unterlagen und Arbeitsaufträgen, Verkaufen von Waren und Produkten des Betriebes, Beraten von Kunden/Kundinnen in Bezug auf Produkte und Dienstleistungen des Unternehmens, Bearbeiten von Reklamationen, Mitwirken bei der Ermittlung von Verkaufspreisen, der Erstellung von Angeboten, Instandsetzungs, und Verkaufsabrechnungen, Mitgestalten des Warensortiments, Auszeichnen und Präsentieren von Waren, Kontrollieren des Warenbestands, Beschaffen von Waren, Überwachen des Wareneingangs, Durchführen von Reklamationen beim Wareneingang, Lagern und Pflegen der Waren, Planen und Koordinieren der Arbeit und Abstimmen mit anderen, insbesondere mit Kunden/Kundinnen, Betriebsinhaber/Betriebsinhaberinnen und Kollegen/Kolleginnen, Beschaffen von Informationen, Ergreifen von qualitätssichernden Maßnahmen, Dokumentieren der Leistungen und Ergreifen von Maßnahmen zur Sicherheit, zum Gesundheits, und Umweltschutz bei der Arbeit.","['Regel', 'und Umweltschutz bei der Arbeit']",232.26285534377223,-196.7657012454964
142,,"Metallerzeugung und -bearbeitung, Metallbauberufe",IT & Technik,36,['Beschäftigungsmöglichkeiten finden Verfahrensmechaniker/innen für Beschichtungstechnik überwiegend in Industriebetrieben.'],"['Anwenden von mechanischen, chemischen und elektrolytischen Verfahren der Vor', 'und Nachbehandlung von unbeschichteten und beschichteten Oberflächen, Beherrschen des Lagerns und Förderns der zu beschichtenden Werkstoffe und Güter sowie das Lagerns, Förderns, Dosierens und Mischens von festen und flüssigen Applikationsstoffen, Beherrschen verschiedener Applikationsverfahren wie Sprüh', 'und Auftragsverfahren sowie elektrostatische Beschichtungen, Bedienen, Überwachen und Warten der technischen Einrichtungen und Anlagen insbesondere durch die Eingabe von Prozessparametern, Eingriffe in Steuerprogramme, die Dokumentation des Funktions', 'und Prozessablaufs einschließlich der peripheren Einrichtungen, Beherrschendes Fertigungsprozesses, Selbständiges Ausführen der im Arbeitsbereich übertragenen Aufgaben, Planen und Koordinieren des Arbeitsablaufs mit den vor', 'und nachgelagerten Fertigungsprozessen, Beherrschen der Grundlagen der mechanischen Fertigungs', 'und Fügeverfahren, Berücksichtigen von ökologischen Aspekten in allen Phasen des Fertigungsprozesses, Sichern der Qualität der Erzeugnisse im Rahmen von Qualitätsmanagement durch den Einsatz von Prüfmitteln sowie der systematischen Fehlersuche und', 'analyse.']",https://www.bibb.de/dienst/berufesuche/de/index_berufesuche.php/profile/apprenticeship/5120101,"Tätigkeitsfelder: Beschäftigungsmöglichkeiten finden Verfahrensmechaniker/innen für Beschichtungstechnik überwiegend in Industriebetrieben.; Profil: Anwenden von mechanischen, chemischen und elektrolytischen Verfahren der Vor, und Nachbehandlung von unbeschichteten und beschichteten Oberflächen, Beherrschen des Lagerns und Förderns der zu beschichtenden Werkstoffe und Güter sowie das Lagerns, Förderns, Dosierens und Mischens von festen und flüssigen Applikationsstoffen, Beherrschen verschiedener Applikationsverfahren wie Sprüh, und Auftragsverfahren sowie elektrostatische Beschichtungen, Bedienen, Überwachen und Warten der technischen Einrichtungen und Anlagen insbesondere durch die Eingabe von Prozessparametern, Eingriffe in Steuerprogramme, die Dokumentation des Funktions, und Prozessablaufs einschließlich der peripheren Einrichtungen, Beherrschendes Fertigungsprozesses, Selbständiges Ausführen der im Arbeitsbereich übertragenen Aufgaben, Planen und Koordinieren des Arbeitsablaufs mit den vor, und nachgelagerten Fertigungsprozessen, Beherrschen der Grundlagen der mechanischen Fertigungs, und Fügeverfahren, Berücksichtigen von ökologischen Aspekten in allen Phasen des Fertigungsprozesses, Sichern der Qualität der Erzeugnisse im Rahmen von Qualitätsmanagement durch den Einsatz von Prüfmitteln sowie der systematischen Fehlersuche und, analyse.",['analyse'],-95.905740572094,-3.265560878385526
143,,"Metallerzeugung und -bearbeitung, Metallbauberufe",IT & Technik,42,[],"['Umformen von Werkstoffen, Steuern und Regeln von Produktionsprozessen, Einrichten von Handhabungs', 'und Materialflusssystemen, Überwachen und Optimieren von Prozessabläufen, Durchführen von prozessbegleitenden Prüfungen, Anwenden von Standard', 'und Produktionssoftware zur Auftragsbearbeitung, Arbeiten im Team (auch international), Erkennen und Beseitigen von Störungen im Produktionsablauf, Anwenden von Wärmebehandlungsverfahren, Instandhalten von Produktionssystemen und Anlagen, Beeinflussen von chemischen Vorgängen, Prüfen von Werkstoffen und Durchführen von qualitätssichernden Maßnahmen, Vorbereiten, Transportieren und Lagern von Vormaterialien, Handhaben von Werk', 'und Hilfsstoffen, Umweltgerechtes Entsorgen von Hilfs', 'und Betriebsstoffen, Handhaben und Warten von Arbeits', 'und Betriebsmitteln, Aufbauen und Anwenden von Steuerungs', 'und Regelungstechnik, Organisieren und Durchführen logistischer Prozesse.']",https://www.bibb.de/dienst/berufesuche/de/index_berufesuche.php/profile/apprenticeship/1132016,"; Profil: Umformen von Werkstoffen, Steuern und Regeln von Produktionsprozessen, Einrichten von Handhabungs, und Materialflusssystemen, Überwachen und Optimieren von Prozessabläufen, Durchführen von prozessbegleitenden Prüfungen, Anwenden von Standard, und Produktionssoftware zur Auftragsbearbeitung, Arbeiten im Team (auch international), Erkennen und Beseitigen von Störungen im Produktionsablauf, Anwenden von Wärmebehandlungsverfahren, Instandhalten von Produktionssystemen und Anlagen, Beeinflussen von chemischen Vorgängen, Prüfen von Werkstoffen und Durchführen von qualitätssichernden Maßnahmen, Vorbereiten, Transportieren und Lagern von Vormaterialien, Handhaben von Werk, und Hilfsstoffen, Umweltgerechtes Entsorgen von Hilfs, und Betriebsstoffen, Handhaben und Warten von Arbeits, und Betriebsmitteln, Aufbauen und Anwenden von Steuerungs, und Regelungstechnik, Organisieren und Durchführen logistischer Prozesse.",[],176.81120193592682,-60.97173072558619
144,,"Metallerzeugung und -bearbeitung, Metallbauberufe",IT & Technik,42,"['Werkzeugmechaniker und Werkzeugmechanikerinnen arbeiten vorwiegend in Industriebetrieben in den Einsatzgebieten Formentechnik, Instrumententechnik, Stanztechnik oder Vorrichtungstechnik. Sie sind insbesondere in der industriellen Serienfertigung von Produkten aus Kunststoffen und Metallen tätig, sowie in der Herstellung von Instrumenten für die operative Medizintechnik.']","['Fertigen von Einzelteilen aus unterschiedlichen Werkstoffen mit Werkzeugen und Maschinen, Programmieren und Bedienen von Maschinen mit numerischer Steuerung, Stellen insbesondere von Spritzguss', ', Press', 'und Prägeformen sowie Stanz', 'und Umformwerkzeugen, Erstellen von Vorrichtungen und Betriebsmitteln zur Unterstützung bzw. zum Aufbau von industriellen Fertigungseinrichtungen, Fügen von Bauteilen und Baugruppen zu Werkzeugen, Instrumenten, Vorrichtungen oder Formen, Herstellen von Formflächen mit Feinbearbeitungsverfahren, Durchführen von Instandhaltungsmaßnahmen, Prüfen und Optimieren der Funktionen und Abläufe hinsichtlich Quantität und Qualität, Anwenden von technischen Unterlagen und Nutzen der Informations', 'und Kommunikationssysteme auch in englischer Sprache, Planen und Steuern der Arbeitsabläufe, Arbeiten im Team, Kontrollieren, Beurteilen und Dokumentieren der Arbeitsergebnisse und Anwenden von Qualitätssicherungsmethoden, Nutzen von IT', 'Systemen auch in digitalisierten Prozessen, Anwenden von Vorschriften zu Datenschutz und Informationssicherheit.']",https://www.bibb.de/dienst/berufesuche/de/index_berufesuche.php/profile/apprenticeship/585859,"Tätigkeitsfelder: Werkzeugmechaniker und Werkzeugmechanikerinnen arbeiten vorwiegend in Industriebetrieben in den Einsatzgebieten Formentechnik, Instrumententechnik, Stanztechnik oder Vorrichtungstechnik. Sie sind insbesondere in der industriellen Serienfertigung von Produkten aus Kunststoffen und Metallen tätig, sowie in der Herstellung von Instrumenten für die operative Medizintechnik.; Profil: Fertigen von Einzelteilen aus unterschiedlichen Werkstoffen mit Werkzeugen und Maschinen, Programmieren und Bedienen von Maschinen mit numerischer Steuerung, Stellen insbesondere von Spritzguss, , Press, und Prägeformen sowie Stanz, und Umformwerkzeugen, Erstellen von Vorrichtungen und Betriebsmitteln zur Unterstützung bzw. zum Aufbau von industriellen Fertigungseinrichtungen, Fügen von Bauteilen und Baugruppen zu Werkzeugen, Instrumenten, Vorrichtungen oder Formen, Herstellen von Formflächen mit Feinbearbeitungsverfahren, Durchführen von Instandhaltungsmaßnahmen, Prüfen und Optimieren der Funktionen und Abläufe hinsichtlich Quantität und Qualität, Anwenden von technischen Unterlagen und Nutzen der Informations, und Kommunikationssysteme auch in englischer Sprache, Planen und Steuern der Arbeitsabläufe, Arbeiten im Team, Kontrollieren, Beurteilen und Dokumentieren der Arbeitsergebnisse und Anwenden von Qualitätssicherungsmethoden, Nutzen von IT, Systemen auch in digitalisierten Prozessen, Anwenden von Vorschriften zu Datenschutz und Informationssicherheit.","['Press', 'und Prägeformen sowie Stanz']",57.10196817468057,-81.15653380323
145,,"Metallerzeugung und -bearbeitung, Metallbauberufe",IT & Technik,42,"['Zerspanungsmechaniker und Zerspanungsmechanikerinnen arbeiten in Bereichen der Industrie und des Handwerks, in denen durch spanende Verfahren Bauteile gefertigt werden. Typische Einsatzgebiete sind Drehmaschinensysteme, Fräsmaschinensysteme, Drehautomatensysteme und Schleifmaschinensysteme der Einzel', 'und Serienfertigung.']","['Beurteilen und Analysieren von Fertigungsaufträgen auf technische Umsetzbarkeit, Auswählen von Informationsquellen und technischen Unterlagen zur Durchführung der Fertigung, Auftragsbezogenes Auswählen von Fertigungssystemen, Planen von Fertigungsprozessen, Erstellen, Optimieren und Einrichten der Programme für numerisch gesteuerte Fertigungssysteme, Nutzen von Datenblättern, Beschreibungen, Betriebsanleitungen und anderen berufstypischen Informationen auch in englischer Sprache, Einrichten des Arbeitsplatzes und Organisieren der Arbeitsabläufe unter Beachtung terminlicher und wirtschaftlicher Vorgaben, Herstellen von Bauteilen nach qualitativen Vorgaben durch maschinelle spanabhebende Fertigungsverfahren und Überwachen des Fertigungsprozesses, Anwenden von Qualitätsmanagementsystemen, Dokumentieren und Bewerten der Arbeits', 'und Prüfergebnisse und Ableiten von Maßnahmen zur Fertigungs', 'und Produktoptimierung, Überwachen und Prüfen der Sicherheitseinrichtungen, Warten und Inspizieren von Fertigungssystemen, Arbeiten im Team, Einweisen in die Bedienung von Fertigungssystemen, Abstimmen der Tätigkeiten mit vor', 'und nachgelagerten Bereichen, Beachten der Kundenforderungen, Nutzen von IT', 'Systemen auch in digitalisierten Prozessen, Anwenden von Vorschriften zu Datenschutz und Informationssicherheit.']",https://www.bibb.de/dienst/berufesuche/de/index_berufesuche.php/profile/apprenticeship/782319,"Tätigkeitsfelder: Zerspanungsmechaniker und Zerspanungsmechanikerinnen arbeiten in Bereichen der Industrie und des Handwerks, in denen durch spanende Verfahren Bauteile gefertigt werden. Typische Einsatzgebiete sind Drehmaschinensysteme, Fräsmaschinensysteme, Drehautomatensysteme und Schleifmaschinensysteme der Einzel, und Serienfertigung.; Profil: Beurteilen und Analysieren von Fertigungsaufträgen auf technische Umsetzbarkeit, Auswählen von Informationsquellen und technischen Unterlagen zur Durchführung der Fertigung, Auftragsbezogenes Auswählen von Fertigungssystemen, Planen von Fertigungsprozessen, Erstellen, Optimieren und Einrichten der Programme für numerisch gesteuerte Fertigungssysteme, Nutzen von Datenblättern, Beschreibungen, Betriebsanleitungen und anderen berufstypischen Informationen auch in englischer Sprache, Einrichten des Arbeitsplatzes und Organisieren der Arbeitsabläufe unter Beachtung terminlicher und wirtschaftlicher Vorgaben, Herstellen von Bauteilen nach qualitativen Vorgaben durch maschinelle spanabhebende Fertigungsverfahren und Überwachen des Fertigungsprozesses, Anwenden von Qualitätsmanagementsystemen, Dokumentieren und Bewerten der Arbeits, und Prüfergebnisse und Ableiten von Maßnahmen zur Fertigungs, und Produktoptimierung, Überwachen und Prüfen der Sicherheitseinrichtungen, Warten und Inspizieren von Fertigungssystemen, Arbeiten im Team, Einweisen in die Bedienung von Fertigungssystemen, Abstimmen der Tätigkeiten mit vor, und nachgelagerten Bereichen, Beachten der Kundenforderungen, Nutzen von IT, Systemen auch in digitalisierten Prozessen, Anwenden von Vorschriften zu Datenschutz und Informationssicherheit.",['und Serienfertigung'],37.77046386666235,-90.32933261797707
146,,"Nichtmedizinische Gesundheits-, Körperpflege- und Wellnessberufe, Medizintechnik",IT & Technik,36,['Augenoptiker/Augenoptikerinnen arbeiten in Betrieben des Augenoptikerhandwerks und der augenoptischen Industrie.'],"['Korrigieren von Fehlsichtigkeiten durch Sehhilfen, Beraten von Kunden bei der Auswahl von Brillen, Kontaktlinsen und vergrößernden Sehhilfen, Ermitteln von Brillengläsern nach Verwendung, Verordnung und Sehaufgabe, Informieren von Kunden über Auswirkungen der Sehhilfen auf den Sehvorgang, Manuelles und maschinelles Bearbeiten von Werkstoffen, insbesondere aus Glas, Kunststoff und Metall, Bearbeiten und Einfassen von Brillengläsern, Anatomisches und optisches Anpassen von Brillen, Modifizieren und Reparieren von Brillen, Einweisen in den Gebrauch von Sehhilfen, Durchführen von Verwaltungsarbeiten, Mitwirken beim betrieblichen RechnungswesenKundenberatung.']",https://www.bibb.de/dienst/berufesuche/de/index_berufesuche.php/profile/apprenticeship/180111,"Tätigkeitsfelder: Augenoptiker/Augenoptikerinnen arbeiten in Betrieben des Augenoptikerhandwerks und der augenoptischen Industrie.; Profil: Korrigieren von Fehlsichtigkeiten durch Sehhilfen, Beraten von Kunden bei der Auswahl von Brillen, Kontaktlinsen und vergrößernden Sehhilfen, Ermitteln von Brillengläsern nach Verwendung, Verordnung und Sehaufgabe, Informieren von Kunden über Auswirkungen der Sehhilfen auf den Sehvorgang, Manuelles und maschinelles Bearbeiten von Werkstoffen, insbesondere aus Glas, Kunststoff und Metall, Bearbeiten und Einfassen von Brillengläsern, Anatomisches und optisches Anpassen von Brillen, Modifizieren und Reparieren von Brillen, Einweisen in den Gebrauch von Sehhilfen, Durchführen von Verwaltungsarbeiten, Mitwirken beim betrieblichen RechnungswesenKundenberatung.",[],-100.76111599161716,62.36163879360319
147,,"Nichtmedizinische Gesundheits-, Körperpflege- und Wellnessberufe, Medizintechnik",IT & Technik,36,['Bestattungsfachkräfte arbeiten in Bestattungsunternehmen sowie in Friedhofsverwaltungen.'],"['Entgegennehmen und Bearbeiten von Bestattungsaufträgen, Beachten von Verfügungen zur Bestattung und Betreuung und Beratung von Angehörigen unter Berücksichtigung der jeweiligen Trauersituation sowie Anwendung (trauerpsychologischer Maßnahmen) und Informieren über Möglichkeiten der organisatorischen und psychologischen Betreuung,Durchführen von friedhofstechnischen Arbeiten, Versorgen von Verstorbenen nach hygienischen und thanatopraktischen Grundsätzen, Sorgen für Verstobene durch Überführen, Aufbewahren und Aufbahren, Mitwirken bei der Durchführung der Bestattung, Informieren über Möglichkeiten der Bestattungsvorsorge, Unterbreiten von Angeboten hierüber und Erläutern von Finanzierungsmöglichkeiten, Beachten von einschlägigen Rechtsvorschriften, Normen und Sicherheitsbestimmungen sowie Riten und Gebräuchen,Selbstständiges Arbeiten und Arbeiten im Team, Abstimmen der Arbeiten mit den übrigen betrieblichen und außerbetrieblichen Beteiligten, Kundenorientiertes Arbeiten und Nutzen von modernen Informations', 'und Kommunikationstechniken, Planen von Arbeitsabläufen, Kontrollieren und Beurteilen vonArbeitsergebnissen, Be', 'und Verarbeiten von Werk', 'und Hilfsstoffen, Bearbeiten von Verwaltungsvorgängen, Mitwirken bei der Kostenermittlung und Anwenden von qualitätssichernden Maßnahmen sowie Maßnahmen des Gesundheitsschutzes, Anfertigen und Anwenden von technischen Unterlagen, Handhaben und Warten von Werkzeugen, Geräten, Maschinen und technischen Einrichtungen,.']",https://www.bibb.de/dienst/berufesuche/de/index_berufesuche.php/profile/apprenticeship/190107,"Tätigkeitsfelder: Bestattungsfachkräfte arbeiten in Bestattungsunternehmen sowie in Friedhofsverwaltungen.; Profil: Entgegennehmen und Bearbeiten von Bestattungsaufträgen, Beachten von Verfügungen zur Bestattung und Betreuung und Beratung von Angehörigen unter Berücksichtigung der jeweiligen Trauersituation sowie Anwendung (trauerpsychologischer Maßnahmen) und Informieren über Möglichkeiten der organisatorischen und psychologischen Betreuung,Durchführen von friedhofstechnischen Arbeiten, Versorgen von Verstorbenen nach hygienischen und thanatopraktischen Grundsätzen, Sorgen für Verstobene durch Überführen, Aufbewahren und Aufbahren, Mitwirken bei der Durchführung der Bestattung, Informieren über Möglichkeiten der Bestattungsvorsorge, Unterbreiten von Angeboten hierüber und Erläutern von Finanzierungsmöglichkeiten, Beachten von einschlägigen Rechtsvorschriften, Normen und Sicherheitsbestimmungen sowie Riten und Gebräuchen,Selbstständiges Arbeiten und Arbeiten im Team, Abstimmen der Arbeiten mit den übrigen betrieblichen und außerbetrieblichen Beteiligten, Kundenorientiertes Arbeiten und Nutzen von modernen Informations, und Kommunikationstechniken, Planen von Arbeitsabläufen, Kontrollieren und Beurteilen vonArbeitsergebnissen, Be, und Verarbeiten von Werk, und Hilfsstoffen, Bearbeiten von Verwaltungsvorgängen, Mitwirken bei der Kostenermittlung und Anwenden von qualitätssichernden Maßnahmen sowie Maßnahmen des Gesundheitsschutzes, Anfertigen und Anwenden von technischen Unterlagen, Handhaben und Warten von Werkzeugen, Geräten, Maschinen und technischen Einrichtungen,.",['und Verarbeiten von Werk'],142.22124534655617,-90.59532936834482
148,,"Nichtmedizinische Gesundheits-, Körperpflege- und Wellnessberufe, Medizintechnik",IT & Technik,36,"['Friseure / Friseurinnen sind vorwiegend in Fachbetrieben des Friseurhandwerks beschäftigt, werden aber auch in Hotels, in Wellnessbereichen, auf Kreuzfahrtschiffen, in Krankenhäusern, Altenheimen und Reha', 'Einrichtungen eingesetzt. Darüber hinaus sind sie bei Film', ', Fernseh', 'und Theaterproduktionen, Fotoshootings und Modenschauen tätig. Weitere Einsatzgebiete sind der Verkauf in Drogerien, Parfümerien und Warenhäusern. Eine besondere Beschäftigungsmöglichkeit bietet auch die Tätigkeit als Fachberater in der haarkosmetischen Industrie.']","['Reinigen und Pflegen von Haar und Kopfhaut, Schneiden der Haare mit klassischen und modernen Techniken, Durchführen von modischen Struktur', 'und Farbveränderungen der Haare, Planen, Formen und Gestalten von Frisuren, Beraten der Kunden in Friseur', 'und Kosmetikdienstleistungen unter Berücksichtigung ästhetischer Aspekte, der Kopf', 'und Gesichtsform, der Gesamterscheinung sowie modischer Trends, Unterbreiten und Umsetzen individueller Vorschläge, Betreuen von Kunden vor, während und nach der Behandlung und Eingehen auf deren Erwartungen und Wünschen, Durchführen von Haarverlängerungen und', 'verdichtungen und Gestalten mit Haarersatz, Pflegen der Hände und Gestalten der Nägel, Durchführen kosmetischer Maßnahmen, Planen und Dokumentieren der Behandlungsabläufe, Mitwirken bei der Organisation von Betriebsabläufen und Überwachen der Terminplanungen, Beraten der Kunden bei Produktauswahl und Produktanwendung, Präsentieren und Verkaufen der Waren sowie Produkte, Unterstützen von Marketingmaßnahmen im Salon, Anwenden der Vorschriften und Richtlinien des Gesundheits', 'und des Umweltschutzes.']",https://www.bibb.de/dienst/berufesuche/de/index_berufesuche.php/profile/apprenticeship/123456,"Tätigkeitsfelder: Friseure / Friseurinnen sind vorwiegend in Fachbetrieben des Friseurhandwerks beschäftigt, werden aber auch in Hotels, in Wellnessbereichen, auf Kreuzfahrtschiffen, in Krankenhäusern, Altenheimen und Reha, Einrichtungen eingesetzt. Darüber hinaus sind sie bei Film, , Fernseh, und Theaterproduktionen, Fotoshootings und Modenschauen tätig. Weitere Einsatzgebiete sind der Verkauf in Drogerien, Parfümerien und Warenhäusern. Eine besondere Beschäftigungsmöglichkeit bietet auch die Tätigkeit als Fachberater in der haarkosmetischen Industrie.; Profil: Reinigen und Pflegen von Haar und Kopfhaut, Schneiden der Haare mit klassischen und modernen Techniken, Durchführen von modischen Struktur, und Farbveränderungen der Haare, Planen, Formen und Gestalten von Frisuren, Beraten der Kunden in Friseur, und Kosmetikdienstleistungen unter Berücksichtigung ästhetischer Aspekte, der Kopf, und Gesichtsform, der Gesamterscheinung sowie modischer Trends, Unterbreiten und Umsetzen individueller Vorschläge, Betreuen von Kunden vor, während und nach der Behandlung und Eingehen auf deren Erwartungen und Wünschen, Durchführen von Haarverlängerungen und, verdichtungen und Gestalten mit Haarersatz, Pflegen der Hände und Gestalten der Nägel, Durchführen kosmetischer Maßnahmen, Planen und Dokumentieren der Behandlungsabläufe, Mitwirken bei der Organisation von Betriebsabläufen und Überwachen der Terminplanungen, Beraten der Kunden bei Produktauswahl und Produktanwendung, Präsentieren und Verkaufen der Waren sowie Produkte, Unterstützen von Marketingmaßnahmen im Salon, Anwenden der Vorschriften und Richtlinien des Gesundheits, und des Umweltschutzes.","['Fernseh', 'und des Umweltschutzes']",12.520975907566145,-30.597077983544786
149,,"Nichtmedizinische Gesundheits-, Körperpflege- und Wellnessberufe, Medizintechnik",IT & Technik,36,['Hörakustiker und Hörakustikerinnen arbeiten vorwiegend in Handwerksbetrieben im engen Kontakt mit Patienten und Kunden.'],"['Bestimmen und Beurteilen des individuellen Hörprofils durch Erheben der Anamnese, Einordnen der vorliegenden und ermittelten Befunde sowie Ermitteln des Hörbedarfs, Erheben und Bewerten audiologischer und otoskopischer Befunde unter Berücksichtigung anatomischer und pathologischer Gegebenheiten der Patienten, der Ergebnisse der Reinton', 'und Sprachaudiometrie sowie weiterführender Messverfahren, Beraten von Patienten hinsichtlich der Versorgung mit Hörsystemen, Hörassistenzsystemen und Sonderversorgungen unter Einbeziehung individueller Hörerwartungen sowie bezüglich Hörtraining, Hörtaktiken, Tinnitus, Implantaten, Pädakustik, individuellem Gehörschutz und Zubehör, Erstellen dreidimensionaler Abbilder des äußeren Ohrs unter Berücksichtigung psychologischer, anatomischer, pathologischer, akustischer, hörsystemtechnischer sowie kosmetischer Gegebenheiten, Herstellen von Otoplastiken, individuellem Gehörschutz und Sonderotoplastiken unter Berücksichtigung anatomischer, pathologischer, akustischer, hörsystemtechnischer sowie kosmetischer Gegebenheiten, Auswählen von Hörsystemen, Hörassistenzsystemen, Sonderversorgungen und Zubehör, Voreinstellen und Anpassen von Hörsystemen, Hörassistenzsystemen und Sonderversorgungen entsprechend des individuellen Hörprofils, Feinanpassen entsprechend dem individuellen Hörprofil, unter Durchführung und Beurteilung der vergleichenden Anpassung und Anleiten der Patienten zur Nutzung, Betreuen von Patienten und Durchführen von Rehabilitationsmaßnahmen, insbesondere durch fortlaufende audiologische Nachsorge sowie Einsatz von Hörassistenzsystemen und Kommunikationstraining, Durchführen von Service', 'und Instandhaltungsmaßnahmen an Hörsystemen, Hörassistenzsystemen, Sonderversorgungen und Zubehör, Organisieren und Ausführen von Geschäfts', 'und Abrechnungsprozessen.']",https://www.bibb.de/dienst/berufesuche/de/index_berufesuche.php/profile/apprenticeship/fs787sf,"Tätigkeitsfelder: Hörakustiker und Hörakustikerinnen arbeiten vorwiegend in Handwerksbetrieben im engen Kontakt mit Patienten und Kunden.; Profil: Bestimmen und Beurteilen des individuellen Hörprofils durch Erheben der Anamnese, Einordnen der vorliegenden und ermittelten Befunde sowie Ermitteln des Hörbedarfs, Erheben und Bewerten audiologischer und otoskopischer Befunde unter Berücksichtigung anatomischer und pathologischer Gegebenheiten der Patienten, der Ergebnisse der Reinton, und Sprachaudiometrie sowie weiterführender Messverfahren, Beraten von Patienten hinsichtlich der Versorgung mit Hörsystemen, Hörassistenzsystemen und Sonderversorgungen unter Einbeziehung individueller Hörerwartungen sowie bezüglich Hörtraining, Hörtaktiken, Tinnitus, Implantaten, Pädakustik, individuellem Gehörschutz und Zubehör, Erstellen dreidimensionaler Abbilder des äußeren Ohrs unter Berücksichtigung psychologischer, anatomischer, pathologischer, akustischer, hörsystemtechnischer sowie kosmetischer Gegebenheiten, Herstellen von Otoplastiken, individuellem Gehörschutz und Sonderotoplastiken unter Berücksichtigung anatomischer, pathologischer, akustischer, hörsystemtechnischer sowie kosmetischer Gegebenheiten, Auswählen von Hörsystemen, Hörassistenzsystemen, Sonderversorgungen und Zubehör, Voreinstellen und Anpassen von Hörsystemen, Hörassistenzsystemen und Sonderversorgungen entsprechend des individuellen Hörprofils, Feinanpassen entsprechend dem individuellen Hörprofil, unter Durchführung und Beurteilung der vergleichenden Anpassung und Anleiten der Patienten zur Nutzung, Betreuen von Patienten und Durchführen von Rehabilitationsmaßnahmen, insbesondere durch fortlaufende audiologische Nachsorge sowie Einsatz von Hörassistenzsystemen und Kommunikationstraining, Durchführen von Service, und Instandhaltungsmaßnahmen an Hörsystemen, Hörassistenzsystemen, Sonderversorgungen und Zubehör, Organisieren und Ausführen von Geschäfts, und Abrechnungsprozessen.",['und Abrechnungsprozessen'],-122.70880898227021,41.606917887605604
150,,"Nichtmedizinische Gesundheits-, Körperpflege- und Wellnessberufe, Medizintechnik",IT & Technik,36,"['Kosmetiker und Kosmetikerinnen arbeiten vorwiegend als Angestellte oder als Selbständige in Kosmetikinstituten, aber auch in Parfümerien, bei Friseuren sowie in Einrichtungen des Gesundheitswesens wie zum Beispiel Kur', 'und Rehabilitationskliniken, spezialisierten Krankenhäusern oder sog. Wellness', 'Einrichtungen.']","['Beraten und Betreuen der Kunden beim Verkauf von kosmetischen Waren und Artikeln sowie beim Angebot und bei der Nachsorge kosmetischer Dienstleistungen unter Berücksichtigung des betrieblichen Angebotes und der Kundentypologie, Beurteilen und Reinigen, Pflegen und Schützen von Haut und Nägeln unter Einsatz berufsüblicher Hilfsmittel, Apparate und Instrumente sowie unterstützender Anwendungen unter besonderer Berücksichtigung von Hygiene und Gesundheitsschutz, Planen und Gestalten von dekorativen kosmetischen Maßnahmen am ganzen Körper unter Berücksichtigung des Kundentyps und aktueller Trends, Durchführen von Ernährungsberatung im Zusammenhang mit kosmetischen Anwendungen und unterbreiten von individuellen Vorschlägen zur Gesundheitsförderung, Kenntnisse der allgemeinen Grundlagen der Kosmetik, Durchführen von speziellen ergänzenden kosmetische Anwendungen, zum Beispiel permanenten kosmetischen Maßnahmen, insbesondere der permanenten Haarentfernung und der Applikation des permanenten Makeup, Planen und Durchführen von unterstützenden hydrotherapeutischen Anwendungen zur kosmetischen Behandlung, Durchführen von Maßnahmen der speziellen Fußpflege im kosmetischen Anwendungsbereich, Modellieren von Finger', 'und Fußnägeln und Beherrschen von visagistischen Techniken, Planen und Anwenden von kosmetischen Massagen, einschließlich der manuellen Lymphdrainage im kosmetischen Bereich.']",https://www.bibb.de/dienst/berufesuche/de/index_berufesuche.php/profile/apprenticeship/05968758,"Tätigkeitsfelder: Kosmetiker und Kosmetikerinnen arbeiten vorwiegend als Angestellte oder als Selbständige in Kosmetikinstituten, aber auch in Parfümerien, bei Friseuren sowie in Einrichtungen des Gesundheitswesens wie zum Beispiel Kur, und Rehabilitationskliniken, spezialisierten Krankenhäusern oder sog. Wellness, Einrichtungen.; Profil: Beraten und Betreuen der Kunden beim Verkauf von kosmetischen Waren und Artikeln sowie beim Angebot und bei der Nachsorge kosmetischer Dienstleistungen unter Berücksichtigung des betrieblichen Angebotes und der Kundentypologie, Beurteilen und Reinigen, Pflegen und Schützen von Haut und Nägeln unter Einsatz berufsüblicher Hilfsmittel, Apparate und Instrumente sowie unterstützender Anwendungen unter besonderer Berücksichtigung von Hygiene und Gesundheitsschutz, Planen und Gestalten von dekorativen kosmetischen Maßnahmen am ganzen Körper unter Berücksichtigung des Kundentyps und aktueller Trends, Durchführen von Ernährungsberatung im Zusammenhang mit kosmetischen Anwendungen und unterbreiten von individuellen Vorschlägen zur Gesundheitsförderung, Kenntnisse der allgemeinen Grundlagen der Kosmetik, Durchführen von speziellen ergänzenden kosmetische Anwendungen, zum Beispiel permanenten kosmetischen Maßnahmen, insbesondere der permanenten Haarentfernung und der Applikation des permanenten Makeup, Planen und Durchführen von unterstützenden hydrotherapeutischen Anwendungen zur kosmetischen Behandlung, Durchführen von Maßnahmen der speziellen Fußpflege im kosmetischen Anwendungsbereich, Modellieren von Finger, und Fußnägeln und Beherrschen von visagistischen Techniken, Planen und Anwenden von kosmetischen Massagen, einschließlich der manuellen Lymphdrainage im kosmetischen Bereich.",['Einrichtungen'],-56.38737292566196,6.216322381700179
151,,"Nichtmedizinische Gesundheits-, Körperpflege- und Wellnessberufe, Medizintechnik",IT & Technik,36,[],[],https://www.bibb.de/dienst/berufesuche/de/index_berufesuche.php/profile/apprenticeship/67853422,,[],-362.29674520471417,191.99426007981612
152,,"Nichtmedizinische Gesundheits-, Körperpflege- und Wellnessberufe, Medizintechnik",IT & Technik,42,"['Zahntechniker und Zahntechnikerinnen arbeiten vor allem in gewerblichen Dentallabors. Beschäftigung finden sie auch in zahnärztlichen Praxislaboratorien, Zahnkliniken oder Betrieben der Dentalindustrie.']","['Herstellen und Instandsetzen von Prothesen, Kronen und Brücken in handwerklicher Einzelfertigung, analog und digital, Herstellen und Instandsetzen von therapeutischen und kieferorthopädischen Geräten, Herstellen von Verbindungs', ', Halte', 'und Stützelementen für Zahnersatz, Ver', 'und Bearbeiten von unterschiedlichen Werkstoffen, die in der Zahnprothetik verwendet werden, Durchführen individueller Farbnahmen von Zähnen, auch am Patienten, farbgerechtes Verarbeiten von zahnfarbenen Werkstoffen, Beraten über Werkstoffe sowie technische und ästhetische Möglichkeiten, Vermessen, Analysieren und Weiterverarbeiten der Kiefermodelle, analog und digital, Durchführen vorbereitender Maßnahmen zur navigierten Implantation, Nachgestalten von Zähnen und zu ersetzenden Gewebeteilen, Fügen von Werkstoffen, die in der Zahnprothetik verwendet werden, Durchführen qualitätssichernder Maßnahmen und Dokumentation nach gesetzlichen Vorgaben.']",https://www.bibb.de/dienst/berufesuche/de/index_berufesuche.php/profile/apprenticeship/zahnt22,"Tätigkeitsfelder: Zahntechniker und Zahntechnikerinnen arbeiten vor allem in gewerblichen Dentallabors. Beschäftigung finden sie auch in zahnärztlichen Praxislaboratorien, Zahnkliniken oder Betrieben der Dentalindustrie.; Profil: Herstellen und Instandsetzen von Prothesen, Kronen und Brücken in handwerklicher Einzelfertigung, analog und digital, Herstellen und Instandsetzen von therapeutischen und kieferorthopädischen Geräten, Herstellen von Verbindungs, , Halte, und Stützelementen für Zahnersatz, Ver, und Bearbeiten von unterschiedlichen Werkstoffen, die in der Zahnprothetik verwendet werden, Durchführen individueller Farbnahmen von Zähnen, auch am Patienten, farbgerechtes Verarbeiten von zahnfarbenen Werkstoffen, Beraten über Werkstoffe sowie technische und ästhetische Möglichkeiten, Vermessen, Analysieren und Weiterverarbeiten der Kiefermodelle, analog und digital, Durchführen vorbereitender Maßnahmen zur navigierten Implantation, Nachgestalten von Zähnen und zu ersetzenden Gewebeteilen, Fügen von Werkstoffen, die in der Zahnprothetik verwendet werden, Durchführen qualitätssichernder Maßnahmen und Dokumentation nach gesetzlichen Vorgaben.","['Halte', 'und Stützelementen für Zahnersatz Ver']",-107.9263908473438,54.03642114849989
153,,"Papier- und Druckberufe, technische Mediengestaltung",Kreativ & Medien,36,"['Buchbinder und Buchbinderinnen arbeiten in handwerklichen Betrieben der Einzel', 'und Sonderfertigung sowie der maschinellen Fertigung.']","['Manuelles und maschinelles Herstellen verschiedenartiger buchbinderischer Erzeugnisse wie Bücher, Akzidenzen, Broschuren, Behältnisse unter Beachtung ökonomischer und ökologischer Aspekte, Rahmen von Bildern und Objekten sowie Kaschieren von Produkten, Gestalten buchbinderischer Erzeugnisse,, Herstellen von Kunden', 'und Fertigungsmustern, Ausstatten von Produkten mit Sonderausführungen, Instandsetzen von Büchern,, Führen von Beratungsgesprächen und Ermitteln von Kundenwünschen, Kundenorientiertes Arbeiten selbstständig und im Team,, Auswählen produktspezifischer Materialien und Fertigungswege, Analysieren, Planen und Dokumentieren von Arbeitsaufgaben und Fertigungswegen,, Kommunizieren mit vor', 'und nachgelagerten Bereichen zur Optimierung der Fertigungswege, Einrichten und Bedienen von Werkzeugen, Geräten und Maschinen, Kontrollieren und Optimieren von Arbeitsabläufen, Durchführen von Mess', 'und Prüftätigkeiten im Rahmen der Qualitätssicherung, Warten und Pflegen von Werkzeugen, Geräten und Maschinen.']",https://www.bibb.de/dienst/berufesuche/de/index_berufesuche.php/profile/apprenticeship/240910,"Tätigkeitsfelder: Buchbinder und Buchbinderinnen arbeiten in handwerklichen Betrieben der Einzel, und Sonderfertigung sowie der maschinellen Fertigung.; Profil: Manuelles und maschinelles Herstellen verschiedenartiger buchbinderischer Erzeugnisse wie Bücher, Akzidenzen, Broschuren, Behältnisse unter Beachtung ökonomischer und ökologischer Aspekte, Rahmen von Bildern und Objekten sowie Kaschieren von Produkten, Gestalten buchbinderischer Erzeugnisse,, Herstellen von Kunden, und Fertigungsmustern, Ausstatten von Produkten mit Sonderausführungen, Instandsetzen von Büchern,, Führen von Beratungsgesprächen und Ermitteln von Kundenwünschen, Kundenorientiertes Arbeiten selbstständig und im Team,, Auswählen produktspezifischer Materialien und Fertigungswege, Analysieren, Planen und Dokumentieren von Arbeitsaufgaben und Fertigungswegen,, Kommunizieren mit vor, und nachgelagerten Bereichen zur Optimierung der Fertigungswege, Einrichten und Bedienen von Werkzeugen, Geräten und Maschinen, Kontrollieren und Optimieren von Arbeitsabläufen, Durchführen von Mess, und Prüftätigkeiten im Rahmen der Qualitätssicherung, Warten und Pflegen von Werkzeugen, Geräten und Maschinen.",[],82.37571955066572,-76.1304409861501
154,,"Papier- und Druckberufe, technische Mediengestaltung",Kreativ & Medien,36,"['Gestalter für immersive Medien/Gestalterinnen für immersive Medien arbeiten in AR', ', VR', ', und XR', 'Unternehmen, bei Medienunternehmen mit digitalen Schwerpunkten, Film', 'und TV', 'Produktionsbetrieben und im Rundfunk, Marketing', 'und Kommunikationsagenturen, Innovations', 'und Marketingabteilungen von Unternehmen sowie IT', 'und Entwicklungsabteilungen in Produktionsbetrieben.']","['Gestalten von virtuellen Welten mit immersiven Technologien, Konzipieren und Entwickeln von immersiven Medien mit Autorenwerkzeugen und in Entwicklungsumgebungen, Gestalten von User Experience und User Interfaces, Publizieren und Distribuieren von immersiven Medienprojekten, Erstellen von Prototypen, 3D', 'Modellen, Animationen, virtuellen Umgebungen und immersiven Klangwelten, Durchführen von Bild', 'und Tonaufnahmen in realen und virtuellen Produktionen, Arbeiten in interdisziplinären, multikulturellen und dezentralen Teams, Beraten von Kundinnen und Kunden, Präsentieren und Demonstrieren von Anwendungsszenarien, Planen des Produktionsaufwandes und von Ressourcen, insbesondere unter ökonomischen, ökologischen und sozialen Gesichtspunkten, Einhalten von rechtlichen und ethischen Grundlagen bei der Erstellung immersiver Medien, Abschließen, Validieren, Dokumentieren und Archivieren von Projekten.']",https://www.bibb.de/dienst/berufesuche/de/index_berufesuche.php/profile/apprenticeship/gestim23,"Tätigkeitsfelder: Gestalter für immersive Medien/Gestalterinnen für immersive Medien arbeiten in AR, , VR, , und XR, Unternehmen, bei Medienunternehmen mit digitalen Schwerpunkten, Film, und TV, Produktionsbetrieben und im Rundfunk, Marketing, und Kommunikationsagenturen, Innovations, und Marketingabteilungen von Unternehmen sowie IT, und Entwicklungsabteilungen in Produktionsbetrieben.; Profil: Gestalten von virtuellen Welten mit immersiven Technologien, Konzipieren und Entwickeln von immersiven Medien mit Autorenwerkzeugen und in Entwicklungsumgebungen, Gestalten von User Experience und User Interfaces, Publizieren und Distribuieren von immersiven Medienprojekten, Erstellen von Prototypen, 3D, Modellen, Animationen, virtuellen Umgebungen und immersiven Klangwelten, Durchführen von Bild, und Tonaufnahmen in realen und virtuellen Produktionen, Arbeiten in interdisziplinären, multikulturellen und dezentralen Teams, Beraten von Kundinnen und Kunden, Präsentieren und Demonstrieren von Anwendungsszenarien, Planen des Produktionsaufwandes und von Ressourcen, insbesondere unter ökonomischen, ökologischen und sozialen Gesichtspunkten, Einhalten von rechtlichen und ethischen Grundlagen bei der Erstellung immersiver Medien, Abschließen, Validieren, Dokumentieren und Archivieren von Projekten.","['VR', 'und XR', 'und TV', 'Produktionsbetrieben und im Rundfunk Marketing', 'und Kommunikationsagenturen Innovations']",-34.666036954551515,30.800038951774464
155,,"Papier- und Druckberufe, technische Mediengestaltung",Kreativ & Medien,36,"['Medientechnologen Druck und Medientechnologinnen Druck arbeiten in handwerklichen oder industriellen Unternehmen der Druck', 'und Medienwirtschaft, insbesondere in den Bereichen Digitaldruck, Bogenoffsetdruck, Rollenoffsetdruck, Zeitungsdruck, Verpackungsdruck, Formulardruck, Etikettendruck, Tapetendruck, Flexodruck, Illustrationstiefdruck, Dekortiefdruck und künstlerischer Druck.']","['Herstellen verschiedenartiger Druckprodukte, Selbstständiges Einrichten und Bedienen von Produktionsanlagen zur Herstellung von Druckprodukten, Kontrollieren und Optimieren des Produktionsprozesses entsprechend den Qualitätsstandards und den Vorgaben unter Beachtung ökonomischer und ökologischer Aspekte, Durchführen von Mess', 'und Prüftätigkeiten im Rahmen der Qualitätssicherung, Übernehmen, Transferieren und Konvertieren von Daten unter Verwendung spezifischer Hard', 'und Software, Erstellen von Druckformen oder Druckdateien für die Herstellung unterschiedlicher Druckprodukte, Berücksichtigen material', 'und produktspezifischer Druckweiterverarbeitungstechniken, Warten und Pflegen von Produktionsanlagen, Analysieren, Planen und Dokumentieren konkreter Arbeitsaufgaben und Produktionsabläufe, selbstständig und im Team, Kommunizieren mit vor', 'und nachgelagerten Bereichen zur Optimierung des Produktionsprozesses.']",https://www.bibb.de/dienst/berufesuche/de/index_berufesuche.php/profile/apprenticeship/653487f,"Tätigkeitsfelder: Medientechnologen Druck und Medientechnologinnen Druck arbeiten in handwerklichen oder industriellen Unternehmen der Druck, und Medienwirtschaft, insbesondere in den Bereichen Digitaldruck, Bogenoffsetdruck, Rollenoffsetdruck, Zeitungsdruck, Verpackungsdruck, Formulardruck, Etikettendruck, Tapetendruck, Flexodruck, Illustrationstiefdruck, Dekortiefdruck und künstlerischer Druck.; Profil: Herstellen verschiedenartiger Druckprodukte, Selbstständiges Einrichten und Bedienen von Produktionsanlagen zur Herstellung von Druckprodukten, Kontrollieren und Optimieren des Produktionsprozesses entsprechend den Qualitätsstandards und den Vorgaben unter Beachtung ökonomischer und ökologischer Aspekte, Durchführen von Mess, und Prüftätigkeiten im Rahmen der Qualitätssicherung, Übernehmen, Transferieren und Konvertieren von Daten unter Verwendung spezifischer Hard, und Software, Erstellen von Druckformen oder Druckdateien für die Herstellung unterschiedlicher Druckprodukte, Berücksichtigen material, und produktspezifischer Druckweiterverarbeitungstechniken, Warten und Pflegen von Produktionsanlagen, Analysieren, Planen und Dokumentieren konkreter Arbeitsaufgaben und Produktionsabläufe, selbstständig und im Team, Kommunizieren mit vor, und nachgelagerten Bereichen zur Optimierung des Produktionsprozesses.",[],-77.8119893809249,-18.799715305564696
156,,"Papier- und Druckberufe, technische Mediengestaltung",Kreativ & Medien,36,"['Medientechnologen Druckverarbeitung und Medientechnologinnen Druckverarbeitung arbeiten in industriellen Betrieben der Zeitungs', ', Akzidenz', 'und Buchproduktion.']","['Industrielles Finishing von Druckprodukten, insbesondere von Büchern, Akzidenzen, Broschuren, Zeitungen und Zeitschriften, Rüsten und Konfigurieren von Aggregaten, Maschinen und Anlagen, Steuern und Überwachen von Verarbeitungsanlagen, Kontrollieren und Optimieren von Produktionsprozessen,, Durchführen von Mess', 'und Prüftätigkeiten im Rahmen der Qualitätssicherung, Herstellen von Kunden', 'und Fertigungsmustern, Auswählen von Produktionsprozessen und produktspezifischen Materialien, Analysieren, Planen und Dokumentieren von Arbeitsaufgaben und Produktionsprozessen,, Kommunizieren mit vor', 'und nachgelagerten Bereichen zur Optimierung des Produktionsprozesses, Kundenorientiertes und termingerechtes Arbeiten selbstständig und im Team unter Beachtung ökonomischer und ökologischer Aspekte,, Aggregatbezogenes Unterweisen von Personal, Instandhalten von Aggregaten, Maschinen und Anlagen.']",https://www.bibb.de/dienst/berufesuche/de/index_berufesuche.php/profile/apprenticeship/6534553,"Tätigkeitsfelder: Medientechnologen Druckverarbeitung und Medientechnologinnen Druckverarbeitung arbeiten in industriellen Betrieben der Zeitungs, , Akzidenz, und Buchproduktion.; Profil: Industrielles Finishing von Druckprodukten, insbesondere von Büchern, Akzidenzen, Broschuren, Zeitungen und Zeitschriften, Rüsten und Konfigurieren von Aggregaten, Maschinen und Anlagen, Steuern und Überwachen von Verarbeitungsanlagen, Kontrollieren und Optimieren von Produktionsprozessen,, Durchführen von Mess, und Prüftätigkeiten im Rahmen der Qualitätssicherung, Herstellen von Kunden, und Fertigungsmustern, Auswählen von Produktionsprozessen und produktspezifischen Materialien, Analysieren, Planen und Dokumentieren von Arbeitsaufgaben und Produktionsprozessen,, Kommunizieren mit vor, und nachgelagerten Bereichen zur Optimierung des Produktionsprozesses, Kundenorientiertes und termingerechtes Arbeiten selbstständig und im Team unter Beachtung ökonomischer und ökologischer Aspekte,, Aggregatbezogenes Unterweisen von Personal, Instandhalten von Aggregaten, Maschinen und Anlagen.","['Akzidenz', 'und Buchproduktion']",31.392971787906678,-62.717521339429425
157,,"Papier- und Druckberufe, technische Mediengestaltung",Kreativ & Medien,36,"['Medientechnologen Siebdruck und Medientechnologinnen Siebdruck arbeiten in handwerklichen oder industriellen Unternehmen der Druckbranche, insbesondere in den Bereichen Bogensiebdruck, Rollensiebdruck, Körpersiebdruck, technischer Siebdruck, Textilsiebdruck, keramischer Siebdruck, Glassiebdruck, großformatiger Digitaldruck und Tampondruck.']","['Fertigen von Siebdruckprodukten auf unterschiedlichen Bedruckstoffen,, Analysieren, Planen und Dokumentieren von konkreten Arbeitsaufgaben und Produktionsabläufen, selbstständig und im Team, Selbstständiges Aufbereiten von Vorlagen in der Siebdruckvorstufe, Übernehmen, Transferieren und Konvertieren von Daten unter Verwendung von spezifischer Hard', 'und Software, Erstellen von Siebdruckformen für unterschiedliche Anwendungen, Auswählen von produktspezifischen Materialien, Farben und Fertigungswegen, Einrichten und Bedienen von Produktionsanlagen zur Herstellung von Siebdruckprodukten,, Kontrollieren und Optimieren des Produktionsprozesses entsprechend den Qualitätsstandards und den Vorgaben, Durchführen von Mess', 'und Prüftätigkeiten im Rahmen der Qualitätssicherung, Anwenden von material', 'und produktspezifischen Druckweiterverarbeitungstechniken, Warten und Pflegen von Produktionsanlagen, kundenorientiertes Arbeiten und Beachten von ökonomischen und ökologischen Aspekten, Kommunizieren mit vor', 'und nachgelagerten Bereichen zur Optimierung des Produktionsprozesses.']",https://www.bibb.de/dienst/berufesuche/de/index_berufesuche.php/profile/apprenticeship/gfdd556,"Tätigkeitsfelder: Medientechnologen Siebdruck und Medientechnologinnen Siebdruck arbeiten in handwerklichen oder industriellen Unternehmen der Druckbranche, insbesondere in den Bereichen Bogensiebdruck, Rollensiebdruck, Körpersiebdruck, technischer Siebdruck, Textilsiebdruck, keramischer Siebdruck, Glassiebdruck, großformatiger Digitaldruck und Tampondruck.; Profil: Fertigen von Siebdruckprodukten auf unterschiedlichen Bedruckstoffen,, Analysieren, Planen und Dokumentieren von konkreten Arbeitsaufgaben und Produktionsabläufen, selbstständig und im Team, Selbstständiges Aufbereiten von Vorlagen in der Siebdruckvorstufe, Übernehmen, Transferieren und Konvertieren von Daten unter Verwendung von spezifischer Hard, und Software, Erstellen von Siebdruckformen für unterschiedliche Anwendungen, Auswählen von produktspezifischen Materialien, Farben und Fertigungswegen, Einrichten und Bedienen von Produktionsanlagen zur Herstellung von Siebdruckprodukten,, Kontrollieren und Optimieren des Produktionsprozesses entsprechend den Qualitätsstandards und den Vorgaben, Durchführen von Mess, und Prüftätigkeiten im Rahmen der Qualitätssicherung, Anwenden von material, und produktspezifischen Druckweiterverarbeitungstechniken, Warten und Pflegen von Produktionsanlagen, kundenorientiertes Arbeiten und Beachten von ökonomischen und ökologischen Aspekten, Kommunizieren mit vor, und nachgelagerten Bereichen zur Optimierung des Produktionsprozesses.",[],6.468999314793194,-49.58364847331978
158,,"Papier- und Druckberufe, technische Mediengestaltung",Kreativ & Medien,36,[],[],https://www.bibb.de/dienst/berufesuche/de/index_berufesuche.php/profile/apprenticeship/4714784,,[],-362.29674520471417,191.99426007981612
159,,"Papier- und Druckberufe, technische Mediengestaltung",Kreativ & Medien,36,"['Papiertechnologen/Papiertechnologinnen arbeiten in Betrieben der Papier', 'und Zellstoffindustrie, insbesondere in der Herstellung von Papier, Karton, Pappe und Zellstoff sowie in papierverarbeitenden Betrieben und in der Zulieferindustrie.']","['Produzieren von Papier, Karton und Pappe sowie Zellstoff, Planen von Produktionsabläufen (selbstständig und im Team) unter Beachtung des Verwendungszwecks und des Produktionsprozesses, Auswählen der produktspezifischen Materialien und Fertigungswege, Bedienen der Produktionsanlagen zur Herstellung von Papier, Karton und Pappe sowie Zellstoff, Kontrollieren und Optimieren des Fertigungsprozesses entsprechend den Qualitätsstandards und den Vorgaben, Durchführen von Mess', 'und Prüftätigkeiten im Rahmen der Qualitätssicherung, Nutzen von Steuerungen, Regel', 'und Messeinrichtungen sowie Qualitäts', 'und Prozessleitsystemen, Durchführen von Wartungen, Inspektionen und Instandsetzungen im laufenden Produktionsprozess und bei Stillstand, Übernehmen, Transferieren und Konvertieren von Daten und arbeitsplatzbezogenes Anwenden von Hard', 'und Software, Kundenorientiertes Arbeiten und Beachten von ökonomischen und ökologischen Aspekten, Kommunizieren mit vor', 'und nachgelagerten sowie Service', 'Bereichen zur Optimierung des Produktionsprozesses.']",https://www.bibb.de/dienst/berufesuche/de/index_berufesuche.php/profile/apprenticeship/46555,"Tätigkeitsfelder: Papiertechnologen/Papiertechnologinnen arbeiten in Betrieben der Papier, und Zellstoffindustrie, insbesondere in der Herstellung von Papier, Karton, Pappe und Zellstoff sowie in papierverarbeitenden Betrieben und in der Zulieferindustrie.; Profil: Produzieren von Papier, Karton und Pappe sowie Zellstoff, Planen von Produktionsabläufen (selbstständig und im Team) unter Beachtung des Verwendungszwecks und des Produktionsprozesses, Auswählen der produktspezifischen Materialien und Fertigungswege, Bedienen der Produktionsanlagen zur Herstellung von Papier, Karton und Pappe sowie Zellstoff, Kontrollieren und Optimieren des Fertigungsprozesses entsprechend den Qualitätsstandards und den Vorgaben, Durchführen von Mess, und Prüftätigkeiten im Rahmen der Qualitätssicherung, Nutzen von Steuerungen, Regel, und Messeinrichtungen sowie Qualitäts, und Prozessleitsystemen, Durchführen von Wartungen, Inspektionen und Instandsetzungen im laufenden Produktionsprozess und bei Stillstand, Übernehmen, Transferieren und Konvertieren von Daten und arbeitsplatzbezogenes Anwenden von Hard, und Software, Kundenorientiertes Arbeiten und Beachten von ökonomischen und ökologischen Aspekten, Kommunizieren mit vor, und nachgelagerten sowie Service, Bereichen zur Optimierung des Produktionsprozesses.","['und Messeinrichtungen sowie Qualitäts', 'und nachgelagerten sowie Service']",-25.722040402879916,-49.12763734577871
160,,"Produktdesign und kunsthandwerkliche Berufe, bildende Kunst, Musikinstrumentenbau",Bau & Handwerk,36,"['Bogenmacher und Bogenmacherinnen sind in handwerklichen Werkstätten des Bogen', 'und Streichinstrumentenbaus tätig.']","['Herstellen von spielfertigen Bögen für Streichinstrumente, Herstellen aller Einzelteile von Bögen, wie Bogenstangen, Bogenfröschen und Bogenbeinchen sowie Zusammenfügen zu Bögen, Unterscheiden von Bauweisen und Modellen von Bögen, Planen und Vorbereiten von Arbeitsabläufen, Auswählen von Bogenhölzern, Knochen', 'und Hornwerkstoffen sowie Perlmutt und Rosshaar unter Beachtung der Materialeigenschaften und Artenschutzbestimmungen, Manuelles und maschinelles Be', 'und Verarbeiten von Hölzern und anderen Naturstoffen sowie Kunststoffen und Metallen, insbesondere durch Sägen, Bohren Fräsen, Feilen und Schleifen, Lagern von Werk', 'und Hilfsstoffen, Herstellen von Oberflächen, insbesondere durch Beizen, Oelen, Lackieren und Polieren, Prüfen von Bögen auf Funktionsfähigkeit und Spielbarkeit, Reparieren von Bögen, Kundenorientiertes Handeln sowie Verkaufen von Bögen und Zubehör, Durchführen von qualitätssichernden Maßnahmen.']",https://www.bibb.de/dienst/berufesuche/de/index_berufesuche.php/profile/apprenticeship/hfgddf,"Tätigkeitsfelder: Bogenmacher und Bogenmacherinnen sind in handwerklichen Werkstätten des Bogen, und Streichinstrumentenbaus tätig.; Profil: Herstellen von spielfertigen Bögen für Streichinstrumente, Herstellen aller Einzelteile von Bögen, wie Bogenstangen, Bogenfröschen und Bogenbeinchen sowie Zusammenfügen zu Bögen, Unterscheiden von Bauweisen und Modellen von Bögen, Planen und Vorbereiten von Arbeitsabläufen, Auswählen von Bogenhölzern, Knochen, und Hornwerkstoffen sowie Perlmutt und Rosshaar unter Beachtung der Materialeigenschaften und Artenschutzbestimmungen, Manuelles und maschinelles Be, und Verarbeiten von Hölzern und anderen Naturstoffen sowie Kunststoffen und Metallen, insbesondere durch Sägen, Bohren Fräsen, Feilen und Schleifen, Lagern von Werk, und Hilfsstoffen, Herstellen von Oberflächen, insbesondere durch Beizen, Oelen, Lackieren und Polieren, Prüfen von Bögen auf Funktionsfähigkeit und Spielbarkeit, Reparieren von Bögen, Kundenorientiertes Handeln sowie Verkaufen von Bögen und Zubehör, Durchführen von qualitätssichernden Maßnahmen.",['und Streichinstrumentenbaus tätig'],0.8886921810319679,18.68040745388093
161,,"Produktdesign und kunsthandwerkliche Berufe, bildende Kunst, Musikinstrumentenbau",Bau & Handwerk,36,[],[],https://www.bibb.de/dienst/berufesuche/de/index_berufesuche.php/profile/apprenticeship/1821101,,[],-362.29674520471417,191.99426007981612
162,,"Produktdesign und kunsthandwerkliche Berufe, bildende Kunst, Musikinstrumentenbau",Bau & Handwerk,42,"['Edelsteinfasser und Edelsteinfasserinnen arbeiten überwiegend in Betrieben der Schmuck herstellenden Industrie, in handwerklichen Gold', 'und Silberschmiedewerkstätten sowie in Juweliergeschäften.']","['Fassen von Edelsteinen in Zargen', 'und Chatonfassungen, in Verschnittfassungen und in kombinierten Fassungen, Zuordnen und Handhaben von Edelsteinen, organischen Stoffen und anderen Besatzmaterialien, Anfertigen von Kleinwerkzeugen, Anwenden von Fertigungstechniken, Herstellen von Fassungen, Gestalten und Behandeln von Oberflächen, Nachbereiten von Schmuck, Anfertigen und Anwenden von Skizzen, Fertigungs', 'und Entwurfszeichnungen, computergestütztes Konstruieren und Fertigen von Modellen und Rohlingen, Beraten von Kundinnen und Kunden und Anbieten von Leistungen, Einsetzen, Warten und Pflegen von Werkzeugen, Maschinen und Anlagen, Planen und Dokumentieren von Arbeiten, Festlegen von Arbeitsschritten, Kontrollieren der Arbeitsergebnisse und Optimieren von Arbeitsabläufen, Beurteilen von Qualität und Durchführen von qualitätssichernden Maßnahmen, Ergreifen von Maßnahmen zur Sicherheit, zum Gesundheitsschutz sowie zum Umweltschutz und zur Nachhaltigkeit bei der Arbeit.']",https://www.bibb.de/dienst/berufesuche/de/index_berufesuche.php/profile/apprenticeship/edelsf25,"Tätigkeitsfelder: Edelsteinfasser und Edelsteinfasserinnen arbeiten überwiegend in Betrieben der Schmuck herstellenden Industrie, in handwerklichen Gold, und Silberschmiedewerkstätten sowie in Juweliergeschäften.; Profil: Fassen von Edelsteinen in Zargen, und Chatonfassungen, in Verschnittfassungen und in kombinierten Fassungen, Zuordnen und Handhaben von Edelsteinen, organischen Stoffen und anderen Besatzmaterialien, Anfertigen von Kleinwerkzeugen, Anwenden von Fertigungstechniken, Herstellen von Fassungen, Gestalten und Behandeln von Oberflächen, Nachbereiten von Schmuck, Anfertigen und Anwenden von Skizzen, Fertigungs, und Entwurfszeichnungen, computergestütztes Konstruieren und Fertigen von Modellen und Rohlingen, Beraten von Kundinnen und Kunden und Anbieten von Leistungen, Einsetzen, Warten und Pflegen von Werkzeugen, Maschinen und Anlagen, Planen und Dokumentieren von Arbeiten, Festlegen von Arbeitsschritten, Kontrollieren der Arbeitsergebnisse und Optimieren von Arbeitsabläufen, Beurteilen von Qualität und Durchführen von qualitätssichernden Maßnahmen, Ergreifen von Maßnahmen zur Sicherheit, zum Gesundheitsschutz sowie zum Umweltschutz und zur Nachhaltigkeit bei der Arbeit.",['Fassen von Edelsteinen in Zargen'],186.78889635871155,-80.52395040254363
163,,"Produktdesign und kunsthandwerkliche Berufe, bildende Kunst, Musikinstrumentenbau",Bau & Handwerk,36,['Geigenbauer und Geigenbauerinnen sind in handwerklichen Werkstätten des Streichinstrumentenbaus sowie in Reparaturbetrieben tätig.'],"['Herstellen von spielfertigen Streichinstrumenten, Herstellen und Zusammenfügen von Einzelteilen, insbesondere von Korpussen und Hälsen, Unterscheiden von Bauweisen und Modellen von Streichinstrumenten., Planen und Vorbereiten von Arbeitsabläufen, Auswählen von Materialien unter Beachtung von akustischen, optischen und mechanischen Eigenschaften sowie Artenschutzbestimmungen, Lagern von Materialien, Manuelles und maschinelles Be', 'und Verarbeiten von Hölzern, insbesondere durch Sägen, Schneiden, Biegen, Hobeln und Feilen, Herstellen von Oberflächen, insbesondere durch Putzen, Beizen, Lackieren und Polieren, Prüfen von Instrumenten auf Funktionsfähigkeit, Klang und Spielbarkeit, Reparieren von Streichinstrumenten und Behaaren von Bögen, Kundenorientiertes Handeln sowie Verkaufen von Streichinstrumenten und Zubehör, Durchführen von qualitätssichernden Maßnahmen.']",https://www.bibb.de/dienst/berufesuche/de/index_berufesuche.php/profile/apprenticeship/gdfdgg,"Tätigkeitsfelder: Geigenbauer und Geigenbauerinnen sind in handwerklichen Werkstätten des Streichinstrumentenbaus sowie in Reparaturbetrieben tätig.; Profil: Herstellen von spielfertigen Streichinstrumenten, Herstellen und Zusammenfügen von Einzelteilen, insbesondere von Korpussen und Hälsen, Unterscheiden von Bauweisen und Modellen von Streichinstrumenten., Planen und Vorbereiten von Arbeitsabläufen, Auswählen von Materialien unter Beachtung von akustischen, optischen und mechanischen Eigenschaften sowie Artenschutzbestimmungen, Lagern von Materialien, Manuelles und maschinelles Be, und Verarbeiten von Hölzern, insbesondere durch Sägen, Schneiden, Biegen, Hobeln und Feilen, Herstellen von Oberflächen, insbesondere durch Putzen, Beizen, Lackieren und Polieren, Prüfen von Instrumenten auf Funktionsfähigkeit, Klang und Spielbarkeit, Reparieren von Streichinstrumenten und Behaaren von Bögen, Kundenorientiertes Handeln sowie Verkaufen von Streichinstrumenten und Zubehör, Durchführen von qualitätssichernden Maßnahmen.",[],34.23821717537241,21.502959832865407
164,,"Produktdesign und kunsthandwerkliche Berufe, bildende Kunst, Musikinstrumentenbau",Bau & Handwerk,36,"['Gestalter und Gestalterinnen für visuelles Marketing arbeiten im Handel, auf Messen, Ausstellungen und in der Industrie.']","['Entwickeln und Realisieren von visuellen Gestaltungskonzepten, die die Unternehmensphilosophie kommunizieren und die Absatzförderung unterstützen, Präsentieren von Waren, Produkten und Dienstleistungen und Nutzen von Kunden', 'und Verkaufstrends für die visuellen Gestaltungskonzepte, Gestalten von Verkaufs', ', Präsentations', 'und Ausstellungsräumen, Kooperieren mit Verkaufs', 'und Ausstellungspersonal sowie anderen gestalterischen und werbenden Berufsgruppen, verkaufsförderndes Einsetzen der Wirkungen von Licht, Formen, Farben und anderen Gestaltungselementen, Planen und Organisieren von Events, Kundenforen und Promotion', 'Aktionen, Beschaffen und Einsetzen von Werkstoffen und Präsentationsmitteln unter wirtschaftlichen und ökologischen Aspekten, Anwenden von Grafik', ', Layout', 'und Bildbearbeitungsprogrammen, Durchführen von Kalkulationen sowie Erfolgskontrollen.']",https://www.bibb.de/dienst/berufesuche/de/index_berufesuche.php/profile/apprenticeship/87uz879i,"Tätigkeitsfelder: Gestalter und Gestalterinnen für visuelles Marketing arbeiten im Handel, auf Messen, Ausstellungen und in der Industrie.; Profil: Entwickeln und Realisieren von visuellen Gestaltungskonzepten, die die Unternehmensphilosophie kommunizieren und die Absatzförderung unterstützen, Präsentieren von Waren, Produkten und Dienstleistungen und Nutzen von Kunden, und Verkaufstrends für die visuellen Gestaltungskonzepte, Gestalten von Verkaufs, , Präsentations, und Ausstellungsräumen, Kooperieren mit Verkaufs, und Ausstellungspersonal sowie anderen gestalterischen und werbenden Berufsgruppen, verkaufsförderndes Einsetzen der Wirkungen von Licht, Formen, Farben und anderen Gestaltungselementen, Planen und Organisieren von Events, Kundenforen und Promotion, Aktionen, Beschaffen und Einsetzen von Werkstoffen und Präsentationsmitteln unter wirtschaftlichen und ökologischen Aspekten, Anwenden von Grafik, , Layout, und Bildbearbeitungsprogrammen, Durchführen von Kalkulationen sowie Erfolgskontrollen.","['Präsentations', 'und Ausstellungsräumen Kooperieren mit Verkaufs', 'Layout']",-0.9673410432454774,6.424043849416712
165,,"Produktdesign und kunsthandwerkliche Berufe, bildende Kunst, Musikinstrumentenbau",Bau & Handwerk,36,[],[],https://www.bibb.de/dienst/berufesuche/de/index_berufesuche.php/profile/apprenticeship/5140101,,[],-362.29674520471417,191.99426007981612
166,,"Produktdesign und kunsthandwerkliche Berufe, bildende Kunst, Musikinstrumentenbau",Bau & Handwerk,36,"['Graveure und Graveurinnen arbeiten in metall', 'und kunststoffverarbeitenden Handwerks', 'und Industriebetrieben.']","['Schriften, Linien, Flächen, Figuren und Ornamenten gravieren, Flachstiche anfertigen, Oberflächen gestalten und veredeln, Beschilderungen herstellen, Modelle und Formen anfertigen, Stempel, Form', 'und Prägewerkzeuge anfertigen, Gravierwerkzeuge herstellen und instand halten, Werkstücke durch manuelle und maschinelle Fertigungsverfahren für die Gravur', ', Laser', 'und Drucktechnik vorbereiten, Betriebsmittel und technische Systeme instand halten, mit Gefahrstoffen und sonstigen Werkstoffen umgehen, Arbeiten planen und dokumentieren, Arbeitsschritte festlegen sowie Arbeitsergebnisse kontrollieren und bewerten, Arbeiten selbstständig und im Team unter Beachtung der Arbeitssicherheit, des Gesundheitsschutzes und des Umweltschutzes durchführen, betriebliche Abläufe unter den Aspekten Betriebswirtschaft, Qualitätssicherung und Kundenorientierung gestalten, Werkzeugen, Maschinen und Anlagen einsetzen, Informations', 'und Kommunikationstechniken anwenden.']",https://www.bibb.de/dienst/berufesuche/de/index_berufesuche.php/profile/apprenticeship/200715,"Tätigkeitsfelder: Graveure und Graveurinnen arbeiten in metall, und kunststoffverarbeitenden Handwerks, und Industriebetrieben.; Profil: Schriften, Linien, Flächen, Figuren und Ornamenten gravieren, Flachstiche anfertigen, Oberflächen gestalten und veredeln, Beschilderungen herstellen, Modelle und Formen anfertigen, Stempel, Form, und Prägewerkzeuge anfertigen, Gravierwerkzeuge herstellen und instand halten, Werkstücke durch manuelle und maschinelle Fertigungsverfahren für die Gravur, , Laser, und Drucktechnik vorbereiten, Betriebsmittel und technische Systeme instand halten, mit Gefahrstoffen und sonstigen Werkstoffen umgehen, Arbeiten planen und dokumentieren, Arbeitsschritte festlegen sowie Arbeitsergebnisse kontrollieren und bewerten, Arbeiten selbstständig und im Team unter Beachtung der Arbeitssicherheit, des Gesundheitsschutzes und des Umweltschutzes durchführen, betriebliche Abläufe unter den Aspekten Betriebswirtschaft, Qualitätssicherung und Kundenorientierung gestalten, Werkzeugen, Maschinen und Anlagen einsetzen, Informations, und Kommunikationstechniken anwenden.","['Graveure und Graveurinnen arbeiten in metall', 'und kunststoffverarbeitenden Handwerks', 'und Industriebetrieben', 'Laser', 'und Kommunikationstechniken anwenden']",-78.93197325303657,21.445000722348794
167,,"Produktdesign und kunsthandwerkliche Berufe, bildende Kunst, Musikinstrumentenbau",Bau & Handwerk,36,"['Ihren Arbeitsplatz finden Handzuginstrumentenmacher/innen überwiegend in Klein', 'und Mittelbetrieben der Herstellung und Reparatur von handgezogenen Musikinstrumenten.']","['Herstellen und Reparieren von Handzuginstrumenten,vor allem Akkordeons, Handharmonikas, Bandoneons sowie angeblasenen Instrumenten wie Mundharmonikas und Melodikas, Manuelles und maschinelles Bearbeiten von Metallen, Hölzern, Holzwerkstoffen und anderen Werkstoffen zur Herstellung von Instrumententeilen, Fügen von Bauteilen insbesondere mit Schrauben und Muttern sowie durch Weich', 'und Hartlöten, Leimen, Kleben und Holzverbindungen, Montieren von Bauteilen eines Handzuginstruments wie Baßmechanik, Schaltgruppen, Klaviatur, Stimmplatten, Stimmstock, Diskantteil, Balg, Baßmechanik, Behandeln von Oberflächen, Montieren und Stimmen der Instrumente sowie Durchführen der musikalischen, technischen und optischen Endkontrollen, Bestimmen von Instrumenten und Unterscheiden der verschiedenen Systeme der Tastatur und Bauweise sowie ihre Klangkonzeption, Marktbeobachtung und Kundenberatung.']",https://www.bibb.de/dienst/berufesuche/de/index_berufesuche.php/profile/apprenticeship/3058101,"Tätigkeitsfelder: Ihren Arbeitsplatz finden Handzuginstrumentenmacher/innen überwiegend in Klein, und Mittelbetrieben der Herstellung und Reparatur von handgezogenen Musikinstrumenten.; Profil: Herstellen und Reparieren von Handzuginstrumenten,vor allem Akkordeons, Handharmonikas, Bandoneons sowie angeblasenen Instrumenten wie Mundharmonikas und Melodikas, Manuelles und maschinelles Bearbeiten von Metallen, Hölzern, Holzwerkstoffen und anderen Werkstoffen zur Herstellung von Instrumententeilen, Fügen von Bauteilen insbesondere mit Schrauben und Muttern sowie durch Weich, und Hartlöten, Leimen, Kleben und Holzverbindungen, Montieren von Bauteilen eines Handzuginstruments wie Baßmechanik, Schaltgruppen, Klaviatur, Stimmplatten, Stimmstock, Diskantteil, Balg, Baßmechanik, Behandeln von Oberflächen, Montieren und Stimmen der Instrumente sowie Durchführen der musikalischen, technischen und optischen Endkontrollen, Bestimmen von Instrumenten und Unterscheiden der verschiedenen Systeme der Tastatur und Bauweise sowie ihre Klangkonzeption, Marktbeobachtung und Kundenberatung.",[],-88.00065726174631,16.675985557193396
168,,"Produktdesign und kunsthandwerkliche Berufe, bildende Kunst, Musikinstrumentenbau",Bau & Handwerk,36,['In der Regel arbeiten Holzbildhauer/innen in Ateliers oder Werkstätten von Betrieben des Holzbildhauerhandwerks.'],"['Entwerfen, Gestalten und Zeichnen von Arbeiten nach gestalterischen und funktionalen Gesichtspunkten nach Vorgaben und eigenen Ideen, Erörtern des Arbeitsauftrags mit dem Kunden, Durchführen der Arbeit nach wirtschaftlichen und ökologischen Belangen und Bewerten das Arbeitsergebnisses auf der Grundlage der Qualitätssicherung, selbständiges Durchführen der Arbeiten unter Beachtung der Sicherheit und des Gesundheitsschutzes am Arbeitsplatz, Anfertigen von Skizzen und Werkzeichnungen sowie Anwenden von technischen Unterlagen, Entwerfen, Gestalten und Vorbereiten von Bildhauer', 'und Schnitzarbeiten, Ausführen von Bildhauer', 'und Schnitzarbeiten in verschiedenen Materialien, Herstellen von Modellen und Formen in verschiedenen Materialien, Anfertigen von Schablonen und Lehren, Anwenden von unterschiedlichen Abformverfahren und Materialien, Lagern, Auswählen und Vorbereiten des Materials nach gestalterischen, wirtschaftlichen und ökologischen Gesichtspunkten, Be', 'und Verarbeiten von Holz, Steinen, Metallen und Kunststoffen, Auswählen, Handhaben und Instandhalten von Meßzeugen, Handwerkzeugen und Hilfsmitteln für die Holz', ', Stein', ', Kunststoff', 'und Metallbearbeitung, Durchführen von Grundfertigkeiten der Metallbearbeitung, Einrichten, Bedienen und Warten von Maschinen und Maschinenwerkzeugen, Übertragen von Maßen nach Modell oder Zeichnung, formgebendes Verarbeiten von Hölzern, Kunststoffen und Steinen, Zusammenbauen von Werkstücken, Vorbereiten und Behandeln von Oberflächen aus Holz, Stein, Kunststoff und Metall in verschiedenen, material', 'und anforderungsbedingten Techniken, Vermessen und Herstellen von Fundamenten, Versetzen, Verankern und Montieren von Werkstücken, Auf', 'und Abbauen von Arbeitsgerüsten, Bedienen von Hebe', 'und Transporteinrichtungen, Restaurieren von Bildhauer', 'und Schnitzarbeiten unter Berücksichtigung der entsprechenden Stilrichtungen, Ausbessern von Teilen, Ergänzen und Wiederherstellen von Oberflächen.']",https://www.bibb.de/dienst/berufesuche/de/index_berufesuche.php/profile/apprenticeship/1822101,"Tätigkeitsfelder: In der Regel arbeiten Holzbildhauer/innen in Ateliers oder Werkstätten von Betrieben des Holzbildhauerhandwerks.; Profil: Entwerfen, Gestalten und Zeichnen von Arbeiten nach gestalterischen und funktionalen Gesichtspunkten nach Vorgaben und eigenen Ideen, Erörtern des Arbeitsauftrags mit dem Kunden, Durchführen der Arbeit nach wirtschaftlichen und ökologischen Belangen und Bewerten das Arbeitsergebnisses auf der Grundlage der Qualitätssicherung, selbständiges Durchführen der Arbeiten unter Beachtung der Sicherheit und des Gesundheitsschutzes am Arbeitsplatz, Anfertigen von Skizzen und Werkzeichnungen sowie Anwenden von technischen Unterlagen, Entwerfen, Gestalten und Vorbereiten von Bildhauer, und Schnitzarbeiten, Ausführen von Bildhauer, und Schnitzarbeiten in verschiedenen Materialien, Herstellen von Modellen und Formen in verschiedenen Materialien, Anfertigen von Schablonen und Lehren, Anwenden von unterschiedlichen Abformverfahren und Materialien, Lagern, Auswählen und Vorbereiten des Materials nach gestalterischen, wirtschaftlichen und ökologischen Gesichtspunkten, Be, und Verarbeiten von Holz, Steinen, Metallen und Kunststoffen, Auswählen, Handhaben und Instandhalten von Meßzeugen, Handwerkzeugen und Hilfsmitteln für die Holz, , Stein, , Kunststoff, und Metallbearbeitung, Durchführen von Grundfertigkeiten der Metallbearbeitung, Einrichten, Bedienen und Warten von Maschinen und Maschinenwerkzeugen, Übertragen von Maßen nach Modell oder Zeichnung, formgebendes Verarbeiten von Hölzern, Kunststoffen und Steinen, Zusammenbauen von Werkstücken, Vorbereiten und Behandeln von Oberflächen aus Holz, Stein, Kunststoff und Metall in verschiedenen, material, und anforderungsbedingten Techniken, Vermessen und Herstellen von Fundamenten, Versetzen, Verankern und Montieren von Werkstücken, Auf, und Abbauen von Arbeitsgerüsten, Bedienen von Hebe, und Transporteinrichtungen, Restaurieren von Bildhauer, und Schnitzarbeiten unter Berücksichtigung der entsprechenden Stilrichtungen, Ausbessern von Teilen, Ergänzen und Wiederherstellen von Oberflächen.","['und Schnitzarbeiten Ausführen von Bildhauer', 'Stein', 'Kunststoff']",168.19042106930436,-75.74807234678732
169,,"Produktdesign und kunsthandwerkliche Berufe, bildende Kunst, Musikinstrumentenbau",Bau & Handwerk,36,['Überwiegend arbeiten Holzblasinstrumentenmacher/innen in handwerklichen oder industriellen Betrieben der Herstellung und Reparatur von Holzblasinstrumenten wie Flöten oder Fagotten.'],"['Herstellen und Reparieren von Blasinstrumenten aus Holz oder Metall, deren Klang durch Teilung der eingeblasenen Luftsäule entsteht, vor allem Block', 'und Querflöten, Oboen, Saxofone, Klarinetten, Fagotte, Durchführen von manueller und maschineller Bearbeitung von Hölzern, Metallen, Kunststoffen und anderen Werkstoffen zur Herstellung von Instrumententeilen, Fügen von Teilen insbesondere durch Löten, Schrauben, Stiften und Nieten, Montieren von Teilen eines Instruments wie Korpus und Klappenmechanik, Behandeln der Oberflächen, Spielfertigmachen und Stimmen von Instrumenten sowie Durchführen der funktionellen und optischen Endkontrolle, Bestimmen von Instrumenten, Marktbeobachtung und Kundenberatung.']",https://www.bibb.de/dienst/berufesuche/de/index_berufesuche.php/profile/apprenticeship/3056101,"Tätigkeitsfelder: Überwiegend arbeiten Holzblasinstrumentenmacher/innen in handwerklichen oder industriellen Betrieben der Herstellung und Reparatur von Holzblasinstrumenten wie Flöten oder Fagotten.; Profil: Herstellen und Reparieren von Blasinstrumenten aus Holz oder Metall, deren Klang durch Teilung der eingeblasenen Luftsäule entsteht, vor allem Block, und Querflöten, Oboen, Saxofone, Klarinetten, Fagotte, Durchführen von manueller und maschineller Bearbeitung von Hölzern, Metallen, Kunststoffen und anderen Werkstoffen zur Herstellung von Instrumententeilen, Fügen von Teilen insbesondere durch Löten, Schrauben, Stiften und Nieten, Montieren von Teilen eines Instruments wie Korpus und Klappenmechanik, Behandeln der Oberflächen, Spielfertigmachen und Stimmen von Instrumenten sowie Durchführen der funktionellen und optischen Endkontrolle, Bestimmen von Instrumenten, Marktbeobachtung und Kundenberatung.",[],-112.56962305314723,49.92574008092964
170,,"Produktdesign und kunsthandwerkliche Berufe, bildende Kunst, Musikinstrumentenbau",Bau & Handwerk,36,"['Holzspielzeugmacher/innen arbeiten in Handwerks', 'und Kunsthandwerksbetrieben im Bereich Holzgestaltung, aber auch in Betrieben der Spielzeugindustrie, vereinzelt auch in Restaurierungsbetrieben.']","['Selbständiges Arbeiten unter Beachtung der Qualitätssicherung sowie der Arbeitssicherheit, des Gesundheits', 'und Umweltschutzes am Arbeitsplatz in handwerklicher Präzisionsarbeit, Entwerfen und Gestalten von Erzeugnissen, Anfertigen, Lesen und Auswerten von Skizzen und Zeichnungen, Auswählen und Lagern von Holz und Ergänzungswerkstoffen, Auswählen, Handhaben und Instandhalten von Handwerkzeugen, Mess', 'und Prüfgeräten, Einrichten, Bedienen und Instandhalten von Holzbearbeitungsmaschinen und Maschinenwerkzeugen, Ausführen von Dreharbeiten in Lang', 'und Querholz, Schnitzen von halbplastischen Figuren, Stechen und Ziehen von dekorativen Spänen und Spanlocken, Verbinden und Zusammenbauen von Einzelteilen, Vorbereiten und Beschichten von Oberflächen, dekoratives Bemalen und Schmücken von Erzeugnissen.']",https://www.bibb.de/dienst/berufesuche/de/index_berufesuche.php/profile/apprenticeship/1834101,"Tätigkeitsfelder: Holzspielzeugmacher/innen arbeiten in Handwerks, und Kunsthandwerksbetrieben im Bereich Holzgestaltung, aber auch in Betrieben der Spielzeugindustrie, vereinzelt auch in Restaurierungsbetrieben.; Profil: Selbständiges Arbeiten unter Beachtung der Qualitätssicherung sowie der Arbeitssicherheit, des Gesundheits, und Umweltschutzes am Arbeitsplatz in handwerklicher Präzisionsarbeit, Entwerfen und Gestalten von Erzeugnissen, Anfertigen, Lesen und Auswerten von Skizzen und Zeichnungen, Auswählen und Lagern von Holz und Ergänzungswerkstoffen, Auswählen, Handhaben und Instandhalten von Handwerkzeugen, Mess, und Prüfgeräten, Einrichten, Bedienen und Instandhalten von Holzbearbeitungsmaschinen und Maschinenwerkzeugen, Ausführen von Dreharbeiten in Lang, und Querholz, Schnitzen von halbplastischen Figuren, Stechen und Ziehen von dekorativen Spänen und Spanlocken, Verbinden und Zusammenbauen von Einzelteilen, Vorbereiten und Beschichten von Oberflächen, dekoratives Bemalen und Schmücken von Erzeugnissen.",['Holzspielzeugmacher/innen arbeiten in Handwerks'],61.440601050295115,2.424800259327526
171,,"Produktdesign und kunsthandwerkliche Berufe, bildende Kunst, Musikinstrumentenbau",Bau & Handwerk,36,"['Industriekeramiker / Industriekeramikerinnen Dekorationstechnik führen ihre Tätigkeiten zur Veredlung von Porzellan, Gebrauchs', 'und Zierkeramik, in Werk', 'und Produktionsstätten der Keramik', 'und Porzellanindustrie durch.']","['Kundenorientiertes und kostenbewusstes Arbeiten, selbständiges und teamorientiertes Planen und Organisieren der Arbeit unter Anwendnung von Informations', 'und Kommunikationsmitteln, Be', ', Verarbeiten und Prüfen von keramischen Werkstoffen, Gips und Kunststoffen auf der Grundlage technischer Unterlagen und Fertigungsvorschriften, Warten und Pflegen der Betriebsmittel sowie der Mess', 'und Prüfmittel, Entwerfen von Dekoren und Schriften, Aufbereiten von Farben und Edelmetallpräparaten für verschiedene Veredlungstechniken, Malen von Schriften mit Farben und Edelmetallpräparaten, Bemalen von keramischen Erzeugnissen, insbesondere durch Rändern, Linieren, Bändern und Staffieren, Anfertigen von Dekorationen in Auf', ', In', 'oder Unterglasur, Veredeln keramischer Produkte durch Kombination verschiedener Dekortechniken, Spritzen von Farben in verschiedenen Schichtstärken, Aufbringen von Buntdruckdekorationen, Berücksichtigen der Brennbedingungen für den Dekorbrand, Durchführen qualitätserhöhender und qualitätssichernder Maßnahmen im Arbeitsbereich, Beurteilen und Dokumentieren der Arbeitsergebnisse, Erkennen von Fertigungsfehlern, Warten und Pflegen der Betriebsmittel, Beachten der Vorschriften des Umweltschutzes, der Arbeitssicherheit, des Gesundheitsschutzes und der Qualitätssicherung.']",https://www.bibb.de/dienst/berufesuche/de/index_berufesuche.php/profile/apprenticeship/65zt7dek,"Tätigkeitsfelder: Industriekeramiker / Industriekeramikerinnen Dekorationstechnik führen ihre Tätigkeiten zur Veredlung von Porzellan, Gebrauchs, und Zierkeramik, in Werk, und Produktionsstätten der Keramik, und Porzellanindustrie durch.; Profil: Kundenorientiertes und kostenbewusstes Arbeiten, selbständiges und teamorientiertes Planen und Organisieren der Arbeit unter Anwendnung von Informations, und Kommunikationsmitteln, Be, , Verarbeiten und Prüfen von keramischen Werkstoffen, Gips und Kunststoffen auf der Grundlage technischer Unterlagen und Fertigungsvorschriften, Warten und Pflegen der Betriebsmittel sowie der Mess, und Prüfmittel, Entwerfen von Dekoren und Schriften, Aufbereiten von Farben und Edelmetallpräparaten für verschiedene Veredlungstechniken, Malen von Schriften mit Farben und Edelmetallpräparaten, Bemalen von keramischen Erzeugnissen, insbesondere durch Rändern, Linieren, Bändern und Staffieren, Anfertigen von Dekorationen in Auf, , In, oder Unterglasur, Veredeln keramischer Produkte durch Kombination verschiedener Dekortechniken, Spritzen von Farben in verschiedenen Schichtstärken, Aufbringen von Buntdruckdekorationen, Berücksichtigen der Brennbedingungen für den Dekorbrand, Durchführen qualitätserhöhender und qualitätssichernder Maßnahmen im Arbeitsbereich, Beurteilen und Dokumentieren der Arbeitsergebnisse, Erkennen von Fertigungsfehlern, Warten und Pflegen der Betriebsmittel, Beachten der Vorschriften des Umweltschutzes, der Arbeitssicherheit, des Gesundheitsschutzes und der Qualitätssicherung.","['und Zierkeramik in Werk', 'und Produktionsstätten der Keramik', 'und Porzellanindustrie durch', 'und Kommunikationsmitteln Be', 'In']",47.659306053990434,-108.2159350174957
172,,"Produktdesign und kunsthandwerkliche Berufe, bildende Kunst, Musikinstrumentenbau",Bau & Handwerk,36,"['Keramiker und Keramikerinnen arbeiten in handwerklichen Betrieben zur Herstellung von Gebrauchs', ', Dekorations', 'oder Baukeramik in Serien oder Einzelstücken.']","['handwerkliches Herstellen von keramischen Produkten, Handhaben und Warten von Werkzeugen, Maschinen und Einrichtungen, Auswählen keramischer Rohstoffe und vorbereiten keramischer Massen, Farben und Glasuren, Form', 'und Oberflächengestaltung keramischer Erzeugnisse, Trocknen und Brennen keramischer Rohlinge, Formen, Aufbauen und Modellieren von Baukeramiken, Freidrehen keramischer Gefäße auf der Töpferscheibe, Entwerfen und Umsetzen von Dekoren auf keramischen Erzeugnissen, Mitwirken bei Planung und Durchführen von verkaufsfördernden Maßnahmen in Vertrieb und Marketing, Führen von Gesprächen mit internen und externen Kunden unter Berücksichtigung kultureller Besonderheiten und verkaufsfördernder Maßnahmen, selbstständiges und teamorientiertes Planen und Organisieren der Arbeit unter Verwendung von Informa', 'tions', 'und Kommunikationsmitteln, Beachten der Vorschriften des Umweltschutzes, der Arbeitssicherheit, des Gesundheitsschutzes und der Qualitätssicherung.']",https://www.bibb.de/dienst/berufesuche/de/index_berufesuche.php/profile/apprenticeship/291008,"Tätigkeitsfelder: Keramiker und Keramikerinnen arbeiten in handwerklichen Betrieben zur Herstellung von Gebrauchs, , Dekorations, oder Baukeramik in Serien oder Einzelstücken.; Profil: handwerkliches Herstellen von keramischen Produkten, Handhaben und Warten von Werkzeugen, Maschinen und Einrichtungen, Auswählen keramischer Rohstoffe und vorbereiten keramischer Massen, Farben und Glasuren, Form, und Oberflächengestaltung keramischer Erzeugnisse, Trocknen und Brennen keramischer Rohlinge, Formen, Aufbauen und Modellieren von Baukeramiken, Freidrehen keramischer Gefäße auf der Töpferscheibe, Entwerfen und Umsetzen von Dekoren auf keramischen Erzeugnissen, Mitwirken bei Planung und Durchführen von verkaufsfördernden Maßnahmen in Vertrieb und Marketing, Führen von Gesprächen mit internen und externen Kunden unter Berücksichtigung kultureller Besonderheiten und verkaufsfördernder Maßnahmen, selbstständiges und teamorientiertes Planen und Organisieren der Arbeit unter Verwendung von Informa, tions, und Kommunikationsmitteln, Beachten der Vorschriften des Umweltschutzes, der Arbeitssicherheit, des Gesundheitsschutzes und der Qualitätssicherung.","['Dekorations', 'oder Baukeramik in Serien oder Einzelstücken', 'tions']",-18.979910823537022,-5.924627914618021
173,,"Produktdesign und kunsthandwerkliche Berufe, bildende Kunst, Musikinstrumentenbau",Bau & Handwerk,42,[],[],https://www.bibb.de/dienst/berufesuche/de/index_berufesuche.php/profile/apprenticeship/5142101,,[],-362.29674520471417,191.99426007981612
174,,"Produktdesign und kunsthandwerkliche Berufe, bildende Kunst, Musikinstrumentenbau",Bau & Handwerk,36,"['Überwiegend arbeiten Metallblasinstrumentenmacher/', 'innen in handwerklichen und industriellen Betrieben, die Hörner, Tuben, Posaunen oder Trompeten herstellen.']","['Herstellen und Reparieren von Metallblasinstrumenten, vor allem Trompeten, Posaunen, Tuben und Hörner, Manuelles und maschinelles Bearbeiten von unterschiedlichen Werkstoffen, Behandeln von Oberflächen, Fügen von Bauteilen insbesondere durch Weich', 'und Hartlöten, Herstellen und Montieren von Schallstück, Ventil, Druckwerk, Bogen, Zug und Wasserklappe, Durchführen der Endmontage, Beeinflussen von Stimmung und Klangfarbe, Durchführen der musikalischen und optischen Endkontrolle, Sichern der Qualität, Abstimmen und Festlegen der Arbeitschritte und Sicherstellen des Arbeitsablaufs, Abschätzen und Bereitstellen des Materialbedarfs, Beschaffen von Informationen für Fertigung und Instandhaltung, Anfertigen, Lesen und Anwenden von Skizzen, Zeichnungen und Stücklisten, Einrichten des Arbeitsplatzes an Werkbank oder Werkzeugmaschine, Anwenden von Grundbegriffen der Normung, Lesen und Anwenden von Tabellen, Diagrammen, Handbüchern und Bedienungshinweisen, Marktbeobachtung und Kundenberatung.']",https://www.bibb.de/dienst/berufesuche/de/index_berufesuche.php/profile/apprenticeship/3053101,"Tätigkeitsfelder: Überwiegend arbeiten Metallblasinstrumentenmacher/, innen in handwerklichen und industriellen Betrieben, die Hörner, Tuben, Posaunen oder Trompeten herstellen.; Profil: Herstellen und Reparieren von Metallblasinstrumenten, vor allem Trompeten, Posaunen, Tuben und Hörner, Manuelles und maschinelles Bearbeiten von unterschiedlichen Werkstoffen, Behandeln von Oberflächen, Fügen von Bauteilen insbesondere durch Weich, und Hartlöten, Herstellen und Montieren von Schallstück, Ventil, Druckwerk, Bogen, Zug und Wasserklappe, Durchführen der Endmontage, Beeinflussen von Stimmung und Klangfarbe, Durchführen der musikalischen und optischen Endkontrolle, Sichern der Qualität, Abstimmen und Festlegen der Arbeitschritte und Sicherstellen des Arbeitsablaufs, Abschätzen und Bereitstellen des Materialbedarfs, Beschaffen von Informationen für Fertigung und Instandhaltung, Anfertigen, Lesen und Anwenden von Skizzen, Zeichnungen und Stücklisten, Einrichten des Arbeitsplatzes an Werkbank oder Werkzeugmaschine, Anwenden von Grundbegriffen der Normung, Lesen und Anwenden von Tabellen, Diagrammen, Handbüchern und Bedienungshinweisen, Marktbeobachtung und Kundenberatung.",[],7.352167996910659,-32.10376515455505
175,,"Produktdesign und kunsthandwerkliche Berufe, bildende Kunst, Musikinstrumentenbau",Bau & Handwerk,36,"['Spielzeughersteller und Spielzeugherstellerinnen arbeiten in Betrieben der Spielzeugindustrie. Je nach Produktionsbereich stellen sie figürliches Spielzeug, textiles Spielzeug und Holzspielzeug her z.B. Puppen, Plüschtiere, Puppenmöbel, Holzgreiflinge, Holzfahrzeuge und Zubehör für Modelleisenbahnen. Das Arbeitsgebiet umfasst darüber hinaus auch betriebsorganisatorische Tätigkeiten in der Arbeitsvorbereitung und in der Produktion.']","['Herstellen von figürlichem Spielzeug, textilem Spielzeug und Holzspielzeug, Auswählen und Bearbeiten textiler Werk', 'und Hilfsstoffe, Holz', 'und Holzwerkstoffe und Kunststoffe nach Verwendungszweck und Wirtschaftlichkeit, Erarbeiten von Unterlagen für den Fertigungsablauf sowie technische Daten über Arbeitsabläufe und Erfassen der Arbeitsergebnisse, Einrichten, Bedienen, Überwachen und Instandhalten von Werkzeugen, Maschinen und Anlagen, Anfertigen und Auswerten von Skizzen und Zeichnungen, Anfertigen von Zuschnittschablonen, Zuschnitten und Kunststoffteilen unter Beachtung rationeller Materialverwendung, Anwenden unterschiedlicher Verfahrenstechniken zur Oberflächenbehandlung, Zusammenfügen von Einzelteilen zu Baugruppen und Endprodukten, Montieren von Einzelteilen zu Baugruppen und Endprodukten, wie z B das Nähen von Puppenkleidern und Plüschhüllen und Verbinden von Körper', 'und Bauteilen, Dekorieren und Komplettieren der Produkte, wie z. B. Ankleiden, Frisieren und Gesichter farbig gestalten, Beurteilen der Qualität und Ergreifen von qualitätssichernden Maßnahmen, dekoratives Verpacken der Produkte, Selbständiges Ausführen der Arbeit anhand von technischen Unterlagen, Beachten der Grundsätze zum Umweltschutz, zur Sicherheit und zum Gesundheitsschutz bei der Arbeit.']",https://www.bibb.de/dienst/berufesuche/de/index_berufesuche.php/profile/apprenticeship/3061101,"Tätigkeitsfelder: Spielzeughersteller und Spielzeugherstellerinnen arbeiten in Betrieben der Spielzeugindustrie. Je nach Produktionsbereich stellen sie figürliches Spielzeug, textiles Spielzeug und Holzspielzeug her z.B. Puppen, Plüschtiere, Puppenmöbel, Holzgreiflinge, Holzfahrzeuge und Zubehör für Modelleisenbahnen. Das Arbeitsgebiet umfasst darüber hinaus auch betriebsorganisatorische Tätigkeiten in der Arbeitsvorbereitung und in der Produktion.; Profil: Herstellen von figürlichem Spielzeug, textilem Spielzeug und Holzspielzeug, Auswählen und Bearbeiten textiler Werk, und Hilfsstoffe, Holz, und Holzwerkstoffe und Kunststoffe nach Verwendungszweck und Wirtschaftlichkeit, Erarbeiten von Unterlagen für den Fertigungsablauf sowie technische Daten über Arbeitsabläufe und Erfassen der Arbeitsergebnisse, Einrichten, Bedienen, Überwachen und Instandhalten von Werkzeugen, Maschinen und Anlagen, Anfertigen und Auswerten von Skizzen und Zeichnungen, Anfertigen von Zuschnittschablonen, Zuschnitten und Kunststoffteilen unter Beachtung rationeller Materialverwendung, Anwenden unterschiedlicher Verfahrenstechniken zur Oberflächenbehandlung, Zusammenfügen von Einzelteilen zu Baugruppen und Endprodukten, Montieren von Einzelteilen zu Baugruppen und Endprodukten, wie z B das Nähen von Puppenkleidern und Plüschhüllen und Verbinden von Körper, und Bauteilen, Dekorieren und Komplettieren der Produkte, wie z. B. Ankleiden, Frisieren und Gesichter farbig gestalten, Beurteilen der Qualität und Ergreifen von qualitätssichernden Maßnahmen, dekoratives Verpacken der Produkte, Selbständiges Ausführen der Arbeit anhand von technischen Unterlagen, Beachten der Grundsätze zum Umweltschutz, zur Sicherheit und zum Gesundheitsschutz bei der Arbeit.",['und Hilfsstoffe Holz'],76.67633432778833,-58.31252804898853
176,,"Produktdesign und kunsthandwerkliche Berufe, bildende Kunst, Musikinstrumentenbau",Bau & Handwerk,36,"['Ihren Arbeitsplatz haben Vergolder/innen in Vergolderwerkstätten und Restaurierungsbetrieben. Abhängig vom Auftrag sind sie in Werkstätten und direkt vor Ort, z.B. in Kirchen, Schlössern und Museen, tätig.']","['Anfertigen von Skizzen und Zeichnungen nach Vorlagen oder eigenen Entwürfen, Bearbeiten von Untergründen, insbesondere Holz, Metall, Kunststoff, Glas, Stuck und Putze, Grundieren der Untergründe entsprechend der auszuführenden Vergoldetechniken, Ausführen von Verzierungen mit plastischen Ornamenten, Gestalten von Oberflächen in verschiedenen Techniken, Anfertigen von Rahmen, Ausführen von Einrahmungen, insbesondere unter gestalterischen und konservatorischen Kriterien, Vergolden, Versilbern und Metallisieren von Objekten im Innen', 'und Außenbereich, Gestalten von Objekten in verschiedenen Maltechniken, Ausführen von Imitationsmalereien, Ausführen von Erhaltungs', 'und Restaurierungsarbeiten.']",https://www.bibb.de/dienst/berufesuche/de/index_berufesuche.php/profile/apprenticeship/5133101,"Tätigkeitsfelder: Ihren Arbeitsplatz haben Vergolder/innen in Vergolderwerkstätten und Restaurierungsbetrieben. Abhängig vom Auftrag sind sie in Werkstätten und direkt vor Ort, z.B. in Kirchen, Schlössern und Museen, tätig.; Profil: Anfertigen von Skizzen und Zeichnungen nach Vorlagen oder eigenen Entwürfen, Bearbeiten von Untergründen, insbesondere Holz, Metall, Kunststoff, Glas, Stuck und Putze, Grundieren der Untergründe entsprechend der auszuführenden Vergoldetechniken, Ausführen von Verzierungen mit plastischen Ornamenten, Gestalten von Oberflächen in verschiedenen Techniken, Anfertigen von Rahmen, Ausführen von Einrahmungen, insbesondere unter gestalterischen und konservatorischen Kriterien, Vergolden, Versilbern und Metallisieren von Objekten im Innen, und Außenbereich, Gestalten von Objekten in verschiedenen Maltechniken, Ausführen von Imitationsmalereien, Ausführen von Erhaltungs, und Restaurierungsarbeiten.",['und Restaurierungsarbeiten'],-54.07153587404306,116.53929144820562
177,,Reinigungsberufe,Sonstiges,36,['Beschäftigung finden Gebäudereiniger und Gebäudereinigerinnen vor allem in Gebäudereinigungsunternehmen oder bei öffentlichen bzw. gewerblichen Institutionen.'],"['Durchführen von Unterhalts', 'und Zwischenreinigungen, zum Beispiel an Glas, Böden, Holz und textilen Ausstattungsgegenständen, Durchführen von Hygienemaßnahmen, insbesondere im Sanitärbereich, Durchführen von Grund', 'und Bauschlussreinigungen, Durchführen von Außenreinigungen, insbesondere Fassadenreinigungen, Reinigungen von Licht', 'und Wetterschutzanlagen, Verkehrs', 'und Freiflächen, Verkehrsleiteinrichtungen sowie Außenanlagen, Durchführen von Industriereinigungen, Durchführen von Pflegearbeiten, Konservierungsarbeiten und Aufbereitungsarbeiten an unterschiedlichen Oberflächen, Durchführen von Hygienemaßnahmen, insbesondere im Gesundheits', 'und Pflegebereich (zum Beispiel Krankenhaus), Lebensmittelbereich und Sanitärbereich, Durchführen von Dekontaminationsmaßnahmen, Mitwirkung an Schädlingsmonitoringplänen, Schädlingsmonitoring und Nachsorgemaßnahmen durchführen, Vergrämungs', 'und Abwehrmaßnahmen durchführen, Ermitteln des Bedarfs an Oberflächenbehandlungsmitteln und Dosieren der Mittel für den Einsatz einzeln und in Kombination mit Desinfektionsmitteln, Feststellen und Dokumentieren von Oberflächenverschmutzungen und Oberflächenveränderungen, Beurteilen der Art und Beschaffenheit von Gebäuden, Bauteilen und Ausstattungsgegenständen hinsichtlich der durchzuführenden Arbeiten, Vorbereiten von kontaminierten Stoffen für die Entsorgung und Veranlassen der Entsorgung von Schmutzflotten und Gefahrstoffen, Selbstständiges Durchführen der Arbeiten auf der Grundlage von technischen Unterlagen und von Arbeitsaufträgen allein und in Kooperation mit anderen, Kommunikation mit Kundinnen und Kunden, Planen und Koordinieren der Arbeit, Einrichten von Arbeitsplätzen und Ergreifen von Maßnahmen zur Sicherheit und zum Gesundheitsschutz bei der Arbeit sowie zum Umweltschutz, Prüfen der Arbeiten auf fehlerfreie Ausführung, Dokumentieren der Arbeiten, Erstellen von Aufmaßen und Durchführen von qualitätssichernden Maßnahmen, Bedienen und Instandhalten von Geräten und Maschinen, Auf', 'und Abbauen von Fahrgerüsten und Bedienen von Fassadenbefahranlagen und Hubarbeitsbühnen, Grundsätze der Nachhaltigkeit bei der Auswahl von Reinigungsmitteln und', 'verfahren beachten, insbesondere Umwelt', ', Arbeits', 'und Sozialstandards, auch um zur Wert', 'und Funktionserhaltung der gereinigten Oberflächen beizutragen.']",https://www.bibb.de/dienst/berufesuche/de/index_berufesuche.php/profile/apprenticeship/78954,"Tätigkeitsfelder: Beschäftigung finden Gebäudereiniger und Gebäudereinigerinnen vor allem in Gebäudereinigungsunternehmen oder bei öffentlichen bzw. gewerblichen Institutionen.; Profil: Durchführen von Unterhalts, und Zwischenreinigungen, zum Beispiel an Glas, Böden, Holz und textilen Ausstattungsgegenständen, Durchführen von Hygienemaßnahmen, insbesondere im Sanitärbereich, Durchführen von Grund, und Bauschlussreinigungen, Durchführen von Außenreinigungen, insbesondere Fassadenreinigungen, Reinigungen von Licht, und Wetterschutzanlagen, Verkehrs, und Freiflächen, Verkehrsleiteinrichtungen sowie Außenanlagen, Durchführen von Industriereinigungen, Durchführen von Pflegearbeiten, Konservierungsarbeiten und Aufbereitungsarbeiten an unterschiedlichen Oberflächen, Durchführen von Hygienemaßnahmen, insbesondere im Gesundheits, und Pflegebereich (zum Beispiel Krankenhaus), Lebensmittelbereich und Sanitärbereich, Durchführen von Dekontaminationsmaßnahmen, Mitwirkung an Schädlingsmonitoringplänen, Schädlingsmonitoring und Nachsorgemaßnahmen durchführen, Vergrämungs, und Abwehrmaßnahmen durchführen, Ermitteln des Bedarfs an Oberflächenbehandlungsmitteln und Dosieren der Mittel für den Einsatz einzeln und in Kombination mit Desinfektionsmitteln, Feststellen und Dokumentieren von Oberflächenverschmutzungen und Oberflächenveränderungen, Beurteilen der Art und Beschaffenheit von Gebäuden, Bauteilen und Ausstattungsgegenständen hinsichtlich der durchzuführenden Arbeiten, Vorbereiten von kontaminierten Stoffen für die Entsorgung und Veranlassen der Entsorgung von Schmutzflotten und Gefahrstoffen, Selbstständiges Durchführen der Arbeiten auf der Grundlage von technischen Unterlagen und von Arbeitsaufträgen allein und in Kooperation mit anderen, Kommunikation mit Kundinnen und Kunden, Planen und Koordinieren der Arbeit, Einrichten von Arbeitsplätzen und Ergreifen von Maßnahmen zur Sicherheit und zum Gesundheitsschutz bei der Arbeit sowie zum Umweltschutz, Prüfen der Arbeiten auf fehlerfreie Ausführung, Dokumentieren der Arbeiten, Erstellen von Aufmaßen und Durchführen von qualitätssichernden Maßnahmen, Bedienen und Instandhalten von Geräten und Maschinen, Auf, und Abbauen von Fahrgerüsten und Bedienen von Fassadenbefahranlagen und Hubarbeitsbühnen, Grundsätze der Nachhaltigkeit bei der Auswahl von Reinigungsmitteln und, verfahren beachten, insbesondere Umwelt, , Arbeits, und Sozialstandards, auch um zur Wert, und Funktionserhaltung der gereinigten Oberflächen beizutragen.","['Durchführen von Unterhalts', 'und Wetterschutzanlagen Verkehrs', 'verfahren beachten insbesondere Umwelt', 'Arbeits', 'und Sozialstandards auch um zur Wert']",221.69660356185904,-203.58216807710218
178,,Reinigungsberufe,Sonstiges,36,[],[],https://www.bibb.de/dienst/berufesuche/de/index_berufesuche.php/profile/apprenticeship/56777778,,[],-362.29674520471417,191.99426007981612
179,,"Rohstoffgewinnung und -aufbereitung, Glas- und Keramikherstellung und -verarbeitung",IT & Technik,36,['Betonfertigteilbauer und Betonfertigteilbauerinnen arbeiten in Betonwerken und stellen in industriellen Prozessen Betonerzeugnisse her.'],"['Herstellen von Betonfertigteilen und Betonwaren, Herstellen von Schalungen, Formen und Bewehrungen, Entwerfen, Herstellen und Prüfen von Betonmischungen, Gestalten und Bearbeiten von Oberflächen, Ausbessern und Instandsetzen von Betonfertigteilen, Transportieren, Lagern und Versetzen von Betonfertigteilen, Herstellen von Spannbetonfertigteilen, Verarbeiten von Betonen mit besonderen Eigenschaften und Sonderbetonen, Bedienen von Maschinen und technischen Einrichtungen, Ergreifen von Maßnahmen zur Sicherheit und zum Gesundheitsschutz, bei der Arbeit und zum Umweltschutz, Ergreifen von Maßnahmen zur Qualitätssicherung.']",https://www.bibb.de/dienst/berufesuche/de/index_berufesuche.php/profile/apprenticeship/170813,"Tätigkeitsfelder: Betonfertigteilbauer und Betonfertigteilbauerinnen arbeiten in Betonwerken und stellen in industriellen Prozessen Betonerzeugnisse her.; Profil: Herstellen von Betonfertigteilen und Betonwaren, Herstellen von Schalungen, Formen und Bewehrungen, Entwerfen, Herstellen und Prüfen von Betonmischungen, Gestalten und Bearbeiten von Oberflächen, Ausbessern und Instandsetzen von Betonfertigteilen, Transportieren, Lagern und Versetzen von Betonfertigteilen, Herstellen von Spannbetonfertigteilen, Verarbeiten von Betonen mit besonderen Eigenschaften und Sonderbetonen, Bedienen von Maschinen und technischen Einrichtungen, Ergreifen von Maßnahmen zur Sicherheit und zum Gesundheitsschutz, bei der Arbeit und zum Umweltschutz, Ergreifen von Maßnahmen zur Qualitätssicherung.",[],79.61476271138187,-64.27488105058559
180,,"Rohstoffgewinnung und -aufbereitung, Glas- und Keramikherstellung und -verarbeitung",IT & Technik,42,"['Feinoptiker und Feinoptikerinnen arbeiten in industriellen und handwerklichen Betrieben in der Herstellung plan', 'und rundoptischer Bauteile, zum Beispiel Prismen und Linsen, sowie der Herstellung optischer Baugruppen und Systeme. Die Produkte werden unter anderem in der Mess', 'und Vergrößerungstechnik sowie in der Halbleiterfertigung und Medizintechnik eingesetzt.']","['Manuelles und maschinelles Herstellen von plan', 'und rundoptischen Bauteilen, Auswählen und Anwenden von Fügetechniken, Reinigen von optischen Bauteilen, Baugruppen und Systemen, Anwenden von Verfahren zur Oberflächenbeschichtung, Montieren und Justieren von Bauteilen und Baugruppen zu optischen Systemen, Messen und Prüfen von optischen Bauteilen, Baugruppen und Systemen, Manuelles und maschinelles Bearbeiten von Metallen und Kunststoffen, Anwenden des Qualitätsmanagements, Planen, Steuern und Optimieren von Arbeitsprozessen, Bereitstellen von Werkstoffen und Betriebsstoffen, Bedienen und Steuern von Produktionsanlagen, Instandhalten von Betriebsmitteln, Einsetzen von Informations', 'und Kommunikationstechnologien zur betrieblichen und technischen Kommunikation, Ergreifen von Maßnahmen zum Schutz von Gesundheit und Sicherheit bei der Arbeit, Ergreifen von Maßnahmen zur Wirtschaftlichkeit, zum Umweltschutz und zur Nachhaltigkeit.']",https://www.bibb.de/dienst/berufesuche/de/index_berufesuche.php/profile/apprenticeship/feinop23,"Tätigkeitsfelder: Feinoptiker und Feinoptikerinnen arbeiten in industriellen und handwerklichen Betrieben in der Herstellung plan, und rundoptischer Bauteile, zum Beispiel Prismen und Linsen, sowie der Herstellung optischer Baugruppen und Systeme. Die Produkte werden unter anderem in der Mess, und Vergrößerungstechnik sowie in der Halbleiterfertigung und Medizintechnik eingesetzt.; Profil: Manuelles und maschinelles Herstellen von plan, und rundoptischen Bauteilen, Auswählen und Anwenden von Fügetechniken, Reinigen von optischen Bauteilen, Baugruppen und Systemen, Anwenden von Verfahren zur Oberflächenbeschichtung, Montieren und Justieren von Bauteilen und Baugruppen zu optischen Systemen, Messen und Prüfen von optischen Bauteilen, Baugruppen und Systemen, Manuelles und maschinelles Bearbeiten von Metallen und Kunststoffen, Anwenden des Qualitätsmanagements, Planen, Steuern und Optimieren von Arbeitsprozessen, Bereitstellen von Werkstoffen und Betriebsstoffen, Bedienen und Steuern von Produktionsanlagen, Instandhalten von Betriebsmitteln, Einsetzen von Informations, und Kommunikationstechnologien zur betrieblichen und technischen Kommunikation, Ergreifen von Maßnahmen zum Schutz von Gesundheit und Sicherheit bei der Arbeit, Ergreifen von Maßnahmen zur Wirtschaftlichkeit, zum Umweltschutz und zur Nachhaltigkeit.",['Manuelles und maschinelles Herstellen von plan'],120.98992392091947,-132.3928592471398
181,,"Rohstoffgewinnung und -aufbereitung, Glas- und Keramikherstellung und -verarbeitung",IT & Technik,36,[],[],https://www.bibb.de/dienst/berufesuche/de/index_berufesuche.php/profile/apprenticeship/1211101,,[],-362.29674520471417,191.99426007981612
182,,"Rohstoffgewinnung und -aufbereitung, Glas- und Keramikherstellung und -verarbeitung",IT & Technik,36,['Flachglastechnologen und Flachglastechnologinnen arbeiten in flachglasverarbeitenden Betrieben der Industrie.'],"['manuelles und maschinelles Trennen von Flachglas und Bearbeiten von Kanten, maschinelles Bearbeiten von Flachglas, insbesondere Bohren, Schleifen, Fräsen und Senken, Veredeln von Oberflächen durch Sandstrahlen, Bedrucken und Versiegeln, Fügen von Flachgläsern durch Laminieren und Kleben, thermisches Behandeln von Flachgläsern durch Vorspannen, Annehmen, Transportieren und Lagern von Flachglas, Rüsten und Instandhalten von Maschinen und Anlagen, Steuern und Regeln von automatisierten Produktions', 'und Schneidanlagen, Planen und Dokumentieren von Arbeiten, Festlegen von Arbeitsschritten sowie Kontrollieren und Bewerten von Arbeitsergebnissen, Durchführen von Qualitätskontrollen, Abstimmen von Arbeitsabläufen mit vor', 'und nachgelagerten Arbeitsbereichen.']",https://www.bibb.de/dienst/berufesuche/de/index_berufesuche.php/profile/apprenticeship/231016,"Tätigkeitsfelder: Flachglastechnologen und Flachglastechnologinnen arbeiten in flachglasverarbeitenden Betrieben der Industrie.; Profil: manuelles und maschinelles Trennen von Flachglas und Bearbeiten von Kanten, maschinelles Bearbeiten von Flachglas, insbesondere Bohren, Schleifen, Fräsen und Senken, Veredeln von Oberflächen durch Sandstrahlen, Bedrucken und Versiegeln, Fügen von Flachgläsern durch Laminieren und Kleben, thermisches Behandeln von Flachgläsern durch Vorspannen, Annehmen, Transportieren und Lagern von Flachglas, Rüsten und Instandhalten von Maschinen und Anlagen, Steuern und Regeln von automatisierten Produktions, und Schneidanlagen, Planen und Dokumentieren von Arbeiten, Festlegen von Arbeitsschritten sowie Kontrollieren und Bewerten von Arbeitsergebnissen, Durchführen von Qualitätskontrollen, Abstimmen von Arbeitsabläufen mit vor, und nachgelagerten Arbeitsbereichen.",['und nachgelagerten Arbeitsbereichen'],36.380703485433195,-41.4932323532968
183,,"Rohstoffgewinnung und -aufbereitung, Glas- und Keramikherstellung und -verarbeitung",IT & Technik,36,"['Glasapparatebauer und Glasapparatebauerinnen arbeiten in handwerklichen und industriellen Betrieben sowie in Hochschulen und anderen Forschungseinrichtungen in den Einsatzgebieten Borosilikatglas, Quarzglas und Weichglas.']","['Herstellen von Skizzen und Fertigungszeichnungen, Planen und Vorbereiten von Arbeitsabläufen, Trennen von Glaserzeugnissen, Manuelles Heißbearbeiten von Rohmaterialien und Werkstücken, Maschinelles Heißbearbeiten von Rohmaterialien und Werkstücken, Kaltbearbeiten von Rohmaterialien und Werkstücken, Herstellen von Glasapparaten, Nachbehandeln von Glasapparaten, Messen und Prüfen von Halbzeugen und Glasapparaten, Instandsetzen und Ändern von Halbzeugen und Glasapparaten, Durchführen von qualitätssichernden Maßnahmen, Einsetzen und Warten von Arbeitsmitteln, Ergreifen von Maßnahmen zum Schutz von Gesundheit und Sicherheit bei der Arbeit, Ergreifen von Maßnahmen zur Wirtschaftlichkeit, zum Umweltschutz und zur Nachhaltigkeit.']",https://www.bibb.de/dienst/berufesuche/de/index_berufesuche.php/profile/apprenticeship/glasa23,"Tätigkeitsfelder: Glasapparatebauer und Glasapparatebauerinnen arbeiten in handwerklichen und industriellen Betrieben sowie in Hochschulen und anderen Forschungseinrichtungen in den Einsatzgebieten Borosilikatglas, Quarzglas und Weichglas.; Profil: Herstellen von Skizzen und Fertigungszeichnungen, Planen und Vorbereiten von Arbeitsabläufen, Trennen von Glaserzeugnissen, Manuelles Heißbearbeiten von Rohmaterialien und Werkstücken, Maschinelles Heißbearbeiten von Rohmaterialien und Werkstücken, Kaltbearbeiten von Rohmaterialien und Werkstücken, Herstellen von Glasapparaten, Nachbehandeln von Glasapparaten, Messen und Prüfen von Halbzeugen und Glasapparaten, Instandsetzen und Ändern von Halbzeugen und Glasapparaten, Durchführen von qualitätssichernden Maßnahmen, Einsetzen und Warten von Arbeitsmitteln, Ergreifen von Maßnahmen zum Schutz von Gesundheit und Sicherheit bei der Arbeit, Ergreifen von Maßnahmen zur Wirtschaftlichkeit, zum Umweltschutz und zur Nachhaltigkeit.",[],69.07045478420923,-26.764504327479848
184,,"Rohstoffgewinnung und -aufbereitung, Glas- und Keramikherstellung und -verarbeitung",IT & Technik,36,[],[],https://www.bibb.de/dienst/berufesuche/de/index_berufesuche.php/profile/apprenticeship/1322101,,[],-362.29674520471417,191.99426007981612
185,,"Rohstoffgewinnung und -aufbereitung, Glas- und Keramikherstellung und -verarbeitung",IT & Technik,36,"['Industriekeramiker / Industriekeramikerinnen Anlagentechnik führen ihre Tätigkeiten zur Herstellung von Porzellan, Gebrauchs', 'und Zierkeramik, Baukeramik, Feuerfestkeramik, Sanitärkeramik und Technischer Keramik in Werk', 'und Produktionsstätten der Keramik', 'und Porzellanindustrie durch.']","['Kundenorientiertes und kostenbewusstes Arbeiten, selbständiges und teamorientiertes Planen und Organisieren der Arbeit unter Anwendnung von Informations', 'und Kommunikationsmitteln, Be', ', Verarbeiten und Prüfen von keramischen Werkstoffen, Gips und Kunststoffen auf der Grundlage technischer Unterlagen und Fertigungsvorschriften, Warten und Pflegen der Betriebsmittel sowie der Mess', 'und Prüfmittel, Bedienen von Maschinen und Anlagen zur Aufbereitung, Formgebung, Veredlung und Endbearbeitung keramischer Produkte, Bedienen von Trocknungs', 'und Brennanlagen, Anwenden von Mess', ', Steuer', 'und Regelungstechniken, Erkennen von Maschinen', 'und Anlagenstörungen sowie Fertigungsfehlern und Ergreifen von Maßnahmen zur Fehlerbeseitigung, Instandhalten der Maschinen und Anlagen, Anwenden der Grundfertigkeiten der Metallbearbeitung, Warten und Pflegen der Betriebsmittel, Prüfen und Dokumentieren der Arbeitsergebnisse unter Labor', 'und Produktionsbedingungen nach verschiedenen Prüfverfahren, Beachten der Vorschriften des Umweltschutzes, der Arbeitssicherheit, des Gesundheitsschutzes und der Qualitätssicherung.']",https://www.bibb.de/dienst/berufesuche/de/index_berufesuche.php/profile/apprenticeship/87iu9anl,"Tätigkeitsfelder: Industriekeramiker / Industriekeramikerinnen Anlagentechnik führen ihre Tätigkeiten zur Herstellung von Porzellan, Gebrauchs, und Zierkeramik, Baukeramik, Feuerfestkeramik, Sanitärkeramik und Technischer Keramik in Werk, und Produktionsstätten der Keramik, und Porzellanindustrie durch.; Profil: Kundenorientiertes und kostenbewusstes Arbeiten, selbständiges und teamorientiertes Planen und Organisieren der Arbeit unter Anwendnung von Informations, und Kommunikationsmitteln, Be, , Verarbeiten und Prüfen von keramischen Werkstoffen, Gips und Kunststoffen auf der Grundlage technischer Unterlagen und Fertigungsvorschriften, Warten und Pflegen der Betriebsmittel sowie der Mess, und Prüfmittel, Bedienen von Maschinen und Anlagen zur Aufbereitung, Formgebung, Veredlung und Endbearbeitung keramischer Produkte, Bedienen von Trocknungs, und Brennanlagen, Anwenden von Mess, , Steuer, und Regelungstechniken, Erkennen von Maschinen, und Anlagenstörungen sowie Fertigungsfehlern und Ergreifen von Maßnahmen zur Fehlerbeseitigung, Instandhalten der Maschinen und Anlagen, Anwenden der Grundfertigkeiten der Metallbearbeitung, Warten und Pflegen der Betriebsmittel, Prüfen und Dokumentieren der Arbeitsergebnisse unter Labor, und Produktionsbedingungen nach verschiedenen Prüfverfahren, Beachten der Vorschriften des Umweltschutzes, der Arbeitssicherheit, des Gesundheitsschutzes und der Qualitätssicherung.","['und Produktionsstätten der Keramik', 'und Porzellanindustrie durch', 'und Kommunikationsmitteln Be', 'und Brennanlagen Anwenden von Mess', 'Steuer', 'und Regelungstechniken Erkennen von Maschinen']",109.368579344744,-170.0507224223609
186,,"Rohstoffgewinnung und -aufbereitung, Glas- und Keramikherstellung und -verarbeitung",IT & Technik,36,"['Industriekeramiker / Industriekeramikerinnen Modelltechnik führen ihre Tätigkeiten zur Herstellung von Porzellan, Gebrauchs', 'und Zierkeramik, Baukeramik, Feuerfestkeramik, Sanitärkeramik und Technischer Keramik in Werk', 'und Produktionsstätten der Keramik', 'und Porzellanindustrie durch.']","['Kundenorientiertes und kostenbewusstes Arbeiten, selbständiges und teamorientiertes Planen und Organisieren der Arbeit unter Anwendnung von Informations', 'und Kommunikationsmitteln, Be', ', Verarbeiten und Prüfen von keramischen Werkstoffen, Gips und Kunststoffen auf der Grundlage technischer Unterlagen und Fertigungsvorschriften, Warten und Pflegen der Betriebsmittel sowie der Mess', 'und Prüfmittel, Anfertigen von Entwürfen und Zeichnungen unter Beachtung gestalterischer Grundlagen für die Herstellung keramischer Produkte, Anfertigen von Modellen und Einrichtungen für die Formenherstellung, Überwachen des Produktionsentwicklungsprozesses und des gesamten Produktionsablaufs, Durchführen von qualitätserhöhenden und qualitätssichernden Maßnahmen für die entwickelten Produkte im ganzen Fertigungsablauf bis zum verkaufsfähigen Zustand, Beachten der Vorschriften des Umweltschutzes, der Arbeitssicherheit, des Gesundheitsschutzes und der Qualitätssicherung.']",https://www.bibb.de/dienst/berufesuche/de/index_berufesuche.php/profile/apprenticeship/zt657mod,"Tätigkeitsfelder: Industriekeramiker / Industriekeramikerinnen Modelltechnik führen ihre Tätigkeiten zur Herstellung von Porzellan, Gebrauchs, und Zierkeramik, Baukeramik, Feuerfestkeramik, Sanitärkeramik und Technischer Keramik in Werk, und Produktionsstätten der Keramik, und Porzellanindustrie durch.; Profil: Kundenorientiertes und kostenbewusstes Arbeiten, selbständiges und teamorientiertes Planen und Organisieren der Arbeit unter Anwendnung von Informations, und Kommunikationsmitteln, Be, , Verarbeiten und Prüfen von keramischen Werkstoffen, Gips und Kunststoffen auf der Grundlage technischer Unterlagen und Fertigungsvorschriften, Warten und Pflegen der Betriebsmittel sowie der Mess, und Prüfmittel, Anfertigen von Entwürfen und Zeichnungen unter Beachtung gestalterischer Grundlagen für die Herstellung keramischer Produkte, Anfertigen von Modellen und Einrichtungen für die Formenherstellung, Überwachen des Produktionsentwicklungsprozesses und des gesamten Produktionsablaufs, Durchführen von qualitätserhöhenden und qualitätssichernden Maßnahmen für die entwickelten Produkte im ganzen Fertigungsablauf bis zum verkaufsfähigen Zustand, Beachten der Vorschriften des Umweltschutzes, der Arbeitssicherheit, des Gesundheitsschutzes und der Qualitätssicherung.","['und Produktionsstätten der Keramik', 'und Porzellanindustrie durch', 'und Kommunikationsmitteln Be']",40.135586973305024,-100.42069847027052
187,,"Rohstoffgewinnung und -aufbereitung, Glas- und Keramikherstellung und -verarbeitung",IT & Technik,36,"['Industriekeramiker / Industriekeramikerinnen Verfahrenstechnik führen ihre Tätigkeiten zur Herstellung von Porzellan, Gebrauchs', 'und Zierkeramik, Baukeramik, Feuerfestkeramik, Sanitärkeramik und Technischer Keramik in Werk', 'und Produktionsstätten der Keramik', 'und Porzellanindustrie durch.']","['Kundenorientiertes und kostenbewusstes Arbeiten, selbständiges und teamorientiertes Planen und Organisieren der Arbeit unter Anwendnung von Informations', 'und Kommunikationsmitteln, Be', ', Verarbeiten und Prüfen von keramischen Werkstoffen, Gips und Kunststoffen auf der Grundlage technischer Unterlagen und Fertigungsvorschriften, Warten und Pflegen der Betriebsmittel sowie der Mess', 'und Prüfmittel, Herstellen keramischer Massen und Glasuren zur Produktion und Prüfen dieser auf ihre Eignung für den weiteren Prozess, Fertigen von Einrichtungen für die Formenherstellung und Gießen von Arbeitsformen aus Gips, Formen keramischer Massen z. B. durch Gießen, Drehen, Pressen, Glasieren und Dekorieren von keramischen Produkten, Trocknen und Brennen keramischer Rohlinge, Steuern und Überwachen des Produktionsprozesses, Durchführen von qualitätserhöhenden und qualitätssichernden Maßnahmen für die hergestellten Produkte im ganzen Fertigungsablauf, Beachten der Vorschriften des Umweltschutzes, der Arbeitssicherheit, des Gesundheitsschutzes und der Qualitätssicherung.']",https://www.bibb.de/dienst/berufesuche/de/index_berufesuche.php/profile/apprenticeship/sd34wver,"Tätigkeitsfelder: Industriekeramiker / Industriekeramikerinnen Verfahrenstechnik führen ihre Tätigkeiten zur Herstellung von Porzellan, Gebrauchs, und Zierkeramik, Baukeramik, Feuerfestkeramik, Sanitärkeramik und Technischer Keramik in Werk, und Produktionsstätten der Keramik, und Porzellanindustrie durch.; Profil: Kundenorientiertes und kostenbewusstes Arbeiten, selbständiges und teamorientiertes Planen und Organisieren der Arbeit unter Anwendnung von Informations, und Kommunikationsmitteln, Be, , Verarbeiten und Prüfen von keramischen Werkstoffen, Gips und Kunststoffen auf der Grundlage technischer Unterlagen und Fertigungsvorschriften, Warten und Pflegen der Betriebsmittel sowie der Mess, und Prüfmittel, Herstellen keramischer Massen und Glasuren zur Produktion und Prüfen dieser auf ihre Eignung für den weiteren Prozess, Fertigen von Einrichtungen für die Formenherstellung und Gießen von Arbeitsformen aus Gips, Formen keramischer Massen z. B. durch Gießen, Drehen, Pressen, Glasieren und Dekorieren von keramischen Produkten, Trocknen und Brennen keramischer Rohlinge, Steuern und Überwachen des Produktionsprozesses, Durchführen von qualitätserhöhenden und qualitätssichernden Maßnahmen für die hergestellten Produkte im ganzen Fertigungsablauf, Beachten der Vorschriften des Umweltschutzes, der Arbeitssicherheit, des Gesundheitsschutzes und der Qualitätssicherung.","['und Produktionsstätten der Keramik', 'und Porzellanindustrie durch', 'und Kommunikationsmitteln Be']",30.992538903630145,-108.43456622089661
188,,"Rohstoffgewinnung und -aufbereitung, Glas- und Keramikherstellung und -verarbeitung",IT & Technik,36,[],[],https://www.bibb.de/dienst/berufesuche/de/index_berufesuche.php/profile/apprenticeship/1343101,,[],-362.29674520471417,191.99426007981612
189,,"Rohstoffgewinnung und -aufbereitung, Glas- und Keramikherstellung und -verarbeitung",IT & Technik,36,"['Beschäftigung finden Steinmetz und Steinbildhauer und Steinmetzin und Steinbildhauerin vor allem in steinver', 'und bearbeitenden Betrieben, z. B. in Steinmetzbetrieben.']","['Herstellen und Gestalten von Formen, Modellen, Schriften, Reliefs und Skulpturen, Instandsetzen und Restaurieren von Bildhauerarbeiten, Be', 'und Verarbeiten von Naturwerksteinen, künstlichen Steinen und Platten, Herstellen von Bauteilen aus Naturwerksteinen und künstlichen Steinen, Verlegen von Platten und Fliesen, Versetzen von Werkstücken, Herstellen von Profilen, Herstellen von eingesetzten Flächen und Einlegearbeiten, Verlegen von Bodenbelägen und Versetzen von Treppen, Versetzen von Bauteilen und Montieren von Fassaden, Herstellen, Gestalten und Versetzen von Denkmalen, Einsetzen von programmierbaren Maschinen, Handhaben und Warten von Werkzeugen, Geräten, Maschinen und technischen Anlagen, Be', 'und Verarbeiten von Metallen, Kunststoffen und Hilfsstoffen, Selbständiges und kundenorientiertes Durchführen der Arbeiten auf der Grundlage von technischen Unterlagen und von Arbeitsaufträgen allein, im Team und in Kooperation mit anderen Gewerken, Planen und Koordinieren der Arbeit, Anfertigen und Anwenden von technischen Unterlagen, Einrichten von Arbeitsplätzen und Aufbauen von Gerüsten, Ergreifen von Maßnahmen zur Sicherheit und zum Gesundheitsschutz bei der Arbeit sowie zum Umweltschutz, Prüfen der Arbeiten auf fehlerfreie Ausführung, Dokumentieren der Arbeiten, Durchführen von Messungen und Dokumentieren der Ergebnisse Durchführen von qualitätssichernden Maßnahmen und Berechnen der erbrachten Leistung.']",https://www.bibb.de/dienst/berufesuche/de/index_berufesuche.php/profile/apprenticeship/101016,"Tätigkeitsfelder: Beschäftigung finden Steinmetz und Steinbildhauer und Steinmetzin und Steinbildhauerin vor allem in steinver, und bearbeitenden Betrieben, z. B. in Steinmetzbetrieben.; Profil: Herstellen und Gestalten von Formen, Modellen, Schriften, Reliefs und Skulpturen, Instandsetzen und Restaurieren von Bildhauerarbeiten, Be, und Verarbeiten von Naturwerksteinen, künstlichen Steinen und Platten, Herstellen von Bauteilen aus Naturwerksteinen und künstlichen Steinen, Verlegen von Platten und Fliesen, Versetzen von Werkstücken, Herstellen von Profilen, Herstellen von eingesetzten Flächen und Einlegearbeiten, Verlegen von Bodenbelägen und Versetzen von Treppen, Versetzen von Bauteilen und Montieren von Fassaden, Herstellen, Gestalten und Versetzen von Denkmalen, Einsetzen von programmierbaren Maschinen, Handhaben und Warten von Werkzeugen, Geräten, Maschinen und technischen Anlagen, Be, und Verarbeiten von Metallen, Kunststoffen und Hilfsstoffen, Selbständiges und kundenorientiertes Durchführen der Arbeiten auf der Grundlage von technischen Unterlagen und von Arbeitsaufträgen allein, im Team und in Kooperation mit anderen Gewerken, Planen und Koordinieren der Arbeit, Anfertigen und Anwenden von technischen Unterlagen, Einrichten von Arbeitsplätzen und Aufbauen von Gerüsten, Ergreifen von Maßnahmen zur Sicherheit und zum Gesundheitsschutz bei der Arbeit sowie zum Umweltschutz, Prüfen der Arbeiten auf fehlerfreie Ausführung, Dokumentieren der Arbeiten, Durchführen von Messungen und Dokumentieren der Ergebnisse Durchführen von qualitätssichernden Maßnahmen und Berechnen der erbrachten Leistung.",[],329.4799733480973,-225.94011796149965
190,,"Rohstoffgewinnung und -aufbereitung, Glas- und Keramikherstellung und -verarbeitung",IT & Technik,36,[],[],https://www.bibb.de/dienst/berufesuche/de/index_berufesuche.php/profile/apprenticeship/1342301,,[],-362.29674520471417,191.99426007981612
191,,"Rohstoffgewinnung und -aufbereitung, Glas- und Keramikherstellung und -verarbeitung",IT & Technik,36,"['Beschäftigungsmöglichkeiten finden Verfahrensmechaniker/innen Glastechnik in der Glasindustrie z.B. bei Hohlglas', ', Flachglas', 'oder Glasfaserherstellern.']","['Sichern des Materialflusses durch Bereitstellen und Lagern von Betriebsmitteln, Hilfsstoffen und Produktionserzeugnissen', 'Überwachen, Steuern und Regeln von Produktionsprozessen und', 'anlagen der Glasschmelze und Formgebung selbstständig und im Team, Anwenden von Methoden der Fertigungskontrolle, Verarbeiten und Veredeln von Glas und Glasprodukten durch verschiedene Verfahren, z. B. durch Abtragen, Trennen, Fügen, Umformen, Beschichten und Ändern der Glaseigenschaften, Feststellen von Fehlern und Störungen im Produktionsablauf, Eingrenzen der Fehler und Ergreifen von Maßnahmen zu deren Beseitigung selbstständig und im Team, Außerbetriebsetzen von Maschinen und Anlagen der Glasindustrie (insbesondere bei Produktionswechseln) selbstständig und im Team insbesondere bei Produktionswechseln, Umrüsten und Inbetriebnahme von Maschinen und Anlagen, Durchführen von Instandhaltungsarbeiten an Maschinen und Anlagen, Handhaben von Produktionsprotokollen und Produktionsablaufplänen, Dokumentieren der Betriebsdaten zur Produktions', 'und Prozesssteuerung im Rahmen der Technischen Kommunikation, Anwenden von Methoden des Qualitätsmanagements, Sichern der Zusammenarbeit im gesamten Prozessablauf durch kontinuierliche Kommunikation und Kooperation zwischen den Arbeitsbereichen die Zusammenarbeit, Berücksichtigung des Umwelt', 'und Gesundheitsschutzes.']",https://www.bibb.de/dienst/berufesuche/de/index_berufesuche.php/profile/apprenticeship/1321102,"Tätigkeitsfelder: Beschäftigungsmöglichkeiten finden Verfahrensmechaniker/innen Glastechnik in der Glasindustrie z.B. bei Hohlglas, , Flachglas, oder Glasfaserherstellern.; Profil: Sichern des Materialflusses durch Bereitstellen und Lagern von Betriebsmitteln, Hilfsstoffen und Produktionserzeugnissen, Überwachen, Steuern und Regeln von Produktionsprozessen und, anlagen der Glasschmelze und Formgebung selbstständig und im Team, Anwenden von Methoden der Fertigungskontrolle, Verarbeiten und Veredeln von Glas und Glasprodukten durch verschiedene Verfahren, z. B. durch Abtragen, Trennen, Fügen, Umformen, Beschichten und Ändern der Glaseigenschaften, Feststellen von Fehlern und Störungen im Produktionsablauf, Eingrenzen der Fehler und Ergreifen von Maßnahmen zu deren Beseitigung selbstständig und im Team, Außerbetriebsetzen von Maschinen und Anlagen der Glasindustrie (insbesondere bei Produktionswechseln) selbstständig und im Team insbesondere bei Produktionswechseln, Umrüsten und Inbetriebnahme von Maschinen und Anlagen, Durchführen von Instandhaltungsarbeiten an Maschinen und Anlagen, Handhaben von Produktionsprotokollen und Produktionsablaufplänen, Dokumentieren der Betriebsdaten zur Produktions, und Prozesssteuerung im Rahmen der Technischen Kommunikation, Anwenden von Methoden des Qualitätsmanagements, Sichern der Zusammenarbeit im gesamten Prozessablauf durch kontinuierliche Kommunikation und Kooperation zwischen den Arbeitsbereichen die Zusammenarbeit, Berücksichtigung des Umwelt, und Gesundheitsschutzes.","['Flachglas', 'oder Glasfaserherstellern', 'und Gesundheitsschutzes']",-2.1464411168845627,-67.67045649902718
192,,"Rohstoffgewinnung und -aufbereitung, Glas- und Keramikherstellung und -verarbeitung",IT & Technik,36,[],[],https://www.bibb.de/dienst/berufesuche/de/index_berufesuche.php/profile/apprenticeship/86854849,,[],-362.29674520471417,191.99426007981612
193,,"Rohstoffgewinnung und -aufbereitung, Glas- und Keramikherstellung und -verarbeitung",IT & Technik,36,"['Ihren Arbeitsplatz haben Verfahrensmechaniker/innen in der Steine', 'und Erdenindustrie der Fachrichtung Baustoffe vor allem in Zement', ', Kalk', 'oder Gipswerken.']","['Überwachen, Steuern und Regeln von Fertigungsanlagen, Durchführen von Maßnahmen zur Qualitätssicherung und Instandhalten von Betriebseinrichtungen, Bedienen und Überwachen von Steinbruchaggregaten und Förderanlagen in Steinbrüchen, Entnehmen von Materialproben bzw. Überwachen von automatischen Probenahmeinrichtungen und Weiterleiten der Proben an das Materiallabor, Überwachen und Steuern der Brennaggregate und Mahlanlagen für die Herstellung hydraulischer Bindemittel (Zement, Kalk, Dolomit, Gips), Auswerten von Meßdaten und korrigierendes Eingreifen in den Produktionsprozeß anhand von Meßdaten und Analyseergebnissen, Durchführen von betriebliche Reinigungs', 'und Wartungsarbeiten auf Kontrollgängen, Durchführen von Instandhaltungsmaßnahmen bei Bedarf bzw. Weitergeben von Fehlermeldungen an die Instandhaltung, Bedienen von Abfüll', 'und Palettieranlagen für Sackware bzw. Wäge', 'und Beladeeinrichtungen für die Befüllung von Silofahrzeugen mit Loseware.']",https://www.bibb.de/dienst/berufesuche/de/index_berufesuche.php/profile/apprenticeship/67zu5869,"Tätigkeitsfelder: Ihren Arbeitsplatz haben Verfahrensmechaniker/innen in der Steine, und Erdenindustrie der Fachrichtung Baustoffe vor allem in Zement, , Kalk, oder Gipswerken.; Profil: Überwachen, Steuern und Regeln von Fertigungsanlagen, Durchführen von Maßnahmen zur Qualitätssicherung und Instandhalten von Betriebseinrichtungen, Bedienen und Überwachen von Steinbruchaggregaten und Förderanlagen in Steinbrüchen, Entnehmen von Materialproben bzw. Überwachen von automatischen Probenahmeinrichtungen und Weiterleiten der Proben an das Materiallabor, Überwachen und Steuern der Brennaggregate und Mahlanlagen für die Herstellung hydraulischer Bindemittel (Zement, Kalk, Dolomit, Gips), Auswerten von Meßdaten und korrigierendes Eingreifen in den Produktionsprozeß anhand von Meßdaten und Analyseergebnissen, Durchführen von betriebliche Reinigungs, und Wartungsarbeiten auf Kontrollgängen, Durchführen von Instandhaltungsmaßnahmen bei Bedarf bzw. Weitergeben von Fehlermeldungen an die Instandhaltung, Bedienen von Abfüll, und Palettieranlagen für Sackware bzw. Wäge, und Beladeeinrichtungen für die Befüllung von Silofahrzeugen mit Loseware.","['Kalk', 'oder Gipswerken', 'und Palettieranlagen für Sackware bzw Wäge']",-60.94546093377314,-14.535982612996255
194,,"Rohstoffgewinnung und -aufbereitung, Glas- und Keramikherstellung und -verarbeitung",IT & Technik,36,"['Ihren Arbeitsplatz haben Verfahrensmechaniker/innen in der Steine', 'und Erdenindustrie der Fachrichtung Baustoffe vor allem in Zement', ', Kalk', 'oder Gipswerken.']","['Überwachen, Steuern und Regeln von Fertigungsanlagen, Durchführen von Maßnahmen zur Qualitätssicherung und Instandhalten von Betriebseinrichtungen, Bedienen und Überwachen von Steinbruchaggregaten und Förderanlagen in Steinbrüchen, Entnehmen von Materialproben bzw. Überwachen von automatischen Probenahmeinrichtungen und Weiterleiten der Proben an das Materiallabor, Überwachen und Steuern der Brennaggregate und Mahlanlagen für die Herstellung hydraulischer Bindemittel (Zement, Kalk, Dolomit, Gips), Auswerten von Meßdaten und korrigierendes Eingreifen in den Produktionsprozeß anhand von Meßdaten und Analyseergebnissen, Durchführen von betriebliche Reinigungs', 'und Wartungsarbeiten auf Kontrollgängen, Durchführen von Instandhaltungsmaßnahmen bei Bedarf bzw. Weitergeben von Fehlermeldungen an die Instandhaltung, Bedienen von Abfüll', 'und Palettieranlagen für Sackware bzw. Wäge', 'und Beladeeinrichtungen für die Befüllung von Silofahrzeugen mit Loseware.']",https://www.bibb.de/dienst/berufesuche/de/index_berufesuche.php/profile/apprenticeship/67zu5869,"Tätigkeitsfelder: Ihren Arbeitsplatz haben Verfahrensmechaniker/innen in der Steine, und Erdenindustrie der Fachrichtung Baustoffe vor allem in Zement, , Kalk, oder Gipswerken.; Profil: Überwachen, Steuern und Regeln von Fertigungsanlagen, Durchführen von Maßnahmen zur Qualitätssicherung und Instandhalten von Betriebseinrichtungen, Bedienen und Überwachen von Steinbruchaggregaten und Förderanlagen in Steinbrüchen, Entnehmen von Materialproben bzw. Überwachen von automatischen Probenahmeinrichtungen und Weiterleiten der Proben an das Materiallabor, Überwachen und Steuern der Brennaggregate und Mahlanlagen für die Herstellung hydraulischer Bindemittel (Zement, Kalk, Dolomit, Gips), Auswerten von Meßdaten und korrigierendes Eingreifen in den Produktionsprozeß anhand von Meßdaten und Analyseergebnissen, Durchführen von betriebliche Reinigungs, und Wartungsarbeiten auf Kontrollgängen, Durchführen von Instandhaltungsmaßnahmen bei Bedarf bzw. Weitergeben von Fehlermeldungen an die Instandhaltung, Bedienen von Abfüll, und Palettieranlagen für Sackware bzw. Wäge, und Beladeeinrichtungen für die Befüllung von Silofahrzeugen mit Loseware.","['Kalk', 'oder Gipswerken', 'und Palettieranlagen für Sackware bzw Wäge']",-60.94546093377314,-14.535982612996255
195,,"Rohstoffgewinnung und -aufbereitung, Glas- und Keramikherstellung und -verarbeitung",IT & Technik,36,"['Ihren Arbeitsplatz haben Verfahrensmechaniker/innen in der Steine', 'und Erdenindustrie der Fachrichtung Baustoffe vor allem in Zement', ', Kalk', 'oder Gipswerken.']","['Überwachen, Steuern und Regeln von Fertigungsanlagen, Durchführen von Maßnahmen zur Qualitätssicherung und Instandhalten von Betriebseinrichtungen, Bedienen und Überwachen von Steinbruchaggregaten und Förderanlagen in Steinbrüchen, Entnehmen von Materialproben bzw. Überwachen von automatischen Probenahmeinrichtungen und Weiterleiten der Proben an das Materiallabor, Überwachen und Steuern der Brennaggregate und Mahlanlagen für die Herstellung hydraulischer Bindemittel (Zement, Kalk, Dolomit, Gips), Auswerten von Meßdaten und korrigierendes Eingreifen in den Produktionsprozeß anhand von Meßdaten und Analyseergebnissen, Durchführen von betriebliche Reinigungs', 'und Wartungsarbeiten auf Kontrollgängen, Durchführen von Instandhaltungsmaßnahmen bei Bedarf bzw. Weitergeben von Fehlermeldungen an die Instandhaltung, Bedienen von Abfüll', 'und Palettieranlagen für Sackware bzw. Wäge', 'und Beladeeinrichtungen für die Befüllung von Silofahrzeugen mit Loseware.']",https://www.bibb.de/dienst/berufesuche/de/index_berufesuche.php/profile/apprenticeship/67zu5869,"Tätigkeitsfelder: Ihren Arbeitsplatz haben Verfahrensmechaniker/innen in der Steine, und Erdenindustrie der Fachrichtung Baustoffe vor allem in Zement, , Kalk, oder Gipswerken.; Profil: Überwachen, Steuern und Regeln von Fertigungsanlagen, Durchführen von Maßnahmen zur Qualitätssicherung und Instandhalten von Betriebseinrichtungen, Bedienen und Überwachen von Steinbruchaggregaten und Förderanlagen in Steinbrüchen, Entnehmen von Materialproben bzw. Überwachen von automatischen Probenahmeinrichtungen und Weiterleiten der Proben an das Materiallabor, Überwachen und Steuern der Brennaggregate und Mahlanlagen für die Herstellung hydraulischer Bindemittel (Zement, Kalk, Dolomit, Gips), Auswerten von Meßdaten und korrigierendes Eingreifen in den Produktionsprozeß anhand von Meßdaten und Analyseergebnissen, Durchführen von betriebliche Reinigungs, und Wartungsarbeiten auf Kontrollgängen, Durchführen von Instandhaltungsmaßnahmen bei Bedarf bzw. Weitergeben von Fehlermeldungen an die Instandhaltung, Bedienen von Abfüll, und Palettieranlagen für Sackware bzw. Wäge, und Beladeeinrichtungen für die Befüllung von Silofahrzeugen mit Loseware.","['Kalk', 'oder Gipswerken', 'und Palettieranlagen für Sackware bzw Wäge']",-60.94546093377314,-14.535982612996255
196,,"Rohstoffgewinnung und -aufbereitung, Glas- und Keramikherstellung und -verarbeitung",IT & Technik,36,"['Werksteinhersteller und Werksteinherstellerinnen stellen überwiegend in Betrieben des Betonstein', 'und Terrazzoherstellerhandwerks Betonwerksteine, Naturwerksteine und Werksteine aus künstlichen Materialien her und bearbeiten, verlegen und versetzen diese. Werksteinhersteller/', 'innen arbeiten auch in Betonfertigteilwerken und in der Steine', 'und Erdenindustrie.']","['technische Unterlagen anfertigen und anwenden, Schalungen und Formen herstellen und einsetzen, Bewehrungen und Verstärkungen herstellen und einbauen, Betone, Vorsatzbetone und Mörtel herstellen und prüfen, Betonwerksteine, Naturwerksteine und Werksteine aus künstlichen Materialien planen, herstellen und bearbeiten, Abdichtungen, Dämmungen und Schallschutz herstellen, Betonwerksteine, Naturwerksteine und Werksteine aus künstlichen Materialien transportieren, montieren, verlegen, versetzen und verankern, Befestigungen herstellen und montieren, Oberflächen von Betonwerksteinen, Naturwerksteinen und Werksteinen aus künstlichen Materialien gestalten und behandeln, Platten aus künstlichen Werksteinen, Betonwerksteinen, Fliesen und Naturwerksteinen be', 'und verarbeiten sowie verlegen, Terrazzoböden und zementgebundene geschliffene Böden planen, herstellen, verlegen, bearbeiten und behandeln, Betonwerksteine, Naturwerksteine, Werksteine aus künstlichen Materialien und Terrazzi instandsetzen, mit Gefahrstoffen umgehen, Informations', 'und Kommunikationstechniken anwenden, Arbeitsabläufe planen und vorbereiten, Werkzeuge, Geräte, Maschinen und technische Einrichtungen bedienen, reinigen, pflegen und warten, qualitätssichernde Maßnahmen durchführen, Dokumentation vornehmen, Kundenorientierung beachten.']",https://www.bibb.de/dienst/berufesuche/de/index_berufesuche.php/profile/apprenticeship/240813,"Tätigkeitsfelder: Werksteinhersteller und Werksteinherstellerinnen stellen überwiegend in Betrieben des Betonstein, und Terrazzoherstellerhandwerks Betonwerksteine, Naturwerksteine und Werksteine aus künstlichen Materialien her und bearbeiten, verlegen und versetzen diese. Werksteinhersteller/, innen arbeiten auch in Betonfertigteilwerken und in der Steine, und Erdenindustrie.; Profil: technische Unterlagen anfertigen und anwenden, Schalungen und Formen herstellen und einsetzen, Bewehrungen und Verstärkungen herstellen und einbauen, Betone, Vorsatzbetone und Mörtel herstellen und prüfen, Betonwerksteine, Naturwerksteine und Werksteine aus künstlichen Materialien planen, herstellen und bearbeiten, Abdichtungen, Dämmungen und Schallschutz herstellen, Betonwerksteine, Naturwerksteine und Werksteine aus künstlichen Materialien transportieren, montieren, verlegen, versetzen und verankern, Befestigungen herstellen und montieren, Oberflächen von Betonwerksteinen, Naturwerksteinen und Werksteinen aus künstlichen Materialien gestalten und behandeln, Platten aus künstlichen Werksteinen, Betonwerksteinen, Fliesen und Naturwerksteinen be, und verarbeiten sowie verlegen, Terrazzoböden und zementgebundene geschliffene Böden planen, herstellen, verlegen, bearbeiten und behandeln, Betonwerksteine, Naturwerksteine, Werksteine aus künstlichen Materialien und Terrazzi instandsetzen, mit Gefahrstoffen umgehen, Informations, und Kommunikationstechniken anwenden, Arbeitsabläufe planen und vorbereiten, Werkzeuge, Geräte, Maschinen und technische Einrichtungen bedienen, reinigen, pflegen und warten, qualitätssichernde Maßnahmen durchführen, Dokumentation vornehmen, Kundenorientierung beachten.",['und Erdenindustrie'],-84.19454678762717,8.456874454029597
197,,"Schutz-, Sicherheits- und Überwachungsberufe",IT & Technik,36,"['Fachangestellte für Bäderbetriebe arbeiten in privaten oder öffentlichen Badeeinrichtungen: in Frei', ', Hallen, See', 'und Strandbädern, in Kur', 'und Freizeitbädern.']","['Beaufsichtigen des Badebetriebs und der Badegäste, insbesondere unmittelbar im Badebereich, Erkennen von Notfällen, Retten von Menschen aus dem Wasser oder Einleiten von Wasserrettungsmaßnahmen, Sichern der Lebensfunktionen verunglückter Personen, z. B. durch Wiederbelebung und Durchführen von Maßnahmen zur Ersten Hilfe, Betreuen und Beraten von Badegästen und Anbieten von Sport', 'und Spielarrangements, Erteilen von theoretischem und praktischem Schwimmunterricht, Sichern von Betriebsabläufen bädertechnischer Anlagen und Steuern der Prozessabläufe zur Wasseraufbereitung, Anwenden von Notfallplänen bei Betriebsstörungen und Einleiten von Maßnahmen zur Störungsbeseitigung, Pflegen und Warten von Anlagen bäder', 'und freizeittechnischer Einrichtungen, Anwenden einschlägiger Rechts', 'und Verwaltungsvorschriften, Ausführen von Verwaltungsarbeiten im Badebetrieb und Mitwirken bei Aufgaben der Öffentlichkeitsarbeit, Beaufsichtigung und Beteiligung bei Reinigungs', 'und Desinfektionsarbeiten, Aufrechterhaltung der Betriebssicherheit, Messen physikalischer und chemischer Größen.']",https://www.bibb.de/dienst/berufesuche/de/index_berufesuche.php/profile/apprenticeship/8762101,"Tätigkeitsfelder: Fachangestellte für Bäderbetriebe arbeiten in privaten oder öffentlichen Badeeinrichtungen: in Frei, , Hallen, See, und Strandbädern, in Kur, und Freizeitbädern.; Profil: Beaufsichtigen des Badebetriebs und der Badegäste, insbesondere unmittelbar im Badebereich, Erkennen von Notfällen, Retten von Menschen aus dem Wasser oder Einleiten von Wasserrettungsmaßnahmen, Sichern der Lebensfunktionen verunglückter Personen, z. B. durch Wiederbelebung und Durchführen von Maßnahmen zur Ersten Hilfe, Betreuen und Beraten von Badegästen und Anbieten von Sport, und Spielarrangements, Erteilen von theoretischem und praktischem Schwimmunterricht, Sichern von Betriebsabläufen bädertechnischer Anlagen und Steuern der Prozessabläufe zur Wasseraufbereitung, Anwenden von Notfallplänen bei Betriebsstörungen und Einleiten von Maßnahmen zur Störungsbeseitigung, Pflegen und Warten von Anlagen bäder, und freizeittechnischer Einrichtungen, Anwenden einschlägiger Rechts, und Verwaltungsvorschriften, Ausführen von Verwaltungsarbeiten im Badebetrieb und Mitwirken bei Aufgaben der Öffentlichkeitsarbeit, Beaufsichtigung und Beteiligung bei Reinigungs, und Desinfektionsarbeiten, Aufrechterhaltung der Betriebssicherheit, Messen physikalischer und chemischer Größen.","['Hallen See', 'und Strandbädern in Kur', 'und Freizeitbädern']",-16.428023650383807,-22.75853250426006
198,,"Schutz-, Sicherheits- und Überwachungsberufe",IT & Technik,36,"['Fachkräfte für Schutz und Sicherheit arbeiten in Unternehmen der Sicherheitsbranche sowie in verschiedenen Bereichen der Unternehmenssicherheit, des öffentlichen Dienstes und der Verkehrswirtschaft.']","['Planen und Durchführen von Maßnahmen der Sicherung und präventiven Gefahrenabwehr, Analysieren der Gefährdungspotenziale, Entwickeln und Einleiten von Sicherungsmaßnahmen, Überprüfen und Überwachen der Einhaltung objektbezogener Schutz', 'und Sicherheitsvorschriften, insbesondere von Arbeitsschutz, Brandschutz, Umweltschutz und Datenschutz, Beobachten der Branchenentwicklung und Bewerten der Auswirkungen auf das betriebliche Leistungsangebot, Mitwirken bei der Angebotserstellung und Auftragsbearbeitung, Ermitteln, Aufklären und Dokumentieren von sicherheitsrelevanten Sachverhalten, Überprüfen der ordnungsgemäßen Funktion von Schutz', 'und Sicherheitseinrichtungen und Einleiten von Maßnahmen bei Mängeln, Identifizieren der Wirkungsweise und Gefährdungspotenziale von Waffen, gefährlichen Gegenständen und Stoffen, situations', 'und personenbezogenes Verhalten und Handeln bei Schutz', 'und Sicherheitsmaßnahmen, selbstständiges und team', 'und kundenorientiertes Arbeiten in Kooperation mit anderen Dienstleistungsbereichen.']",https://www.bibb.de/dienst/berufesuche/de/index_berufesuche.php/profile/apprenticeship/220119,"Tätigkeitsfelder: Fachkräfte für Schutz und Sicherheit arbeiten in Unternehmen der Sicherheitsbranche sowie in verschiedenen Bereichen der Unternehmenssicherheit, des öffentlichen Dienstes und der Verkehrswirtschaft.; Profil: Planen und Durchführen von Maßnahmen der Sicherung und präventiven Gefahrenabwehr, Analysieren der Gefährdungspotenziale, Entwickeln und Einleiten von Sicherungsmaßnahmen, Überprüfen und Überwachen der Einhaltung objektbezogener Schutz, und Sicherheitsvorschriften, insbesondere von Arbeitsschutz, Brandschutz, Umweltschutz und Datenschutz, Beobachten der Branchenentwicklung und Bewerten der Auswirkungen auf das betriebliche Leistungsangebot, Mitwirken bei der Angebotserstellung und Auftragsbearbeitung, Ermitteln, Aufklären und Dokumentieren von sicherheitsrelevanten Sachverhalten, Überprüfen der ordnungsgemäßen Funktion von Schutz, und Sicherheitseinrichtungen und Einleiten von Maßnahmen bei Mängeln, Identifizieren der Wirkungsweise und Gefährdungspotenziale von Waffen, gefährlichen Gegenständen und Stoffen, situations, und personenbezogenes Verhalten und Handeln bei Schutz, und Sicherheitsmaßnahmen, selbstständiges und team, und kundenorientiertes Arbeiten in Kooperation mit anderen Dienstleistungsbereichen.",[],29.9434612006778,-115.00976792515439
199,,"Schutz-, Sicherheits- und Überwachungsberufe",IT & Technik,36,[],[],https://www.bibb.de/dienst/berufesuche/de/index_berufesuche.php/profile/apprenticeship/668766,,[],-362.29674520471417,191.99426007981612
200,,"Schutz-, Sicherheits- und Überwachungsberufe",IT & Technik,24,"['Servicekräfte für Schutz und Sicherheit arbeiten in Unternehmen der Sicherheitsbranche sowie in verschiedenen Bereichen der Unternehmenssicherheit, des öffentlichen Dienstes und der Verkehrswirtschaft.']","['Schützen von Personen, Sachwerte und immaterielle Werte, insbesondere durch Umsetzung präventiver Maßnahmen und soweit erforderlich durch Gefahrenabwehr, Durchführen von Maßnahmen der Sicherung und präventiven Gefahrenabwehr, Beurteilen der Gefährdungspotenziale und Einleiten von Sicherungsmaßnahmen, Überprüfen und Überwachen der Einhaltung objektbezogener Schutz', 'und Sicherheitsvorschriften, insbesondere von Arbeitsschutz, Brandschutz, Umweltschutz und Datenschutz, Mitwirken bei der Ermittlung und Aufklärung und Dokumentation von sicherheitsrelevanten Sachverhalten, Überprüfen der ordnungsgemäßen Funktion von Schutz', 'und Sicherheitseinrichtungen und Einleiten von Maßnahmen bei Mängeln, Identifizieren der Wirkungsweise und des Gefährdungspotenzials von Waffen, gefährlichen Gegenständen und Stoffen, situations', 'und personenbezogenes Verhalten und Handeln bei Schutz', 'und Sicherheitsmaßnahmen, team', 'und kundenorientiertes Arbeiten in Kooperation mit anderen Dienstleistungsbereichen.']",https://www.bibb.de/dienst/berufesuche/de/index_berufesuche.php/profile/apprenticeship/151107,"Tätigkeitsfelder: Servicekräfte für Schutz und Sicherheit arbeiten in Unternehmen der Sicherheitsbranche sowie in verschiedenen Bereichen der Unternehmenssicherheit, des öffentlichen Dienstes und der Verkehrswirtschaft.; Profil: Schützen von Personen, Sachwerte und immaterielle Werte, insbesondere durch Umsetzung präventiver Maßnahmen und soweit erforderlich durch Gefahrenabwehr, Durchführen von Maßnahmen der Sicherung und präventiven Gefahrenabwehr, Beurteilen der Gefährdungspotenziale und Einleiten von Sicherungsmaßnahmen, Überprüfen und Überwachen der Einhaltung objektbezogener Schutz, und Sicherheitsvorschriften, insbesondere von Arbeitsschutz, Brandschutz, Umweltschutz und Datenschutz, Mitwirken bei der Ermittlung und Aufklärung und Dokumentation von sicherheitsrelevanten Sachverhalten, Überprüfen der ordnungsgemäßen Funktion von Schutz, und Sicherheitseinrichtungen und Einleiten von Maßnahmen bei Mängeln, Identifizieren der Wirkungsweise und des Gefährdungspotenzials von Waffen, gefährlichen Gegenständen und Stoffen, situations, und personenbezogenes Verhalten und Handeln bei Schutz, und Sicherheitsmaßnahmen, team, und kundenorientiertes Arbeiten in Kooperation mit anderen Dienstleistungsbereichen.",['und Sicherheitsmaßnahmen team'],12.436496573916399,-101.83796042857448
201,,"Schutz-, Sicherheits- und Überwachungsberufe",IT & Technik,36,"['Werkfeuerwehrmänner und Werkfeuerwehrfrauen dienen der Gefahrenabwehr und dem vorbeugenden Brandschutz in Betrieben mit erhöhtem Gefährdungspotential, beispielsweise in chemischen Betrieben, an Häfen und Flughäfen, in Kraftwerken, in der Metall', 'und Elektroindustrie, bei Automobilherstellern, in Gießereien.']","['Werkfeuerwehrmänner und Werkfeuerwehrfrauen führen Maßnahmen zur Brandbekämpfung und Menschenrettung durch, leisten Technische Hilfe, führen ABC', 'Einsätze durch, führen Rettungs', ', Sicherungs', 'und Bergungsarbeiten durch, leiten Maßnahmen zur medizinischen Notfallversorgung ein (Rettungssanitäter / Rettungssanitäterin) und fahren Fahrzeuge für die Notfallrettung, fahren Feuerwehrfahrzeuge (Fahrerlaubnis Klasse C), bedienen und warten Feuerwehrgeräte, arbeiten im vorbeugenden Brandschutz, geben der Sicherheit und dem Gesundheits', 'und Umweltschutz bei ihrer Arbeit einen hohen Stellenwert, berücksichtigen betriebsspezifische Besonderheiten, insbesondere zur Aufrechterhaltung der Betriebsabläufe und zur Werterhaltung, arbeiten team', 'und prozessorientiert.']",https://www.bibb.de/dienst/berufesuche/de/index_berufesuche.php/profile/apprenticeship/909089,"Tätigkeitsfelder: Werkfeuerwehrmänner und Werkfeuerwehrfrauen dienen der Gefahrenabwehr und dem vorbeugenden Brandschutz in Betrieben mit erhöhtem Gefährdungspotential, beispielsweise in chemischen Betrieben, an Häfen und Flughäfen, in Kraftwerken, in der Metall, und Elektroindustrie, bei Automobilherstellern, in Gießereien.; Profil: Werkfeuerwehrmänner und Werkfeuerwehrfrauen führen Maßnahmen zur Brandbekämpfung und Menschenrettung durch, leisten Technische Hilfe, führen ABC, Einsätze durch, führen Rettungs, , Sicherungs, und Bergungsarbeiten durch, leiten Maßnahmen zur medizinischen Notfallversorgung ein (Rettungssanitäter / Rettungssanitäterin) und fahren Fahrzeuge für die Notfallrettung, fahren Feuerwehrfahrzeuge (Fahrerlaubnis Klasse C), bedienen und warten Feuerwehrgeräte, arbeiten im vorbeugenden Brandschutz, geben der Sicherheit und dem Gesundheits, und Umweltschutz bei ihrer Arbeit einen hohen Stellenwert, berücksichtigen betriebsspezifische Besonderheiten, insbesondere zur Aufrechterhaltung der Betriebsabläufe und zur Werterhaltung, arbeiten team, und prozessorientiert.","['Einsätze durch führen Rettungs', 'Sicherungs', 'und prozessorientiert']",-207.3803103047646,55.13370886928346
202,,"Sprach-, literatur-, geistes-, gesellschafts- und wirtschaftswissenschaftliche Berufe",IT & Technik,36,"['Fachangestellte für Markt', 'und Sozialforschung sind in Marktforschungsinstituten, in Industrie', ', Handels', 'und Dienstleistungsunternehmen mit eigener betrieblicher Marktforschung, einschließlich Unternehmensberatungen, Werbe', 'und Media', 'Agenturen, sowie in Forschungseinrichtungen der empirischen Sozial', 'und Wirtschaftsforschung tätig.']","['Planen, Organisieren und Steuern der Durchführung von Forschungsprojekten im Rahmen von Projektvorgaben, Unterscheiden und Einsetzen von Methoden, Erhebungstechniken und Untersuchungstypen, Recherchieren, Beschaffen und Auswerten von Daten, Mitwirken an der Konzeption von Fragebögen und Gesprächsleitfäden, Mitwirken bei Auswahl, Schulung und Einsatz von Interviewern, Aufbereiten und Codieren von Daten, Durchführen von Plausibilitätsprüfungen, Anwenden von Auswertungsverfahren und Durchführen von Basisauswertungen, Vorbereiten von Untersuchungsberichten und Präsentationen, Erteilen von Auskünften auch in einer Fremdsprache, Durchführen von qualitätssichernden Maßnahmen, Anwenden von Informations', 'und Kommunikationssystemen.']",https://www.bibb.de/dienst/berufesuche/de/index_berufesuche.php/profile/apprenticeship/5437879g,"Tätigkeitsfelder: Fachangestellte für Markt, und Sozialforschung sind in Marktforschungsinstituten, in Industrie, , Handels, und Dienstleistungsunternehmen mit eigener betrieblicher Marktforschung, einschließlich Unternehmensberatungen, Werbe, und Media, Agenturen, sowie in Forschungseinrichtungen der empirischen Sozial, und Wirtschaftsforschung tätig.; Profil: Planen, Organisieren und Steuern der Durchführung von Forschungsprojekten im Rahmen von Projektvorgaben, Unterscheiden und Einsetzen von Methoden, Erhebungstechniken und Untersuchungstypen, Recherchieren, Beschaffen und Auswerten von Daten, Mitwirken an der Konzeption von Fragebögen und Gesprächsleitfäden, Mitwirken bei Auswahl, Schulung und Einsatz von Interviewern, Aufbereiten und Codieren von Daten, Durchführen von Plausibilitätsprüfungen, Anwenden von Auswertungsverfahren und Durchführen von Basisauswertungen, Vorbereiten von Untersuchungsberichten und Präsentationen, Erteilen von Auskünften auch in einer Fremdsprache, Durchführen von qualitätssichernden Maßnahmen, Anwenden von Informations, und Kommunikationssystemen.","['Fachangestellte für Markt', 'Handels', 'und Media', 'und Wirtschaftsforschung tätig', 'und Kommunikationssystemen']",33.52675641252881,-50.43897095589145
203,,"Technische Forschungs-, Entwicklungs-, Konstruktions- und Produktionssteuerungsberufe",Sonstiges,36,"['Biologiemodellmacher und Biologiemodellmacherinnen arbeiten hauptsächlich in Betrieben, die anatomische, botanische sowie zoologische Lehr', 'und Demonstrationsmodelle herstellen. Die Modelle werden zum Beispiel bei der Aus', 'und Weiterbildung an Schulen und Universitäten eingesetzt.']","['Herstellen von anatomischen, botanischen und zoologischen Modellen, Durchführen von Vollguss', 'und Laminierverfahren, Retuschieren von modellspezifischen Rohlingen, Verbinden von Modellteilen durch Steck', 'und Schraubverbindungen sowie durch Klebetechniken, Zusammenbauen von Modellteilen zu Modellen, Gestalten von Modellen mit verschiedenen Mal', 'und Auftragstechniken, Durchführen von Reparaturarbeiten, Planen und Vorbereiten von Arbeitsabläufen, Auswählen und Einsetzen von Materialien, Werkzeugen und Maschinen, Durchführen von qualitätssichernden Maßnahmen, Trennen, Lagern und umweltgerechtes Entsorgen von Rest', 'und Abfallstoffen.']",https://www.bibb.de/dienst/berufesuche/de/index_berufesuche.php/profile/apprenticeship/120416,"Tätigkeitsfelder: Biologiemodellmacher und Biologiemodellmacherinnen arbeiten hauptsächlich in Betrieben, die anatomische, botanische sowie zoologische Lehr, und Demonstrationsmodelle herstellen. Die Modelle werden zum Beispiel bei der Aus, und Weiterbildung an Schulen und Universitäten eingesetzt.; Profil: Herstellen von anatomischen, botanischen und zoologischen Modellen, Durchführen von Vollguss, und Laminierverfahren, Retuschieren von modellspezifischen Rohlingen, Verbinden von Modellteilen durch Steck, und Schraubverbindungen sowie durch Klebetechniken, Zusammenbauen von Modellteilen zu Modellen, Gestalten von Modellen mit verschiedenen Mal, und Auftragstechniken, Durchführen von Reparaturarbeiten, Planen und Vorbereiten von Arbeitsabläufen, Auswählen und Einsetzen von Materialien, Werkzeugen und Maschinen, Durchführen von qualitätssichernden Maßnahmen, Trennen, Lagern und umweltgerechtes Entsorgen von Rest, und Abfallstoffen.",['und Abfallstoffen'],15.696899612236905,17.66628333551582
204,,"Technische Forschungs-, Entwicklungs-, Konstruktions- und Produktionssteuerungsberufe",Sonstiges,36,"['Produktionstechnologen / Produktionstechnologinnen arbeiten in Entwicklungsbereichen, in Pilotbereichen und Serienproduktionslinien, in Applikations', 'und Supportbereichen der produzierenden Industrie sowie bei produktionsunterstützenden Dienstleistungsunternehmen.']","['Inbetriebnahme und Einrichten von Produktionsanlagen, Vorbereiten des Produktionsanlaufs, Anfahren neuer Prozesse, Durchführen und Dokumentieren von Testreihen, Ermitteln von Prozessparametern und Herstellen der Produktionsfähigkeit der Anlagen, Programmieren und Parametrieren der Produktionsanlagen einschließlich Werkzeugmaschinen, Prüfeinrichtungen und Industrierobotern oder andere Handhabungssystemen, Durchführen von Wartungsarbeiten, Organisieren logistischer Prozesse für Produkte, Werkzeuge, Prozessmedien und Reststoffe, Simulieren von Prozessen, Produzieren und Testen von Mustern und Prototypen, Betreiben von Produktionsanlagen, Überwachen der Prozessabläufe, Durchführen von prozessbegleitenden Prüfungen und Erstellen von Dokumentationen, Erkennen von Verbesserungspotentialen in den Prozessabläufen, Ermitteln und Dokumentieren von Prozess', 'und Qualitätsabweichungen, Ergreifen von Maßnahmen zu deren Beseitigung und Durchführen von systematischen Fehleranalysen, Beurteilen und Analysieren der Produktionsanlagen hinsichtlich der Realisierung von Pro', 'duktionsaufträgen, Anwenden von Standardsoftware, Produktions', 'und Qualitätssicherungssoftware, Anwenden von Normen, Vorschriften und Regeln zur Sicherung der Prozessfähigkeit von Produktionsanlagen, Arbeiten mit englischsprachigen Unterlagen, Einpflegen von Daten für die Produktionsplanung und', 'steuerung, Sorgen für Informationsaustausch und Abstimmen zwischen der Produktion und den anderen Betriebsbereichen.']",https://www.bibb.de/dienst/berufesuche/de/index_berufesuche.php/profile/apprenticeship/271107,"Tätigkeitsfelder: Produktionstechnologen / Produktionstechnologinnen arbeiten in Entwicklungsbereichen, in Pilotbereichen und Serienproduktionslinien, in Applikations, und Supportbereichen der produzierenden Industrie sowie bei produktionsunterstützenden Dienstleistungsunternehmen.; Profil: Inbetriebnahme und Einrichten von Produktionsanlagen, Vorbereiten des Produktionsanlaufs, Anfahren neuer Prozesse, Durchführen und Dokumentieren von Testreihen, Ermitteln von Prozessparametern und Herstellen der Produktionsfähigkeit der Anlagen, Programmieren und Parametrieren der Produktionsanlagen einschließlich Werkzeugmaschinen, Prüfeinrichtungen und Industrierobotern oder andere Handhabungssystemen, Durchführen von Wartungsarbeiten, Organisieren logistischer Prozesse für Produkte, Werkzeuge, Prozessmedien und Reststoffe, Simulieren von Prozessen, Produzieren und Testen von Mustern und Prototypen, Betreiben von Produktionsanlagen, Überwachen der Prozessabläufe, Durchführen von prozessbegleitenden Prüfungen und Erstellen von Dokumentationen, Erkennen von Verbesserungspotentialen in den Prozessabläufen, Ermitteln und Dokumentieren von Prozess, und Qualitätsabweichungen, Ergreifen von Maßnahmen zu deren Beseitigung und Durchführen von systematischen Fehleranalysen, Beurteilen und Analysieren der Produktionsanlagen hinsichtlich der Realisierung von Pro, duktionsaufträgen, Anwenden von Standardsoftware, Produktions, und Qualitätssicherungssoftware, Anwenden von Normen, Vorschriften und Regeln zur Sicherung der Prozessfähigkeit von Produktionsanlagen, Arbeiten mit englischsprachigen Unterlagen, Einpflegen von Daten für die Produktionsplanung und, steuerung, Sorgen für Informationsaustausch und Abstimmen zwischen der Produktion und den anderen Betriebsbereichen.",[],75.28013587683256,-83.0391095400022
205,,Textil- und Lederberufe,Sonstiges,36,"['Die Fachkräfte für Lederherstellung und Gerbereitechnik arbeiten vorwiegend in Unternehmen der Lederindustrie, der chemischen Hilfsmittelindustrie sowie in Handwerksbetrieben. In der Regel arbeiten die Fachkräfte in der Produktion, sie finden ihren Einsatz aber auch in Betriebs', 'und Forschungslaboratorien. Sie stellen Auto', 'und Möbelleder, Schuhleder sowie Leder für Sattlerwaren, Bekleidung und Sportgeräte her.']","['Herstellen von Leder durch Gerben von tierischer Haut und durch verschiedene Zurichtungsmethoden, Durchführen von Eingangskontrollen der Rohware und Beurteilen und Sortieren für die weitere Bearbeitung, Separieren von kollagenen Nebenprodukten und Bereitstellen für die weitere Verwertung, Anwenden verschiedener Gerbverfahren und Gerbmittel, Neutralisieren von Leder und Anwenden von Nachgerbverfahren, Färben und Fetten von Leder, Durchführen von Trocknungsprozessen und mechanischen Verfahren zum Weichmachen und Verdichten von Leder, Durchführen von Zurichtungsprozessen und Anwenden von Applikationstechniken, Beurteilen von Leder und Einteilen in Qualitätsklassen, Beurteilen von Fertigleder und Durchführen von haptischen und visuellen Prüfungen, Einrichten und Bedienen von Maschinen und Anlagen, umweltgerechtes Durchführen von Prozessen, Planen von Arbeitsabläufen und Anwenden von produktspezifischen und berufsbezogenen Vorschriften, Beachten von Grundsätzen der Arbeitssicherheit, des Gesundheits', 'und Umweltschutzes und der Nachhaltigkeit.']",https://www.bibb.de/dienst/berufesuche/de/index_berufesuche.php/profile/apprenticeship/05032015,"Tätigkeitsfelder: Die Fachkräfte für Lederherstellung und Gerbereitechnik arbeiten vorwiegend in Unternehmen der Lederindustrie, der chemischen Hilfsmittelindustrie sowie in Handwerksbetrieben. In der Regel arbeiten die Fachkräfte in der Produktion, sie finden ihren Einsatz aber auch in Betriebs, und Forschungslaboratorien. Sie stellen Auto, und Möbelleder, Schuhleder sowie Leder für Sattlerwaren, Bekleidung und Sportgeräte her.; Profil: Herstellen von Leder durch Gerben von tierischer Haut und durch verschiedene Zurichtungsmethoden, Durchführen von Eingangskontrollen der Rohware und Beurteilen und Sortieren für die weitere Bearbeitung, Separieren von kollagenen Nebenprodukten und Bereitstellen für die weitere Verwertung, Anwenden verschiedener Gerbverfahren und Gerbmittel, Neutralisieren von Leder und Anwenden von Nachgerbverfahren, Färben und Fetten von Leder, Durchführen von Trocknungsprozessen und mechanischen Verfahren zum Weichmachen und Verdichten von Leder, Durchführen von Zurichtungsprozessen und Anwenden von Applikationstechniken, Beurteilen von Leder und Einteilen in Qualitätsklassen, Beurteilen von Fertigleder und Durchführen von haptischen und visuellen Prüfungen, Einrichten und Bedienen von Maschinen und Anlagen, umweltgerechtes Durchführen von Prozessen, Planen von Arbeitsabläufen und Anwenden von produktspezifischen und berufsbezogenen Vorschriften, Beachten von Grundsätzen der Arbeitssicherheit, des Gesundheits, und Umweltschutzes und der Nachhaltigkeit.","['und Forschungslaboratorien Sie stellen Auto', 'und Umweltschutzes und der Nachhaltigkeit']",128.88815646489465,-5.027368248904133
206,,Textil- und Lederberufe,Sonstiges,24,"['Fachkräfte für Lederverarbeitung arbeiten in Betrieben der Schuh', 'und Lederwarenwirtschaft, insbesondere zur Herstellung von Schuhoberteilen, Taschen, Kleinlederwaren, Polster', 'und Autositzbezügen, in Muster', 'und Serienfertigung.']","['Zusammenfügen von Schuhoberteilen und Lederwarenhalbzeugen, Zuschneiden und Vorrichten von Leder sowie Werk', 'und Hilfsstoffen, Herstellen von Verbindungen durch Nähen, Schweißen und Kleben, Herstellen und Anbringen von schmückendem und funktionellem Zubehör, Einrichten und Bedienen von Maschinen und Anlagen, Auswählen, Zuordnen und Verwenden von Leder sowie anderen Werk', 'und Hilfsstoffen und Zubehör nach Einsatzgebieten und Wirtschaftlichkeit, Planen von Arbeitsschritten und Arbeitsabläufen, Beurteilen der Qualität und Ergreifen von qualitätssichernden Maßnahmen, Beachten von Grundsätzen der Arbeitssicherheit, des Gesundheits', 'und Umweltschutzes und der Kundenorientierung.']",https://www.bibb.de/dienst/berufesuche/de/index_berufesuche.php/profile/apprenticeship/220310,"Tätigkeitsfelder: Fachkräfte für Lederverarbeitung arbeiten in Betrieben der Schuh, und Lederwarenwirtschaft, insbesondere zur Herstellung von Schuhoberteilen, Taschen, Kleinlederwaren, Polster, und Autositzbezügen, in Muster, und Serienfertigung.; Profil: Zusammenfügen von Schuhoberteilen und Lederwarenhalbzeugen, Zuschneiden und Vorrichten von Leder sowie Werk, und Hilfsstoffen, Herstellen von Verbindungen durch Nähen, Schweißen und Kleben, Herstellen und Anbringen von schmückendem und funktionellem Zubehör, Einrichten und Bedienen von Maschinen und Anlagen, Auswählen, Zuordnen und Verwenden von Leder sowie anderen Werk, und Hilfsstoffen und Zubehör nach Einsatzgebieten und Wirtschaftlichkeit, Planen von Arbeitsschritten und Arbeitsabläufen, Beurteilen der Qualität und Ergreifen von qualitätssichernden Maßnahmen, Beachten von Grundsätzen der Arbeitssicherheit, des Gesundheits, und Umweltschutzes und der Kundenorientierung.","['und Autositzbezügen in Muster', 'und Serienfertigung', 'und Umweltschutzes und der Kundenorientierung']",160.17886459505,36.28096057439616
207,,Textil- und Lederberufe,Sonstiges,36,"['Fahrzeuginterieur', 'Mechaniker und Fahrzeuginterieur', 'Mechanikerinnen arbeiten in Betrieben der Fahrzeug', ', Flugzeug', 'und Schiffbauindustrie sowie in Betrieben der Zulieferindustrie. Dort werden sie in den Abteilungen Fahrzeuginterieur oder Montage in der Einzel', 'und Serienfertigung eingesetzt.']","['Anfertigen von Fahrzeuginterieur und Montieren im Fertigungsprozess, Konfektionieren von Polsterwerkstoffen sowie Vorrichten und Zuschneiden von Werkstoffen, Aufbauen, Beziehen sowie Ein', 'und Ausbauen von Fahrzeuginterieur, Montieren und Demontieren von Bauteilen und Baugruppen, Überwachen von Fertigungsprozessen sowie Vorrichten und Bedienen von Maschinen und Anlagen, Sicherstellen des Materialflusses, Warten und Pflegen von Maschinen und Anlagen, Instandsetzen von Fahrzeuginterieur, Anfertigen und Konfektionieren von Musterteilen, Auswählen sowie Be', 'und Verarbeiten von Werk', 'und Hilfsstoffen nach Verwendungszweck, Verarbeitungsmöglichkeit und Wirtschaftlichkeit, Anwenden von technischen Unterlagen sowie Anfertigen von Schablonen, Beurteilen der Qualität und Durchführen von qualitätssichernden Maßnahmen, Vorschlagen von Maßnahmen zur kontinuierlichen Verbesserung von Arbeitsprozessen, Durchführen von Maßnahmen zur Nachhaltigkeit, zum Umweltschutz sowie zur Sicherheit und zum Gesundheitsschutz am Arbeitsplatz.']",https://www.bibb.de/dienst/berufesuche/de/index_berufesuche.php/profile/apprenticeship/780999po,"Tätigkeitsfelder: Fahrzeuginterieur, Mechaniker und Fahrzeuginterieur, Mechanikerinnen arbeiten in Betrieben der Fahrzeug, , Flugzeug, und Schiffbauindustrie sowie in Betrieben der Zulieferindustrie. Dort werden sie in den Abteilungen Fahrzeuginterieur oder Montage in der Einzel, und Serienfertigung eingesetzt.; Profil: Anfertigen von Fahrzeuginterieur und Montieren im Fertigungsprozess, Konfektionieren von Polsterwerkstoffen sowie Vorrichten und Zuschneiden von Werkstoffen, Aufbauen, Beziehen sowie Ein, und Ausbauen von Fahrzeuginterieur, Montieren und Demontieren von Bauteilen und Baugruppen, Überwachen von Fertigungsprozessen sowie Vorrichten und Bedienen von Maschinen und Anlagen, Sicherstellen des Materialflusses, Warten und Pflegen von Maschinen und Anlagen, Instandsetzen von Fahrzeuginterieur, Anfertigen und Konfektionieren von Musterteilen, Auswählen sowie Be, und Verarbeiten von Werk, und Hilfsstoffen nach Verwendungszweck, Verarbeitungsmöglichkeit und Wirtschaftlichkeit, Anwenden von technischen Unterlagen sowie Anfertigen von Schablonen, Beurteilen der Qualität und Durchführen von qualitätssichernden Maßnahmen, Vorschlagen von Maßnahmen zur kontinuierlichen Verbesserung von Arbeitsprozessen, Durchführen von Maßnahmen zur Nachhaltigkeit, zum Umweltschutz sowie zur Sicherheit und zum Gesundheitsschutz am Arbeitsplatz.","['Fahrzeuginterieur', 'Mechaniker und Fahrzeuginterieur', 'Flugzeug', 'und Serienfertigung eingesetzt', 'und Verarbeiten von Werk']",100.02052884080099,-40.341741755730666
208,,Textil- und Lederberufe,Sonstiges,36,"['Kürschner und Kürschnerinnen sind in Werkstätten und Ateliers in Handwerks', 'und in Industriebetrieben der Pelz', 'und Lederverarbeitung tätig.']","['Entwerfen und Fertigen von Pelz', 'und Lederbekleidung nach eigenen Ideen und Erarbeiten von Vorschlägen für ihre Modernisierung und Reparatur, Reparieren und Umarbeiten von Pelz', 'und Lederbekleidung, Auswählen und Beurteilen von Pelzfellen und Leder nach Verwendungszweck und Wirtschaftlichkeit unter Einhaltung der Artenschutzbestimmungen, Auswählen von textilen Werkstoffen für Materialkombinationen und Zutaten nach Verarbeitungs', 'und Gebrauchseigenschaften, Entwerfen und Entwickeln von Arbeitsmustern, Planen und Vorbereiten von Arbeitsabläufen, Zusammenstellen und Anordnen von Werk', 'und Hilfsstoffen, Vorbereiten und Nachbehandeln von Werkstoffen, Schneiden und Zuschneiden von Werk', 'und Hilfsstoffen, Anwenden unterschiedlicher Arbeitstechniken beim Nähen und Ausfertigen von Werkstücken, Erfassen des Zusammenhangs zwischen Gestaltung, Konstruktion und Verarbeitung, Vorrichten, Bedienen und Überwachen von Arbeitsgeräten und Maschinen, Beurteilen der Qualität und Ergreifen von qualitätssichernden Maßnahmen.']",https://www.bibb.de/dienst/berufesuche/de/index_berufesuche.php/profile/apprenticeship/3786301,"Tätigkeitsfelder: Kürschner und Kürschnerinnen sind in Werkstätten und Ateliers in Handwerks, und in Industriebetrieben der Pelz, und Lederverarbeitung tätig.; Profil: Entwerfen und Fertigen von Pelz, und Lederbekleidung nach eigenen Ideen und Erarbeiten von Vorschlägen für ihre Modernisierung und Reparatur, Reparieren und Umarbeiten von Pelz, und Lederbekleidung, Auswählen und Beurteilen von Pelzfellen und Leder nach Verwendungszweck und Wirtschaftlichkeit unter Einhaltung der Artenschutzbestimmungen, Auswählen von textilen Werkstoffen für Materialkombinationen und Zutaten nach Verarbeitungs, und Gebrauchseigenschaften, Entwerfen und Entwickeln von Arbeitsmustern, Planen und Vorbereiten von Arbeitsabläufen, Zusammenstellen und Anordnen von Werk, und Hilfsstoffen, Vorbereiten und Nachbehandeln von Werkstoffen, Schneiden und Zuschneiden von Werk, und Hilfsstoffen, Anwenden unterschiedlicher Arbeitstechniken beim Nähen und Ausfertigen von Werkstücken, Erfassen des Zusammenhangs zwischen Gestaltung, Konstruktion und Verarbeitung, Vorrichten, Bedienen und Überwachen von Arbeitsgeräten und Maschinen, Beurteilen der Qualität und Ergreifen von qualitätssichernden Maßnahmen.","['und in Industriebetrieben der Pelz', 'und Lederverarbeitung tätig', 'Entwerfen und Fertigen von Pelz']",131.11989497549837,11.263558269547536
209,,Textil- und Lederberufe,Sonstiges,36,"['Im Handwerk sind Modisten und Modistinnen meist im Atelier oder der Werkstatt tätig, denen oft ein Ladengeschäft angeschlossen ist. In der Industrie arbeiten sie ebenfalls im Atelier oder in der Serienfertigung in Fertigungshallen. Im Handel sind sie in Verkaufsräumen zu finden, vor allem in Hutabteilungen von Warenhäusern und speziellen Hutfachgeschäften.']","['Herstellen von Kopfbedeckungen aus Filz und Stroh, Appretieren von Materialien, in Form Bügeln von Hüten, Nähen von Kopfbedeckungen z. B. aus Stoff, Leder und Pelz, Erstellen und Handhaben von Schnittschablonen sowie Abändern von Schnittmustern, Anfertigen von Kopfbedeckungen nach Bild', 'und Modellvorlagen, Entwickeln, Gestalten und Erarbeiten von Entwürfen nach modischen, historischen, funktionalen und technologischen Gesichtspunkten, Erstellen von Skizzen, Zeichnungen und Mustervorlagen, Ausgestalten von Kopfbedeckungen z. B. durch Anwenden von Schneidetechniken, Rollieren, Blumen und Herstellen von Federgestecken, Aufarbeiten und Ändern von Kopfbedeckungen, Erstellen von Unterformen aus verschiedenen Materialien, Handhaben und Warten von Arbeitsgeräten, Werkzeugen und Maschinen, Führen von Kundengesprächen, insbesondere bei Beratung, Verkauf und Reklamation, Anwenden von Informations', 'und Kommunikationstechniken, Ergreifen von qualitätssichernden Maßnahmen, Kontrollieren der Arbeitsabläufe und', 'ergebnisse, Selbständiges Durchführen der Arbeiten auf der Grundlage von Arbeitsaufträgen und eigenen Entwürfen, unter Beachtung der Arbeitssicherheit, des Gesundheitsschutzes, des Umweltschutzes sowie qualitativer und wirtschaftlicher Gesichtspunkte, Beherrschen des Zusammenhangs zwischen Gestaltung, Konstruktion und Verarbeitung sowie des Einsatzes unterschiedlicher Werk', 'und Hilfsstoffe, Planen und Organisieren, teilweise im Team, der Tätigkeit bis hin zu Präsentation und Verkauf, kundenorientiertes Arbeiten.']",https://www.bibb.de/dienst/berufesuche/de/index_berufesuche.php/profile/apprenticeship/67786uz7,"Tätigkeitsfelder: Im Handwerk sind Modisten und Modistinnen meist im Atelier oder der Werkstatt tätig, denen oft ein Ladengeschäft angeschlossen ist. In der Industrie arbeiten sie ebenfalls im Atelier oder in der Serienfertigung in Fertigungshallen. Im Handel sind sie in Verkaufsräumen zu finden, vor allem in Hutabteilungen von Warenhäusern und speziellen Hutfachgeschäften.; Profil: Herstellen von Kopfbedeckungen aus Filz und Stroh, Appretieren von Materialien, in Form Bügeln von Hüten, Nähen von Kopfbedeckungen z. B. aus Stoff, Leder und Pelz, Erstellen und Handhaben von Schnittschablonen sowie Abändern von Schnittmustern, Anfertigen von Kopfbedeckungen nach Bild, und Modellvorlagen, Entwickeln, Gestalten und Erarbeiten von Entwürfen nach modischen, historischen, funktionalen und technologischen Gesichtspunkten, Erstellen von Skizzen, Zeichnungen und Mustervorlagen, Ausgestalten von Kopfbedeckungen z. B. durch Anwenden von Schneidetechniken, Rollieren, Blumen und Herstellen von Federgestecken, Aufarbeiten und Ändern von Kopfbedeckungen, Erstellen von Unterformen aus verschiedenen Materialien, Handhaben und Warten von Arbeitsgeräten, Werkzeugen und Maschinen, Führen von Kundengesprächen, insbesondere bei Beratung, Verkauf und Reklamation, Anwenden von Informations, und Kommunikationstechniken, Ergreifen von qualitätssichernden Maßnahmen, Kontrollieren der Arbeitsabläufe und, ergebnisse, Selbständiges Durchführen der Arbeiten auf der Grundlage von Arbeitsaufträgen und eigenen Entwürfen, unter Beachtung der Arbeitssicherheit, des Gesundheitsschutzes, des Umweltschutzes sowie qualitativer und wirtschaftlicher Gesichtspunkte, Beherrschen des Zusammenhangs zwischen Gestaltung, Konstruktion und Verarbeitung sowie des Einsatzes unterschiedlicher Werk, und Hilfsstoffe, Planen und Organisieren, teilweise im Team, der Tätigkeit bis hin zu Präsentation und Verkauf, kundenorientiertes Arbeiten.",[],99.9688745742412,-9.515082687012534
210,,Textil- und Lederberufe,Sonstiges,42,"['Orthopädieschuhmacher und Orthopädieschuhmacherinnen arbeiten zumeist in Fachbetrieben des Orthopädieschuhmacher', 'Handwerks, in Kliniken und in Sanitätshäusern. Sie sind in der Werkstatt und im Maß', 'und Verkaufsbereich tätig. Sie entwickeln in Zusammenarbeit mit den behandelnden Ärzten, Therapeuten und den Patienten orthopädische Versorgungen.']","['Herstellen von orthopädischen Maßschuhen, Ausführen von orthopädischen Zurichtungen an Konfektionsschuhen, Modellieren und Herstellen von Einbauelementen, Anfertigen von Einlagen, Innenschuhen, Unterschenkel', 'und Fußorthesen und Fußprothesen, Anmessen und Anpassen von konfektionierten Bandagen, Unterschenkel', 'und Fußorthesen und Hilfsmitteln zur Kompressionsversorgung, Vermessen von Fuß und Bein und Anwenden von manuellen und digitalen Abformtechniken, Anmessen und Anpassen von teilkonfektionierten Schuhen, Korrigieren und Instandhalten von orthopädischen Hilfsmitteln, Betreuen und Beraten von Patienten und Kunden, Erfassen von orthopädischen Krankheitsbildern, Erarbeiten von technischen Unterlagen und Festlegen von Arbeitsabläufen, Ermitteln von Kosten für orthopädische Hilfsmittel und Dienstleistungen, Ausführen von medizinischen Fußpflegemaßnahmen, Beurteilen von Produktqualität und Durchführen von qualitätssichernden Maßnahmen.']",https://www.bibb.de/dienst/berufesuche/de/index_berufesuche.php/profile/apprenticeship/orth777,"Tätigkeitsfelder: Orthopädieschuhmacher und Orthopädieschuhmacherinnen arbeiten zumeist in Fachbetrieben des Orthopädieschuhmacher, Handwerks, in Kliniken und in Sanitätshäusern. Sie sind in der Werkstatt und im Maß, und Verkaufsbereich tätig. Sie entwickeln in Zusammenarbeit mit den behandelnden Ärzten, Therapeuten und den Patienten orthopädische Versorgungen.; Profil: Herstellen von orthopädischen Maßschuhen, Ausführen von orthopädischen Zurichtungen an Konfektionsschuhen, Modellieren und Herstellen von Einbauelementen, Anfertigen von Einlagen, Innenschuhen, Unterschenkel, und Fußorthesen und Fußprothesen, Anmessen und Anpassen von konfektionierten Bandagen, Unterschenkel, und Fußorthesen und Hilfsmitteln zur Kompressionsversorgung, Vermessen von Fuß und Bein und Anwenden von manuellen und digitalen Abformtechniken, Anmessen und Anpassen von teilkonfektionierten Schuhen, Korrigieren und Instandhalten von orthopädischen Hilfsmitteln, Betreuen und Beraten von Patienten und Kunden, Erfassen von orthopädischen Krankheitsbildern, Erarbeiten von technischen Unterlagen und Festlegen von Arbeitsabläufen, Ermitteln von Kosten für orthopädische Hilfsmittel und Dienstleistungen, Ausführen von medizinischen Fußpflegemaßnahmen, Beurteilen von Produktqualität und Durchführen von qualitätssichernden Maßnahmen.",[],60.05826279141206,4.955711637325279
211,,Textil- und Lederberufe,Sonstiges,36,[],[],https://www.bibb.de/dienst/berufesuche/de/index_berufesuche.php/profile/apprenticeship/3782101,,[],-362.29674520471417,191.99426007981612
212,,Textil- und Lederberufe,Sonstiges,24,"['Polster', 'und Dekorationsnäher/', 'innen arbeiten in Fachbetrieben des Raumausstatterhandwerks, der Polstermöbelindustrie, in Gardinenkonfektionsnähereien und in Betrieben, die entsprechende Dienstleistungen anbieten, z.B. in Raumausstattungs', ', Innendekorationsabteilungen von Warenhäusern.']","['Anfertigen von Gardinen', 'und Raumdekorationen, Anfertigen von Polsterbezugsteilen aus textilen Materialien und Leder, Herstellen von Bezügen und Houssen, Auswählen und Bearbeiten von Werk', 'und Hilfsstoffen, Einsetzen und Warten von Werkzeugen und Geräten, Durchführung von Verzierungs', 'und Abschlussarbeiten, Einrichten Bedienen und Instandhalten von Nähmaschinen und Bügelanlagen, Herstellen von Zuschnittschablonen und Zuschnitte unter Berücksichtigung rationeller Materialverwendung, Vorbereiten von Arbeitsabläufen, Anwenden von Informations', 'und Kommunikationstechniken, Erstellen von Arbeitsunterlagen, Durchführen von Messungen, Beurteilen und Dokumentieren von Arbeitsergebnissen sowie Durchführen von qualitätssichernden Maßnahmen.']",https://www.bibb.de/dienst/berufesuche/de/index_berufesuche.php/profile/apprenticeship/lkoi9807,"Tätigkeitsfelder: Polster, und Dekorationsnäher/, innen arbeiten in Fachbetrieben des Raumausstatterhandwerks, der Polstermöbelindustrie, in Gardinenkonfektionsnähereien und in Betrieben, die entsprechende Dienstleistungen anbieten, z.B. in Raumausstattungs, , Innendekorationsabteilungen von Warenhäusern.; Profil: Anfertigen von Gardinen, und Raumdekorationen, Anfertigen von Polsterbezugsteilen aus textilen Materialien und Leder, Herstellen von Bezügen und Houssen, Auswählen und Bearbeiten von Werk, und Hilfsstoffen, Einsetzen und Warten von Werkzeugen und Geräten, Durchführung von Verzierungs, und Abschlussarbeiten, Einrichten Bedienen und Instandhalten von Nähmaschinen und Bügelanlagen, Herstellen von Zuschnittschablonen und Zuschnitte unter Berücksichtigung rationeller Materialverwendung, Vorbereiten von Arbeitsabläufen, Anwenden von Informations, und Kommunikationstechniken, Erstellen von Arbeitsunterlagen, Durchführen von Messungen, Beurteilen und Dokumentieren von Arbeitsergebnissen sowie Durchführen von qualitätssichernden Maßnahmen.","['Polster', 'und Dekorationsnäher/', 'Innendekorationsabteilungen von Warenhäusern', 'Anfertigen von Gardinen']",127.08111516156717,-39.56673281490468
213,,Textil- und Lederberufe,Sonstiges,36,"['Polsterer und Polsterinnen arbeiten hauptsächlich in den Unternehmen der Polstermöbelindustrie, zum Teil auch in der handwerklichen Polstermöbelherstellung und in Unternehmen der Raumausstattung sowie in der Matratzenherstellung.']","['Herstellen von Polstermöbeln oder Matratzen unter Anwendung verschiedener Polstertechniken, Auswählen und Verarbeiten von Textilien, Leder, Holz', 'und Holzwerkstoffen, Kunststoffen, Metallen und Hilfsstoffen nach Verwendungszweck und Wirtschaftlichkeit, Erstellen von technischen Unterlagen für den Fertigungsablauf, Einrichten, Bedienen und Instandhalten von Geräten, Maschinen und Anlagen, Zuschneiden und Nähen von Bezügen, Aufbauen des Polstergrunds sowie Herstellen und Einsetzen tragender und elastischer Teile, Herstellen von Rücken', ', Sitz', ', Arm', 'und Kissenpolstern, Auswählen und Montieren von mechanischen und elektrischen Funktionselementen, Beziehen von Polsterteilen sowie Aufteilen und Gestalten von Polsterflächen, Ausführen von Verzierungsarbeiten und Montieren von Halbfertigteilen, Lagern und Verpacken von Polstermöbeln oder Matratzen, Entwickeln und Anfertigen von Prototypen, Kommunizieren mit Mitarbeitern und Vorgesetzen, Beurteilen von Qualität und Durchführen von qualitätssichernden Maßnahmen, Beachten von Grundsätzen der Arbeitssicherheit, des Gesundheits', 'und Umweltschutzes.']",https://www.bibb.de/dienst/berufesuche/de/index_berufesuche.php/profile/apprenticeship/230413,"Tätigkeitsfelder: Polsterer und Polsterinnen arbeiten hauptsächlich in den Unternehmen der Polstermöbelindustrie, zum Teil auch in der handwerklichen Polstermöbelherstellung und in Unternehmen der Raumausstattung sowie in der Matratzenherstellung.; Profil: Herstellen von Polstermöbeln oder Matratzen unter Anwendung verschiedener Polstertechniken, Auswählen und Verarbeiten von Textilien, Leder, Holz, und Holzwerkstoffen, Kunststoffen, Metallen und Hilfsstoffen nach Verwendungszweck und Wirtschaftlichkeit, Erstellen von technischen Unterlagen für den Fertigungsablauf, Einrichten, Bedienen und Instandhalten von Geräten, Maschinen und Anlagen, Zuschneiden und Nähen von Bezügen, Aufbauen des Polstergrunds sowie Herstellen und Einsetzen tragender und elastischer Teile, Herstellen von Rücken, , Sitz, , Arm, und Kissenpolstern, Auswählen und Montieren von mechanischen und elektrischen Funktionselementen, Beziehen von Polsterteilen sowie Aufteilen und Gestalten von Polsterflächen, Ausführen von Verzierungsarbeiten und Montieren von Halbfertigteilen, Lagern und Verpacken von Polstermöbeln oder Matratzen, Entwickeln und Anfertigen von Prototypen, Kommunizieren mit Mitarbeitern und Vorgesetzen, Beurteilen von Qualität und Durchführen von qualitätssichernden Maßnahmen, Beachten von Grundsätzen der Arbeitssicherheit, des Gesundheits, und Umweltschutzes.","['Sitz', 'Arm', 'und Umweltschutzes']",226.45373676577915,58.029557287695305
214,,Textil- und Lederberufe,Sonstiges,36,"['Ihre Einsatzgebiete finden Produktgestalter', 'Textil und Produktgestalterinnen', 'Textil in den Musterabteilungen der Unternehmen der Textil', 'und Bekleidungsindustrie und in Textilateliers, häufig sind sie auch als freischaffende Mitarbeiter tätig.']","['Auswählen textiler Rohstoffe und Erzeugnisse nach Verwendungszweck und Wirtschaftlichkeit, Erarbeiten technischer Unterlagen und Festlegen von Arbeitsabläufen, Beherrschen von Konstruktionstechniken und Maschinentechnologien, Anwenden unterschiedlicher Mal', 'und Zeichentechniken, Anwenden verschiedener Gestaltungselemente wie Farben, Strukturen und Formen, Entwickeln von Entwürfen entsprechend unterschiedlichem Verwendungszweck und Prüfen ihrer technischen Umsetzbarkeit, Übertragen und Rapportieren der Musterentwürfe in eine technische Zeichnung, Herstellen von Musterdatenträgern und Erstellen der Prototypen auf den Maschinen, Handhaben von Bildbearbeitungssystemen zur Entwurfserstellung und', 'modifikation, Archivieren genutzter und entworfener Muster sowie Stammdaten, Beurteilen der Qualität und Ergreifen qualitätssichernder Maßnahmen, Beachten der Grundsätze des Umweltschutzes, der Sicherheit und des Gesundheitsschutzes bei der Arbeit, Beschaffen von trend', 'und produktspezifischen Informationen.']",https://www.bibb.de/dienst/berufesuche/de/index_berufesuche.php/profile/apprenticeship/45675567,"Tätigkeitsfelder: Ihre Einsatzgebiete finden Produktgestalter, Textil und Produktgestalterinnen, Textil in den Musterabteilungen der Unternehmen der Textil, und Bekleidungsindustrie und in Textilateliers, häufig sind sie auch als freischaffende Mitarbeiter tätig.; Profil: Auswählen textiler Rohstoffe und Erzeugnisse nach Verwendungszweck und Wirtschaftlichkeit, Erarbeiten technischer Unterlagen und Festlegen von Arbeitsabläufen, Beherrschen von Konstruktionstechniken und Maschinentechnologien, Anwenden unterschiedlicher Mal, und Zeichentechniken, Anwenden verschiedener Gestaltungselemente wie Farben, Strukturen und Formen, Entwickeln von Entwürfen entsprechend unterschiedlichem Verwendungszweck und Prüfen ihrer technischen Umsetzbarkeit, Übertragen und Rapportieren der Musterentwürfe in eine technische Zeichnung, Herstellen von Musterdatenträgern und Erstellen der Prototypen auf den Maschinen, Handhaben von Bildbearbeitungssystemen zur Entwurfserstellung und, modifikation, Archivieren genutzter und entworfener Muster sowie Stammdaten, Beurteilen der Qualität und Ergreifen qualitätssichernder Maßnahmen, Beachten der Grundsätze des Umweltschutzes, der Sicherheit und des Gesundheitsschutzes bei der Arbeit, Beschaffen von trend, und produktspezifischen Informationen.","['Ihre Einsatzgebiete finden Produktgestalter', 'Textil und Produktgestalterinnen', 'und produktspezifischen Informationen']",-6.476755856312082,49.13129066266153
215,,Textil- und Lederberufe,Sonstiges,36,"['Produktionsmechaniker und Produktionsmechanikerinnen', 'Textil arbeiten überwiegend in den klassischen Produktionsbereichen der Textilwirtschaft, wie Webereien, Spinnereien, Stickereien und Flechtereien, in der Maschenwarenindustrie, der Tufting', 'und Vliesstoffindustrie.']","['Auswählen von Werk', ', Betriebs', 'und Hilfsstoffen nach Eigenschaften, Verwendungszweck und Kundenanforderungen, Erstellen und Anwenden von technischen Unterlagen, Planen und Dokumentieren von Arbeitsschritten und Arbeitsabläufen zur Herstellung von textilen Produkten, Duchführen von Qualitätsprüfungen und Bewerten der Ergebnisse, Analysieren von Mustervorlagen, Bestimmen der Konstruktionstechniken und Produktmerkmale und Erstellen von Datenträgern, Anwenden branchenspezifischer Fertigungstechniken und Erfassen von Prozesszusammenhängen, Verändern der Produkteigenschaften durch Modifizieren der Prozessparameter, Anwenden der Steuer', 'und Regelungstechniken, Rüsten von Produktionsmaschinen und', 'anlagen, Einstellen von Prozessparametern, Kontrollieren der Prozessabläufe und Einleiten von Korrekturmaßnahmen, Instandhalten der Maschinen und Anlagen und Beheben von Maschinenstörungen, Duchführen qualitätssichernder Maßnahmen, Beachten der Grundsätze der Sicherheit, des Gesundheits', 'und Umweltschutzes.']",https://www.bibb.de/dienst/berufesuche/de/index_berufesuche.php/profile/apprenticeship/zu67zugj,"Tätigkeitsfelder: Produktionsmechaniker und Produktionsmechanikerinnen, Textil arbeiten überwiegend in den klassischen Produktionsbereichen der Textilwirtschaft, wie Webereien, Spinnereien, Stickereien und Flechtereien, in der Maschenwarenindustrie, der Tufting, und Vliesstoffindustrie.; Profil: Auswählen von Werk, , Betriebs, und Hilfsstoffen nach Eigenschaften, Verwendungszweck und Kundenanforderungen, Erstellen und Anwenden von technischen Unterlagen, Planen und Dokumentieren von Arbeitsschritten und Arbeitsabläufen zur Herstellung von textilen Produkten, Duchführen von Qualitätsprüfungen und Bewerten der Ergebnisse, Analysieren von Mustervorlagen, Bestimmen der Konstruktionstechniken und Produktmerkmale und Erstellen von Datenträgern, Anwenden branchenspezifischer Fertigungstechniken und Erfassen von Prozesszusammenhängen, Verändern der Produkteigenschaften durch Modifizieren der Prozessparameter, Anwenden der Steuer, und Regelungstechniken, Rüsten von Produktionsmaschinen und, anlagen, Einstellen von Prozessparametern, Kontrollieren der Prozessabläufe und Einleiten von Korrekturmaßnahmen, Instandhalten der Maschinen und Anlagen und Beheben von Maschinenstörungen, Duchführen qualitätssichernder Maßnahmen, Beachten der Grundsätze der Sicherheit, des Gesundheits, und Umweltschutzes.","['und Vliesstoffindustrie', 'Auswählen von Werk', 'Betriebs', 'und Umweltschutzes']",129.48068609141686,-40.988431863911266
216,,Textil- und Lederberufe,Sonstiges,24,"['Produktprüfer/', 'innen', 'Textil werden zur Fehlererkennung und Fehlerbehebung in textilen Produktionsbereichen, in denen hochwertige Produkte hergestellt werden, eingesetzt, z. B. in Webereien, Stickereien und Strickereien und bei der Herstellung von Bekleidung.']","['Unterscheiden von textilen Fertigungs', 'und Verarbeitungsprozessen sowie Konfektions', 'und Fügetechniken, Planen und Dokumentieren der Arbeitsschritte und Arbeitsabläufe, Analysieren von Mustervorlagen, Bestimmen der Konstruktionstechniken und Produktmerkmale, Bestimmen und Klassifizieren von Oberflächen', 'und Konstruktionsfehlern, Anwenden von Techniken zur Beseitigung von Fehlern, Auswerten von Prüfergebnissen und Erstellen von Prüfprotokollen, Beurteilen der Qualität der Produkte, Beachten der Kundenforderungen und Bearbeiten von Reklamationen, Beachten der Grundsätze der Sicherheit bei der Arbeit, des Gesundheits', 'und Umweltschutzes.']",https://www.bibb.de/dienst/berufesuche/de/index_berufesuche.php/profile/apprenticeship/271006,"Tätigkeitsfelder: Produktprüfer/, innen, Textil werden zur Fehlererkennung und Fehlerbehebung in textilen Produktionsbereichen, in denen hochwertige Produkte hergestellt werden, eingesetzt, z. B. in Webereien, Stickereien und Strickereien und bei der Herstellung von Bekleidung.; Profil: Unterscheiden von textilen Fertigungs, und Verarbeitungsprozessen sowie Konfektions, und Fügetechniken, Planen und Dokumentieren der Arbeitsschritte und Arbeitsabläufe, Analysieren von Mustervorlagen, Bestimmen der Konstruktionstechniken und Produktmerkmale, Bestimmen und Klassifizieren von Oberflächen, und Konstruktionsfehlern, Anwenden von Techniken zur Beseitigung von Fehlern, Auswerten von Prüfergebnissen und Erstellen von Prüfprotokollen, Beurteilen der Qualität der Produkte, Beachten der Kundenforderungen und Bearbeiten von Reklamationen, Beachten der Grundsätze der Sicherheit bei der Arbeit, des Gesundheits, und Umweltschutzes.","['Produktprüfer/', 'innen', 'Unterscheiden von textilen Fertigungs', 'und Verarbeitungsprozessen sowie Konfektions', 'und Umweltschutzes']",4.7124754549429095,2.373215920129474
217,,Textil- und Lederberufe,Sonstiges,36,"['Produktveredler', 'Textil und Produktveredlerinnen', 'Textil arbeiten überwiegend in industriellen Unternehmen der Textilveredlung, vor allem in den Bereichen Appretur, Beschichtung, Druckerei und Färberei.']","['Anwenden von Textilveredlungsverfahren und Erfassen der physikalischen und chemischen Zusammenhänge, Auswählen von Prüfverfahren und', 'mittel und Duchführen von Qualitätsprüfungen, Feststellen physikalischer Größen, Durchführen optischer Messungen und Ermitteln von Kenndaten, Duchführen von Ansatz', 'und Rezepturberechnungen, Prüfen und Optimieren der Rezepte, Verändern der Produkteigenschaften durch Steuern und Regeln der Maschinen und Anlagen, Auswählen der Werk', ', Betriebs', 'und Hilfsstoffe nach Eigenschaften, Verwendungszweck und Kundenanforderungen, Erstellen von Skizzen und Zeichnungen und Anwenden von technischen Unterlagen, Planen und Dokumentieren der Arbeitsschritte und Arbeitsabläufe zur Veredlung von textilen Produkten, Vorrichten von Maschinen und Anlagen, Einstellen der Prozessparameter, Kontrollieren der Veredlungsprozesse und Einleiten von Korrekturmaßnahmen, Instandhalten von Maschinen und Anlagen, Durchführen qualitätssichernder Maßnahmen, Berücksichtigen ökologischer und umweltgerechter Anforderungen, Beachten der Grundsätze der Sicherheit und des Gesundheitsschutzes bei der Arbeit.']",https://www.bibb.de/dienst/berufesuche/de/index_berufesuche.php/profile/apprenticeship/ui7kjou0,"Tätigkeitsfelder: Produktveredler, Textil und Produktveredlerinnen, Textil arbeiten überwiegend in industriellen Unternehmen der Textilveredlung, vor allem in den Bereichen Appretur, Beschichtung, Druckerei und Färberei.; Profil: Anwenden von Textilveredlungsverfahren und Erfassen der physikalischen und chemischen Zusammenhänge, Auswählen von Prüfverfahren und, mittel und Duchführen von Qualitätsprüfungen, Feststellen physikalischer Größen, Durchführen optischer Messungen und Ermitteln von Kenndaten, Duchführen von Ansatz, und Rezepturberechnungen, Prüfen und Optimieren der Rezepte, Verändern der Produkteigenschaften durch Steuern und Regeln der Maschinen und Anlagen, Auswählen der Werk, , Betriebs, und Hilfsstoffe nach Eigenschaften, Verwendungszweck und Kundenanforderungen, Erstellen von Skizzen und Zeichnungen und Anwenden von technischen Unterlagen, Planen und Dokumentieren der Arbeitsschritte und Arbeitsabläufe zur Veredlung von textilen Produkten, Vorrichten von Maschinen und Anlagen, Einstellen der Prozessparameter, Kontrollieren der Veredlungsprozesse und Einleiten von Korrekturmaßnahmen, Instandhalten von Maschinen und Anlagen, Durchführen qualitätssichernder Maßnahmen, Berücksichtigen ökologischer und umweltgerechter Anforderungen, Beachten der Grundsätze der Sicherheit und des Gesundheitsschutzes bei der Arbeit.","['Produktveredler', 'Textil und Produktveredlerinnen', 'Betriebs']",96.44060270108787,-105.58260928970311
218,,Textil- und Lederberufe,Sonstiges,36,"['Schuhfertiger und Schuhfertigerinnen stellen mit industriellen Fertigungsverfahren Schuhe her. Die Produktpalette umfasst Damen', ', Herren', 'und Kinderschuhe, u.a. Sport', 'und Wanderschuhe sowie Berufs', 'und Sicherheitsschuhe. Ihr Arbeitsplatz ist überwiegend in der Produktion und in technischen Abteilungen.']","['Herstellen von Schuhen mit industriellen Fertigungsverfahren, Auswählen und Einsetzen von Ledern und anderen Werk', 'und Hilfsstoffen, Festlegen von Arbeitsabläufen und Anwenden von technischen Unterlagen, Schneiden und Stanzen von Schaftteilen, Vorrichten von Schaftteilen, Steppen und Kleben von Schäften, Vorbereiten von Bodenteilen, Montieren von Schäften und Bodenteilen, Finishen und Verkaufsfertigmachen von Schuhen, Anfertigen von Leistenkopien, Ausarbeiten von Schuhmodellen, Beurteilen von Qualität und Durchführen von qualitätssichernden Maßnahmen, Beachten von Grundsätzen der Arbeitssicherheit, des Gesundheits', 'und Umweltschutzes.']",https://www.bibb.de/dienst/berufesuche/de/index_berufesuche.php/profile/apprenticeship/240616,"Tätigkeitsfelder: Schuhfertiger und Schuhfertigerinnen stellen mit industriellen Fertigungsverfahren Schuhe her. Die Produktpalette umfasst Damen, , Herren, und Kinderschuhe, u.a. Sport, und Wanderschuhe sowie Berufs, und Sicherheitsschuhe. Ihr Arbeitsplatz ist überwiegend in der Produktion und in technischen Abteilungen.; Profil: Herstellen von Schuhen mit industriellen Fertigungsverfahren, Auswählen und Einsetzen von Ledern und anderen Werk, und Hilfsstoffen, Festlegen von Arbeitsabläufen und Anwenden von technischen Unterlagen, Schneiden und Stanzen von Schaftteilen, Vorrichten von Schaftteilen, Steppen und Kleben von Schäften, Vorbereiten von Bodenteilen, Montieren von Schäften und Bodenteilen, Finishen und Verkaufsfertigmachen von Schuhen, Anfertigen von Leistenkopien, Ausarbeiten von Schuhmodellen, Beurteilen von Qualität und Durchführen von qualitätssichernden Maßnahmen, Beachten von Grundsätzen der Arbeitssicherheit, des Gesundheits, und Umweltschutzes.","['Herren', 'und Kinderschuhe ua Sport', 'und Wanderschuhe sowie Berufs', 'und Umweltschutzes']",126.47846296120314,66.48500067765603
219,,Textil- und Lederberufe,Sonstiges,36,"['Segelmacher und Segelmacherinnen arbeiten überwiegend in Werkstätten oder Werkhallen, in denen Segel, Bezüge, Planen, Zelte und Markisen hergestellt werden. Die Montagearbeiten finden meistens im Freien an unterschiedlichen Orten statt, z.B. auf Schiffen und Booten (Segel, Bezüge), beim Kunden (Markisen), bei Transportfirmen (LKW', 'Planen) und auf Plätzen für Veranstaltungen (Zelte).']","['Herstellen von Segeln, Bezügen, Planen, Zelten und Markisen, Auswählen von Werk', 'und Hilfsstoffen sowie Zubehör nach Verwendungszweck und Wirtschaftlichkeit, Planen von Arbeitsschritten und Arbeitsabläufen, Anfertigen von technischen Unterlagen, Messen und Aufschnüren von Flächen, Handhaben von Werkzeugen, Bedienen von Maschinen und Anlagen, Zuschneiden von Werk', 'und Hilfsstoffen, Herstellen von Profilierungen, Verbinden durch Nähen, Schweißen oder Kleben, Anbringen von Zubehör, Anschlagen von Segeln sowie Arbeiten an Rigg und Takelage, Montieren von Bezügen, Planen, Zelten und Markisen, Durchführen von Reparatur', 'und Wartungsarbeiten, Beraten von Kunden und Anbieten von Serviceleistungen, Beurteilen der Qualität und Ergreifen von qualitätssichernden Maßnahmen, Beachten von Grundsätzen der Arbeitssicherheit, des Gesundheits', 'und Umweltschutzes.']",https://www.bibb.de/dienst/berufesuche/de/index_berufesuche.php/profile/apprenticeship/291852,"Tätigkeitsfelder: Segelmacher und Segelmacherinnen arbeiten überwiegend in Werkstätten oder Werkhallen, in denen Segel, Bezüge, Planen, Zelte und Markisen hergestellt werden. Die Montagearbeiten finden meistens im Freien an unterschiedlichen Orten statt, z.B. auf Schiffen und Booten (Segel, Bezüge), beim Kunden (Markisen), bei Transportfirmen (LKW, Planen) und auf Plätzen für Veranstaltungen (Zelte).; Profil: Herstellen von Segeln, Bezügen, Planen, Zelten und Markisen, Auswählen von Werk, und Hilfsstoffen sowie Zubehör nach Verwendungszweck und Wirtschaftlichkeit, Planen von Arbeitsschritten und Arbeitsabläufen, Anfertigen von technischen Unterlagen, Messen und Aufschnüren von Flächen, Handhaben von Werkzeugen, Bedienen von Maschinen und Anlagen, Zuschneiden von Werk, und Hilfsstoffen, Herstellen von Profilierungen, Verbinden durch Nähen, Schweißen oder Kleben, Anbringen von Zubehör, Anschlagen von Segeln sowie Arbeiten an Rigg und Takelage, Montieren von Bezügen, Planen, Zelten und Markisen, Durchführen von Reparatur, und Wartungsarbeiten, Beraten von Kunden und Anbieten von Serviceleistungen, Beurteilen der Qualität und Ergreifen von qualitätssichernden Maßnahmen, Beachten von Grundsätzen der Arbeitssicherheit, des Gesundheits, und Umweltschutzes.","['Planen und auf Plätzen für Veranstaltungen Zelte', 'und Umweltschutzes']",126.02518169005955,79.01856242183602
220,,Textil- und Lederberufe,Sonstiges,36,"['Ihren Arbeitsplatz haben Technische Konfektionäre und Technische Konfektionärinnen in Werkstätten oder Werkhallen von Unternehmen, die technische Konfektionsware für z.B. Sonnenschutz, Umweltschutz, Bautechnik, Transport', 'und Schutztechnik herstellen.']","['Herstellen von technischer Konfektionsware z.B. für Sonnenschutz, Umweltschutz, Bautechnik, Transport', 'und Schutztechnik, Auswählen und verwenden von textilen Werk', 'und Hilfsstoffen, Folien, Verbundstoffen und Zubehör nach Einsatzgebieten und Wirtschaftlichkeit, Planen von Arbeitsschritten und Arbeitsabläufen, Anfertigen und Anwenden von technischen Unterlagen, Vorrichten, Bedienen und Überwachen von Maschinen und Anlagen, Zuschneiden von Werk', 'und Hilfsstoffen, Herstellen von Verbindungen durch Nähen, Schweißen und Kleben, Anbringen von Zubehör, Reparieren von technischer Konfektionsware und Zubehör, Umsetzen von Kundenanforderungen, Beurteilen der Qualität und Ergreifen von qualitätssichernden Maßnahmen, Beachten von Grundsätzen der Arbeitssicherheit, des Gesundheits', 'und Umweltschutzes.']",https://www.bibb.de/dienst/berufesuche/de/index_berufesuche.php/profile/apprenticeship/81523,"Tätigkeitsfelder: Ihren Arbeitsplatz haben Technische Konfektionäre und Technische Konfektionärinnen in Werkstätten oder Werkhallen von Unternehmen, die technische Konfektionsware für z.B. Sonnenschutz, Umweltschutz, Bautechnik, Transport, und Schutztechnik herstellen.; Profil: Herstellen von technischer Konfektionsware z.B. für Sonnenschutz, Umweltschutz, Bautechnik, Transport, und Schutztechnik, Auswählen und verwenden von textilen Werk, und Hilfsstoffen, Folien, Verbundstoffen und Zubehör nach Einsatzgebieten und Wirtschaftlichkeit, Planen von Arbeitsschritten und Arbeitsabläufen, Anfertigen und Anwenden von technischen Unterlagen, Vorrichten, Bedienen und Überwachen von Maschinen und Anlagen, Zuschneiden von Werk, und Hilfsstoffen, Herstellen von Verbindungen durch Nähen, Schweißen und Kleben, Anbringen von Zubehör, Reparieren von technischer Konfektionsware und Zubehör, Umsetzen von Kundenanforderungen, Beurteilen der Qualität und Ergreifen von qualitätssichernden Maßnahmen, Beachten von Grundsätzen der Arbeitssicherheit, des Gesundheits, und Umweltschutzes.","['und Schutztechnik herstellen', 'und Umweltschutzes']",137.1536894965908,83.8254331609272
221,,Textil- und Lederberufe,Sonstiges,24,"['Textil', 'und Modenäher und Textil', 'und Modenäherinnen arbeiten vorwiegend in den Näh', 'und Musterabteilungen der Unternehmen der Textil', 'und Bekleidungsindustrie, insbesondere in den Bereichen Damen', ', Herren', 'und Kinderoberbekleidung, Berufs', ', Sport', 'und Freizeitkleidung, Tag', 'und Nachtwäsche, Bade', 'und Miederwaren, Kopfbedeckungen, Bekleidungszubehör, Haus', 'und Heimtextilien sowie in der Konfektion medizinischer und technischer Textilien.']","['Anfertigen von Bekleidungsartikeln und sonstigen textilen Artikeln anhand von technischen Anweisungen, Auswählen von textilen Werk', 'und Hilfsstoffen und Zubehör nach Verwendungszweck und Wirtschaftlichkeit, Zuschneiden und Fügen von Teilen, Ausführen von Näharbeitsgängen, Ausführen von Bügel', 'und Fixierarbeiten, Einrichten, Bedienen und Instandhalten von Werkzeugen, Geräten, Maschinen und Anlagen, rationelles Ausführen von Arbeitsgängen, Planen und Vorbereiten von Arbeitsabläufen, Bearbeiten von Schnitten und Erstellen von Schnittbildern, Anwenden von technischen Unterlagen, Erfassen des Zusammenhangs zwischen Gestaltung, Konstruktion und Verarbeitung, Kommunizieren mit Mitarbeitern und Vorgesetzen, Beurteilen von Qualität und Durchführen von qualitätssichernden Maßnahmen, Beachten von Grundsätzen der Arbeitssicherheit, des Gesundheits', 'und Umweltschutzes.']",https://www.bibb.de/dienst/berufesuche/de/index_berufesuche.php/profile/apprenticeship/03042015,"Tätigkeitsfelder: Textil, und Modenäher und Textil, und Modenäherinnen arbeiten vorwiegend in den Näh, und Musterabteilungen der Unternehmen der Textil, und Bekleidungsindustrie, insbesondere in den Bereichen Damen, , Herren, und Kinderoberbekleidung, Berufs, , Sport, und Freizeitkleidung, Tag, und Nachtwäsche, Bade, und Miederwaren, Kopfbedeckungen, Bekleidungszubehör, Haus, und Heimtextilien sowie in der Konfektion medizinischer und technischer Textilien.; Profil: Anfertigen von Bekleidungsartikeln und sonstigen textilen Artikeln anhand von technischen Anweisungen, Auswählen von textilen Werk, und Hilfsstoffen und Zubehör nach Verwendungszweck und Wirtschaftlichkeit, Zuschneiden und Fügen von Teilen, Ausführen von Näharbeitsgängen, Ausführen von Bügel, und Fixierarbeiten, Einrichten, Bedienen und Instandhalten von Werkzeugen, Geräten, Maschinen und Anlagen, rationelles Ausführen von Arbeitsgängen, Planen und Vorbereiten von Arbeitsabläufen, Bearbeiten von Schnitten und Erstellen von Schnittbildern, Anwenden von technischen Unterlagen, Erfassen des Zusammenhangs zwischen Gestaltung, Konstruktion und Verarbeitung, Kommunizieren mit Mitarbeitern und Vorgesetzen, Beurteilen von Qualität und Durchführen von qualitätssichernden Maßnahmen, Beachten von Grundsätzen der Arbeitssicherheit, des Gesundheits, und Umweltschutzes.","['Textil', 'und Modenäher und Textil', 'und Musterabteilungen der Unternehmen der Textil', 'Herren', 'und Kinderoberbekleidung Berufs', 'Sport', 'und Freizeitkleidung Tag', 'und Nachtwäsche Bade', 'und Umweltschutzes']",166.26297783476215,34.02844991090648
222,,Textil- und Lederberufe,Sonstiges,36,"['Textilgestalter/Textilgestalterinnen im Handwerk, Fachrichtung Klöppeln, arbeiten in Werkstätten, Ateliers und Unternehmen. Mögliche Arbeitsbereiche können u.a. Modeateliers, therapeutische Einrichtungen oder Theaterwerkstätten und Museen sein. Der spätere berufliche Werdegang führt oft in die Selbstständigkeit.']","['Gestalten und Herstellen von Klöppelspitzen, Anwenden verschiedener Klöppelspitzentechniken, Entwickeln und Gestalten von Entwürfen, Durchführen von experimentellen Spitzenarbeiten, Planen und Vorbereiten von Arbeitsabläufen, Einsetzen und Kombinieren von Werkstoffen nach Verwendungszweck und Wirtschaftlichkeit, Erstellen von technischen Unterlagen, Handhaben von Arbeitsgeräten und Werkzeugen,, Ausführen von Ecken und Runden, Umsetzen von Kantenanfängen und Kantenabschlüssen, Einarbeiten von Verbindungen und Verzierungen, Zusammenfügen und Montieren von Spitzen, Instandsetzen von Klöppelspitzen, Verkaufen und Präsentieren von Klöppelspitzen, Beraten von Kunden, Beurteilen von Qualität und Durchführen von qualitätssichernden Maßnahmen, Beachten von Grundsätzen der Arbeitssicherheit, des Gesundheits', 'und Umweltschutzes.']",https://www.bibb.de/dienst/berufesuche/de/index_berufesuche.php/profile/apprenticeship/tih56789,"Tätigkeitsfelder: Textilgestalter/Textilgestalterinnen im Handwerk, Fachrichtung Klöppeln, arbeiten in Werkstätten, Ateliers und Unternehmen. Mögliche Arbeitsbereiche können u.a. Modeateliers, therapeutische Einrichtungen oder Theaterwerkstätten und Museen sein. Der spätere berufliche Werdegang führt oft in die Selbstständigkeit.; Profil: Gestalten und Herstellen von Klöppelspitzen, Anwenden verschiedener Klöppelspitzentechniken, Entwickeln und Gestalten von Entwürfen, Durchführen von experimentellen Spitzenarbeiten, Planen und Vorbereiten von Arbeitsabläufen, Einsetzen und Kombinieren von Werkstoffen nach Verwendungszweck und Wirtschaftlichkeit, Erstellen von technischen Unterlagen, Handhaben von Arbeitsgeräten und Werkzeugen,, Ausführen von Ecken und Runden, Umsetzen von Kantenanfängen und Kantenabschlüssen, Einarbeiten von Verbindungen und Verzierungen, Zusammenfügen und Montieren von Spitzen, Instandsetzen von Klöppelspitzen, Verkaufen und Präsentieren von Klöppelspitzen, Beraten von Kunden, Beurteilen von Qualität und Durchführen von qualitätssichernden Maßnahmen, Beachten von Grundsätzen der Arbeitssicherheit, des Gesundheits, und Umweltschutzes.",['und Umweltschutzes'],881.5468236719927,901.7994003407607
223,,Textil- und Lederberufe,Sonstiges,36,"['Textilgestalter/Textilgestalterinnen im Handwerk, Fachrichtung Klöppeln, arbeiten in Werkstätten, Ateliers und Unternehmen. Mögliche Arbeitsbereiche können u.a. Modeateliers, therapeutische Einrichtungen oder Theaterwerkstätten und Museen sein. Der spätere berufliche Werdegang führt oft in die Selbstständigkeit.']","['Gestalten und Herstellen von Klöppelspitzen, Anwenden verschiedener Klöppelspitzentechniken, Entwickeln und Gestalten von Entwürfen, Durchführen von experimentellen Spitzenarbeiten, Planen und Vorbereiten von Arbeitsabläufen, Einsetzen und Kombinieren von Werkstoffen nach Verwendungszweck und Wirtschaftlichkeit, Erstellen von technischen Unterlagen, Handhaben von Arbeitsgeräten und Werkzeugen,, Ausführen von Ecken und Runden, Umsetzen von Kantenanfängen und Kantenabschlüssen, Einarbeiten von Verbindungen und Verzierungen, Zusammenfügen und Montieren von Spitzen, Instandsetzen von Klöppelspitzen, Verkaufen und Präsentieren von Klöppelspitzen, Beraten von Kunden, Beurteilen von Qualität und Durchführen von qualitätssichernden Maßnahmen, Beachten von Grundsätzen der Arbeitssicherheit, des Gesundheits', 'und Umweltschutzes.']",https://www.bibb.de/dienst/berufesuche/de/index_berufesuche.php/profile/apprenticeship/tih56789,"Tätigkeitsfelder: Textilgestalter/Textilgestalterinnen im Handwerk, Fachrichtung Klöppeln, arbeiten in Werkstätten, Ateliers und Unternehmen. Mögliche Arbeitsbereiche können u.a. Modeateliers, therapeutische Einrichtungen oder Theaterwerkstätten und Museen sein. Der spätere berufliche Werdegang führt oft in die Selbstständigkeit.; Profil: Gestalten und Herstellen von Klöppelspitzen, Anwenden verschiedener Klöppelspitzentechniken, Entwickeln und Gestalten von Entwürfen, Durchführen von experimentellen Spitzenarbeiten, Planen und Vorbereiten von Arbeitsabläufen, Einsetzen und Kombinieren von Werkstoffen nach Verwendungszweck und Wirtschaftlichkeit, Erstellen von technischen Unterlagen, Handhaben von Arbeitsgeräten und Werkzeugen,, Ausführen von Ecken und Runden, Umsetzen von Kantenanfängen und Kantenabschlüssen, Einarbeiten von Verbindungen und Verzierungen, Zusammenfügen und Montieren von Spitzen, Instandsetzen von Klöppelspitzen, Verkaufen und Präsentieren von Klöppelspitzen, Beraten von Kunden, Beurteilen von Qualität und Durchführen von qualitätssichernden Maßnahmen, Beachten von Grundsätzen der Arbeitssicherheit, des Gesundheits, und Umweltschutzes.",['und Umweltschutzes'],881.5468236719927,901.7994003407607
224,,Textil- und Lederberufe,Sonstiges,36,"['Textilgestalter/Textilgestalterinnen im Handwerk, Fachrichtung Klöppeln, arbeiten in Werkstätten, Ateliers und Unternehmen. Mögliche Arbeitsbereiche können u.a. Modeateliers, therapeutische Einrichtungen oder Theaterwerkstätten und Museen sein. Der spätere berufliche Werdegang führt oft in die Selbstständigkeit.']","['Gestalten und Herstellen von Klöppelspitzen, Anwenden verschiedener Klöppelspitzentechniken, Entwickeln und Gestalten von Entwürfen, Durchführen von experimentellen Spitzenarbeiten, Planen und Vorbereiten von Arbeitsabläufen, Einsetzen und Kombinieren von Werkstoffen nach Verwendungszweck und Wirtschaftlichkeit, Erstellen von technischen Unterlagen, Handhaben von Arbeitsgeräten und Werkzeugen,, Ausführen von Ecken und Runden, Umsetzen von Kantenanfängen und Kantenabschlüssen, Einarbeiten von Verbindungen und Verzierungen, Zusammenfügen und Montieren von Spitzen, Instandsetzen von Klöppelspitzen, Verkaufen und Präsentieren von Klöppelspitzen, Beraten von Kunden, Beurteilen von Qualität und Durchführen von qualitätssichernden Maßnahmen, Beachten von Grundsätzen der Arbeitssicherheit, des Gesundheits', 'und Umweltschutzes.']",https://www.bibb.de/dienst/berufesuche/de/index_berufesuche.php/profile/apprenticeship/tih56789,"Tätigkeitsfelder: Textilgestalter/Textilgestalterinnen im Handwerk, Fachrichtung Klöppeln, arbeiten in Werkstätten, Ateliers und Unternehmen. Mögliche Arbeitsbereiche können u.a. Modeateliers, therapeutische Einrichtungen oder Theaterwerkstätten und Museen sein. Der spätere berufliche Werdegang führt oft in die Selbstständigkeit.; Profil: Gestalten und Herstellen von Klöppelspitzen, Anwenden verschiedener Klöppelspitzentechniken, Entwickeln und Gestalten von Entwürfen, Durchführen von experimentellen Spitzenarbeiten, Planen und Vorbereiten von Arbeitsabläufen, Einsetzen und Kombinieren von Werkstoffen nach Verwendungszweck und Wirtschaftlichkeit, Erstellen von technischen Unterlagen, Handhaben von Arbeitsgeräten und Werkzeugen,, Ausführen von Ecken und Runden, Umsetzen von Kantenanfängen und Kantenabschlüssen, Einarbeiten von Verbindungen und Verzierungen, Zusammenfügen und Montieren von Spitzen, Instandsetzen von Klöppelspitzen, Verkaufen und Präsentieren von Klöppelspitzen, Beraten von Kunden, Beurteilen von Qualität und Durchführen von qualitätssichernden Maßnahmen, Beachten von Grundsätzen der Arbeitssicherheit, des Gesundheits, und Umweltschutzes.",['und Umweltschutzes'],881.5468236719927,901.7994003407607
225,,Textil- und Lederberufe,Sonstiges,36,"['Textilgestalter/Textilgestalterinnen im Handwerk, Fachrichtung Klöppeln, arbeiten in Werkstätten, Ateliers und Unternehmen. Mögliche Arbeitsbereiche können u.a. Modeateliers, therapeutische Einrichtungen oder Theaterwerkstätten und Museen sein. Der spätere berufliche Werdegang führt oft in die Selbstständigkeit.']","['Gestalten und Herstellen von Klöppelspitzen, Anwenden verschiedener Klöppelspitzentechniken, Entwickeln und Gestalten von Entwürfen, Durchführen von experimentellen Spitzenarbeiten, Planen und Vorbereiten von Arbeitsabläufen, Einsetzen und Kombinieren von Werkstoffen nach Verwendungszweck und Wirtschaftlichkeit, Erstellen von technischen Unterlagen, Handhaben von Arbeitsgeräten und Werkzeugen,, Ausführen von Ecken und Runden, Umsetzen von Kantenanfängen und Kantenabschlüssen, Einarbeiten von Verbindungen und Verzierungen, Zusammenfügen und Montieren von Spitzen, Instandsetzen von Klöppelspitzen, Verkaufen und Präsentieren von Klöppelspitzen, Beraten von Kunden, Beurteilen von Qualität und Durchführen von qualitätssichernden Maßnahmen, Beachten von Grundsätzen der Arbeitssicherheit, des Gesundheits', 'und Umweltschutzes.']",https://www.bibb.de/dienst/berufesuche/de/index_berufesuche.php/profile/apprenticeship/tih56789,"Tätigkeitsfelder: Textilgestalter/Textilgestalterinnen im Handwerk, Fachrichtung Klöppeln, arbeiten in Werkstätten, Ateliers und Unternehmen. Mögliche Arbeitsbereiche können u.a. Modeateliers, therapeutische Einrichtungen oder Theaterwerkstätten und Museen sein. Der spätere berufliche Werdegang führt oft in die Selbstständigkeit.; Profil: Gestalten und Herstellen von Klöppelspitzen, Anwenden verschiedener Klöppelspitzentechniken, Entwickeln und Gestalten von Entwürfen, Durchführen von experimentellen Spitzenarbeiten, Planen und Vorbereiten von Arbeitsabläufen, Einsetzen und Kombinieren von Werkstoffen nach Verwendungszweck und Wirtschaftlichkeit, Erstellen von technischen Unterlagen, Handhaben von Arbeitsgeräten und Werkzeugen,, Ausführen von Ecken und Runden, Umsetzen von Kantenanfängen und Kantenabschlüssen, Einarbeiten von Verbindungen und Verzierungen, Zusammenfügen und Montieren von Spitzen, Instandsetzen von Klöppelspitzen, Verkaufen und Präsentieren von Klöppelspitzen, Beraten von Kunden, Beurteilen von Qualität und Durchführen von qualitätssichernden Maßnahmen, Beachten von Grundsätzen der Arbeitssicherheit, des Gesundheits, und Umweltschutzes.",['und Umweltschutzes'],881.5468236719927,901.7994003407607
226,,Textil- und Lederberufe,Sonstiges,36,"['Textilgestalter/Textilgestalterinnen im Handwerk, Fachrichtung Klöppeln, arbeiten in Werkstätten, Ateliers und Unternehmen. Mögliche Arbeitsbereiche können u.a. Modeateliers, therapeutische Einrichtungen oder Theaterwerkstätten und Museen sein. Der spätere berufliche Werdegang führt oft in die Selbstständigkeit.']","['Gestalten und Herstellen von Klöppelspitzen, Anwenden verschiedener Klöppelspitzentechniken, Entwickeln und Gestalten von Entwürfen, Durchführen von experimentellen Spitzenarbeiten, Planen und Vorbereiten von Arbeitsabläufen, Einsetzen und Kombinieren von Werkstoffen nach Verwendungszweck und Wirtschaftlichkeit, Erstellen von technischen Unterlagen, Handhaben von Arbeitsgeräten und Werkzeugen,, Ausführen von Ecken und Runden, Umsetzen von Kantenanfängen und Kantenabschlüssen, Einarbeiten von Verbindungen und Verzierungen, Zusammenfügen und Montieren von Spitzen, Instandsetzen von Klöppelspitzen, Verkaufen und Präsentieren von Klöppelspitzen, Beraten von Kunden, Beurteilen von Qualität und Durchführen von qualitätssichernden Maßnahmen, Beachten von Grundsätzen der Arbeitssicherheit, des Gesundheits', 'und Umweltschutzes.']",https://www.bibb.de/dienst/berufesuche/de/index_berufesuche.php/profile/apprenticeship/tih56789,"Tätigkeitsfelder: Textilgestalter/Textilgestalterinnen im Handwerk, Fachrichtung Klöppeln, arbeiten in Werkstätten, Ateliers und Unternehmen. Mögliche Arbeitsbereiche können u.a. Modeateliers, therapeutische Einrichtungen oder Theaterwerkstätten und Museen sein. Der spätere berufliche Werdegang führt oft in die Selbstständigkeit.; Profil: Gestalten und Herstellen von Klöppelspitzen, Anwenden verschiedener Klöppelspitzentechniken, Entwickeln und Gestalten von Entwürfen, Durchführen von experimentellen Spitzenarbeiten, Planen und Vorbereiten von Arbeitsabläufen, Einsetzen und Kombinieren von Werkstoffen nach Verwendungszweck und Wirtschaftlichkeit, Erstellen von technischen Unterlagen, Handhaben von Arbeitsgeräten und Werkzeugen,, Ausführen von Ecken und Runden, Umsetzen von Kantenanfängen und Kantenabschlüssen, Einarbeiten von Verbindungen und Verzierungen, Zusammenfügen und Montieren von Spitzen, Instandsetzen von Klöppelspitzen, Verkaufen und Präsentieren von Klöppelspitzen, Beraten von Kunden, Beurteilen von Qualität und Durchführen von qualitätssichernden Maßnahmen, Beachten von Grundsätzen der Arbeitssicherheit, des Gesundheits, und Umweltschutzes.",['und Umweltschutzes'],881.5468236719927,901.7994003407607
227,,Textil- und Lederberufe,Sonstiges,36,"['Textilgestalter/Textilgestalterinnen im Handwerk, Fachrichtung Klöppeln, arbeiten in Werkstätten, Ateliers und Unternehmen. Mögliche Arbeitsbereiche können u.a. Modeateliers, therapeutische Einrichtungen oder Theaterwerkstätten und Museen sein. Der spätere berufliche Werdegang führt oft in die Selbstständigkeit.']","['Gestalten und Herstellen von Klöppelspitzen, Anwenden verschiedener Klöppelspitzentechniken, Entwickeln und Gestalten von Entwürfen, Durchführen von experimentellen Spitzenarbeiten, Planen und Vorbereiten von Arbeitsabläufen, Einsetzen und Kombinieren von Werkstoffen nach Verwendungszweck und Wirtschaftlichkeit, Erstellen von technischen Unterlagen, Handhaben von Arbeitsgeräten und Werkzeugen,, Ausführen von Ecken und Runden, Umsetzen von Kantenanfängen und Kantenabschlüssen, Einarbeiten von Verbindungen und Verzierungen, Zusammenfügen und Montieren von Spitzen, Instandsetzen von Klöppelspitzen, Verkaufen und Präsentieren von Klöppelspitzen, Beraten von Kunden, Beurteilen von Qualität und Durchführen von qualitätssichernden Maßnahmen, Beachten von Grundsätzen der Arbeitssicherheit, des Gesundheits', 'und Umweltschutzes.']",https://www.bibb.de/dienst/berufesuche/de/index_berufesuche.php/profile/apprenticeship/tih56789,"Tätigkeitsfelder: Textilgestalter/Textilgestalterinnen im Handwerk, Fachrichtung Klöppeln, arbeiten in Werkstätten, Ateliers und Unternehmen. Mögliche Arbeitsbereiche können u.a. Modeateliers, therapeutische Einrichtungen oder Theaterwerkstätten und Museen sein. Der spätere berufliche Werdegang führt oft in die Selbstständigkeit.; Profil: Gestalten und Herstellen von Klöppelspitzen, Anwenden verschiedener Klöppelspitzentechniken, Entwickeln und Gestalten von Entwürfen, Durchführen von experimentellen Spitzenarbeiten, Planen und Vorbereiten von Arbeitsabläufen, Einsetzen und Kombinieren von Werkstoffen nach Verwendungszweck und Wirtschaftlichkeit, Erstellen von technischen Unterlagen, Handhaben von Arbeitsgeräten und Werkzeugen,, Ausführen von Ecken und Runden, Umsetzen von Kantenanfängen und Kantenabschlüssen, Einarbeiten von Verbindungen und Verzierungen, Zusammenfügen und Montieren von Spitzen, Instandsetzen von Klöppelspitzen, Verkaufen und Präsentieren von Klöppelspitzen, Beraten von Kunden, Beurteilen von Qualität und Durchführen von qualitätssichernden Maßnahmen, Beachten von Grundsätzen der Arbeitssicherheit, des Gesundheits, und Umweltschutzes.",['und Umweltschutzes'],881.5468236719927,901.7994003407607
228,,Textil- und Lederberufe,Sonstiges,24,"['Änderungsschneider/ Änderungsschneiderinnen arbeiten in Änderungsateliers oder in den Konfektionsabteilungen von Mode', 'und Kaufhäusern.']","['Ändern, Modernisieren und Reparieren von Kleidungsstücken und Heimtextilien, Annehmen von Änderungsaufträgen und Beraten der Kunden über Änderungsmöglichkeiten und Kosten, Planen der Arbeitsschritte zur Änderung von Kleidungsstücken und Heimtextilien, Durchführen von Eingangskontrollen und Disponieren der Materialien, Handhaben von Arbeitsgeräten, Maschinen und Einrichtungen, Vorbereiten von Klein', 'und Großstücken sowie Hilfsstoffen für Änderungen, Ausführen von Bügelarbeiten, Ausführen von Näharbeitsgängen mit Maschine und Hand, Dokumentieren der Auftrags', 'und Änderungsdaten, Berücksichtigung von Sicherheit und Gesundheitsschutz bei der Arbeit, Umweltschutz sowie Wirtschaftlichkeit, Durchführen von qualitätssichernden Maßnahmen.']",https://www.bibb.de/dienst/berufesuche/de/index_berufesuche.php/profile/apprenticeship/nmhjbkhi,"Tätigkeitsfelder: Änderungsschneider/ Änderungsschneiderinnen arbeiten in Änderungsateliers oder in den Konfektionsabteilungen von Mode, und Kaufhäusern.; Profil: Ändern, Modernisieren und Reparieren von Kleidungsstücken und Heimtextilien, Annehmen von Änderungsaufträgen und Beraten der Kunden über Änderungsmöglichkeiten und Kosten, Planen der Arbeitsschritte zur Änderung von Kleidungsstücken und Heimtextilien, Durchführen von Eingangskontrollen und Disponieren der Materialien, Handhaben von Arbeitsgeräten, Maschinen und Einrichtungen, Vorbereiten von Klein, und Großstücken sowie Hilfsstoffen für Änderungen, Ausführen von Bügelarbeiten, Ausführen von Näharbeitsgängen mit Maschine und Hand, Dokumentieren der Auftrags, und Änderungsdaten, Berücksichtigung von Sicherheit und Gesundheitsschutz bei der Arbeit, Umweltschutz sowie Wirtschaftlichkeit, Durchführen von qualitätssichernden Maßnahmen.",['und Kaufhäusern'],45.72487068404804,7.818687304208118
229,,"Tourismus-, Hotel- und Gaststättenberufe",Gastronomie & Tourismus,36,"['Fachleute für Restaurants und Veranstaltungsgastronomie arbeiten insbesondere in Restaurants, Gasthöfen, Hotels, im Catering, in der Gemeinschaftsgastronomie oder im Messe', 'und Veranstaltungswesen.']","['Empfangen und Betreuen der Gäste, Beraten der Gäste über das Speisenangebot und korrespondierende Getränke, Verkaufen von Speisen und Getränke, Präsentieren und Servieren unter Berücksichtigung verschiedener Servierarten, Zubereiten von Speisen und Getränken am Tisch des Gastes, Herstellen von Heiß', 'und Kaltgetränken sowie von Mischgetränken, Ausschenken von Getränken, Planen und Organisieren von Veranstaltungen und Banketts und Mitwirken bei der Durchführung, Organisieren von Serviceabläufen, Planen des Personaleinsatzes und Anleiten von Mitarbeitenden, Bedienen von Reservierungs', 'und Kassensystemen sowie Erstellen von Abrechnungen, Umsetzen von verkaufsfördernden Maßnahmen, Annehmen und Lagern von Waren sowie Überwachen der Bestände, Umsetzen von Hygienemaßnahmen, Beachten von Nachhaltigkeitsaspekten Arbeiten im Team.']",https://www.bibb.de/dienst/berufesuche/de/index_berufesuche.php/profile/apprenticeship/restfa22,"Tätigkeitsfelder: Fachleute für Restaurants und Veranstaltungsgastronomie arbeiten insbesondere in Restaurants, Gasthöfen, Hotels, im Catering, in der Gemeinschaftsgastronomie oder im Messe, und Veranstaltungswesen.; Profil: Empfangen und Betreuen der Gäste, Beraten der Gäste über das Speisenangebot und korrespondierende Getränke, Verkaufen von Speisen und Getränke, Präsentieren und Servieren unter Berücksichtigung verschiedener Servierarten, Zubereiten von Speisen und Getränken am Tisch des Gastes, Herstellen von Heiß, und Kaltgetränken sowie von Mischgetränken, Ausschenken von Getränken, Planen und Organisieren von Veranstaltungen und Banketts und Mitwirken bei der Durchführung, Organisieren von Serviceabläufen, Planen des Personaleinsatzes und Anleiten von Mitarbeitenden, Bedienen von Reservierungs, und Kassensystemen sowie Erstellen von Abrechnungen, Umsetzen von verkaufsfördernden Maßnahmen, Annehmen und Lagern von Waren sowie Überwachen der Bestände, Umsetzen von Hygienemaßnahmen, Beachten von Nachhaltigkeitsaspekten Arbeiten im Team.",['und Veranstaltungswesen'],28.016119958322907,-11.378638488958327
230,,"Tourismus-, Hotel- und Gaststättenberufe",Gastronomie & Tourismus,36,"['Fachleute für Systemgastronomie arbeiten insbesondere in gastronomischen Betrieben, die auf Basis eines standardisierten und zentral gesteuerten Konzeptes multipliziert sind.']","['Umsetzen eines zentral vorgegebenen Gastronomiekonzeptes und Überwachen der Einhaltung, Organisieren und Steuern von betrieblichen Abläufen, Empfangen, Betreuen und Beraten der Gäste, Umsetzen des Reklamationsmanagements, Bedienen von Kassen', 'und Bezahlsystemen, Annehmen und Lagern von Waren sowie Überwachen der Bestände, Prüfen der Beschaffenheit und Qualität von Lebensmitteln, Planen des Personaleinsatzes, Anleiten von Mitarbeitenden, Arbeiten im Team, Führung und Entwicklung von Mitarbeitenden, Überwachen der Produktqualität und Durchführen von qualitätssichernden Maßnahmen, Ermitteln und Beurteilen von betrieblichen Kennzahlen, Planen und Durchführen von Marketingaktionen, Wahrnehmen grundlegender Aufgaben in Küche und Produktion, Wahrnehmen grundlegender Aufgaben im Service, Umsetzen von Hygienemaßnahmen , Beachten von Nachhaltigkeitsaspekten.']",https://www.bibb.de/dienst/berufesuche/de/index_berufesuche.php/profile/apprenticeship/fasyga22,"Tätigkeitsfelder: Fachleute für Systemgastronomie arbeiten insbesondere in gastronomischen Betrieben, die auf Basis eines standardisierten und zentral gesteuerten Konzeptes multipliziert sind.; Profil: Umsetzen eines zentral vorgegebenen Gastronomiekonzeptes und Überwachen der Einhaltung, Organisieren und Steuern von betrieblichen Abläufen, Empfangen, Betreuen und Beraten der Gäste, Umsetzen des Reklamationsmanagements, Bedienen von Kassen, und Bezahlsystemen, Annehmen und Lagern von Waren sowie Überwachen der Bestände, Prüfen der Beschaffenheit und Qualität von Lebensmitteln, Planen des Personaleinsatzes, Anleiten von Mitarbeitenden, Arbeiten im Team, Führung und Entwicklung von Mitarbeitenden, Überwachen der Produktqualität und Durchführen von qualitätssichernden Maßnahmen, Ermitteln und Beurteilen von betrieblichen Kennzahlen, Planen und Durchführen von Marketingaktionen, Wahrnehmen grundlegender Aufgaben in Küche und Produktion, Wahrnehmen grundlegender Aufgaben im Service, Umsetzen von Hygienemaßnahmen , Beachten von Nachhaltigkeitsaspekten.",[],-14.03884643295269,9.783324732463104
231,,"Tourismus-, Hotel- und Gaststättenberufe",Gastronomie & Tourismus,36,"['Hotelfachleute arbeiten in Beherbergungsbetrieben, insbesondere in Hotels, Gasthöfen und Pensionen.']","['Arbeiten in der Reservierung und am Empfang, Verkaufen von Übernachtungen und Dienstleistungen, Organisieren des Empfangs', 'und Reservierungsbereiches, Bearbeiten der Gästekommunikation und des Beschwerde', 'Managements, Umsetzen der betrieblichen Strategien des Channel', 'Managements und des Revenue', 'Managements, Umsetzen und Auswerten von Maßnahmen der Verkaufsförderung und des Marketings, Verkaufen, Organisieren und Durchführen von Veranstaltungen, Planen, Organisieren und Kontrollieren des Housekeepings, Wahrnehmen von Aufgaben im Food', 'and', 'Beverage', 'Management, Annehmen und Lagern von Waren sowie Überwachen der Bestände, Empfangen und Beraten der Gäste, Servieren von Speisen und Getränken, Umsetzen von Hygienemaßnahmen, Beachten von Nachhaltigkeitsaspekten, Anleiten und Führen von Mitarbeitenden, Arbeiten im Team und Kooperieren mit angrenzenden Zuständigkeitsbereichen.']",https://www.bibb.de/dienst/berufesuche/de/index_berufesuche.php/profile/apprenticeship/hofa22,"Tätigkeitsfelder: Hotelfachleute arbeiten in Beherbergungsbetrieben, insbesondere in Hotels, Gasthöfen und Pensionen.; Profil: Arbeiten in der Reservierung und am Empfang, Verkaufen von Übernachtungen und Dienstleistungen, Organisieren des Empfangs, und Reservierungsbereiches, Bearbeiten der Gästekommunikation und des Beschwerde, Managements, Umsetzen der betrieblichen Strategien des Channel, Managements und des Revenue, Managements, Umsetzen und Auswerten von Maßnahmen der Verkaufsförderung und des Marketings, Verkaufen, Organisieren und Durchführen von Veranstaltungen, Planen, Organisieren und Kontrollieren des Housekeepings, Wahrnehmen von Aufgaben im Food, and, Beverage, Management, Annehmen und Lagern von Waren sowie Überwachen der Bestände, Empfangen und Beraten der Gäste, Servieren von Speisen und Getränken, Umsetzen von Hygienemaßnahmen, Beachten von Nachhaltigkeitsaspekten, Anleiten und Führen von Mitarbeitenden, Arbeiten im Team und Kooperieren mit angrenzenden Zuständigkeitsbereichen.","['Managements und des Revenue', 'and', 'Beverage']",-21.543692159284557,-13.166082832253434
232,,"Tourismus-, Hotel- und Gaststättenberufe",Gastronomie & Tourismus,36,"['Kaufleute für Hotelmanagement arbeiten vorwiegend administrativ und unterstützen die strategischen Bereiche insbesondere in Beherbergungsbetrieben, Hotelkooperationen und Hotelketten.']","['Planen, Durchführen und Analysieren des Channel', 'Managements und des Revenue', 'Managements, Entwickeln, Durchführen und Auswerten von Marketingmaßnahmen, Erstellen von Rechnungen und Überwachen des Zahlungsverkehrs, Ermitteln und Auswerten von betrieblichen Kennzahlen, Führen von Betriebsstatistiken, Kalkulieren der Verkaufspreise, Annehmen und Lagern von Waren sowie Überwachen der Bestände, Ermitteln von Warenbedarfen und Bearbeiten von Beschaffungsvorgängen, Steuern, Kalkulieren und Auswerten von Veranstaltungen, Durchführen von Personalplanungen und Bearbeiten von Personalvorgängen, Arbeiten in der Reservierung und am Empfang, Verkaufen von Übernachtungen und Dienstleistungen, Bearbeiten der Gästekommunikation und des Beschwerde', 'Managements, Empfangen und Beraten der Gäste, Grundlegende Aufgaben im Service, Umsetzen von Hygienemaßnahmen, Beachten von Nachhaltigkeitsaspekten, Arbeiten im Team und Kooperieren mit angrenzenden Zuständigkeitsbereichen.']",https://www.bibb.de/dienst/berufesuche/de/index_berufesuche.php/profile/apprenticeship/kaho22,"Tätigkeitsfelder: Kaufleute für Hotelmanagement arbeiten vorwiegend administrativ und unterstützen die strategischen Bereiche insbesondere in Beherbergungsbetrieben, Hotelkooperationen und Hotelketten.; Profil: Planen, Durchführen und Analysieren des Channel, Managements und des Revenue, Managements, Entwickeln, Durchführen und Auswerten von Marketingmaßnahmen, Erstellen von Rechnungen und Überwachen des Zahlungsverkehrs, Ermitteln und Auswerten von betrieblichen Kennzahlen, Führen von Betriebsstatistiken, Kalkulieren der Verkaufspreise, Annehmen und Lagern von Waren sowie Überwachen der Bestände, Ermitteln von Warenbedarfen und Bearbeiten von Beschaffungsvorgängen, Steuern, Kalkulieren und Auswerten von Veranstaltungen, Durchführen von Personalplanungen und Bearbeiten von Personalvorgängen, Arbeiten in der Reservierung und am Empfang, Verkaufen von Übernachtungen und Dienstleistungen, Bearbeiten der Gästekommunikation und des Beschwerde, Managements, Empfangen und Beraten der Gäste, Grundlegende Aufgaben im Service, Umsetzen von Hygienemaßnahmen, Beachten von Nachhaltigkeitsaspekten, Arbeiten im Team und Kooperieren mit angrenzenden Zuständigkeitsbereichen.","['Planen Durchführen und Analysieren des Channel', 'Managements und des Revenue']",21.769123852890203,-40.64520700589291
233,,"Tourismus-, Hotel- und Gaststättenberufe",Gastronomie & Tourismus,36,"['Kaufleute für Tourismus und Freizeit sind in Unternehmen der Tourismus', 'und Freizeitbranche tätig. Dazu gehören regionale und nationale Tourismus', 'und Freizeitorganisationen, lokale und regionale Tourismusstellen unterschiedlicher Rechtsform, touristische Branchenverbände, Freizeitbäder, Freizeit', 'und Ferienparks, Campingplätze, Marinas, Incoming', 'Unternehmen, touristisch orientierte Verkehrsunternehmen, weitere Einrichtungen und Unternehmen zur Vermarktung touristischer Attraktionen sowie Unternehmen und Organisationen des Gesundheits', 'und Wellnesstourismus.']","['Entwickeln, Vermitteln und Verkaufen von touristischen und freizeitwirtschaftlichen Produkten und Dienstleistungen, Koordinieren regionaler und lokaler touristischer Angebote nach Kundenwünschen, zielgruppenspezifisches Informieren über touristische Leistungen und Attraktionen, auch in einer Fremdsprache, Beraten und Betreuen von Kunden, Anbieten von Serviceleistungen, Inszenieren von Aktionen und Durchführen von Veranstaltungen, Mitwirken bei der Entwicklung von Marketingmaßnahmen und Umsetzen dieser, Zusammenarbeiten mit lokalen und regionalen Partnern, Mitwirken bei der kaufmännischen Steuerung und Kontrolle, Gewährleisten von Servicequalität und Beachten der Umweltstandards, Anwenden von Informations', 'und Kommunikationssystemen, Mitwirken bei der Sicherstellung der Funktionsfähigkeit von technischen Anlagen und Einrichtungen.']",https://www.bibb.de/dienst/berufesuche/de/index_berufesuche.php/profile/apprenticeship/54refdvc,"Tätigkeitsfelder: Kaufleute für Tourismus und Freizeit sind in Unternehmen der Tourismus, und Freizeitbranche tätig. Dazu gehören regionale und nationale Tourismus, und Freizeitorganisationen, lokale und regionale Tourismusstellen unterschiedlicher Rechtsform, touristische Branchenverbände, Freizeitbäder, Freizeit, und Ferienparks, Campingplätze, Marinas, Incoming, Unternehmen, touristisch orientierte Verkehrsunternehmen, weitere Einrichtungen und Unternehmen zur Vermarktung touristischer Attraktionen sowie Unternehmen und Organisationen des Gesundheits, und Wellnesstourismus.; Profil: Entwickeln, Vermitteln und Verkaufen von touristischen und freizeitwirtschaftlichen Produkten und Dienstleistungen, Koordinieren regionaler und lokaler touristischer Angebote nach Kundenwünschen, zielgruppenspezifisches Informieren über touristische Leistungen und Attraktionen, auch in einer Fremdsprache, Beraten und Betreuen von Kunden, Anbieten von Serviceleistungen, Inszenieren von Aktionen und Durchführen von Veranstaltungen, Mitwirken bei der Entwicklung von Marketingmaßnahmen und Umsetzen dieser, Zusammenarbeiten mit lokalen und regionalen Partnern, Mitwirken bei der kaufmännischen Steuerung und Kontrolle, Gewährleisten von Servicequalität und Beachten der Umweltstandards, Anwenden von Informations, und Kommunikationssystemen, Mitwirken bei der Sicherstellung der Funktionsfähigkeit von technischen Anlagen und Einrichtungen.","['und Ferienparks Campingplätze Marinas Incoming', 'und Wellnesstourismus']",-7.849993657660653,-10.751621312753606
234,,"Tourismus-, Hotel- und Gaststättenberufe",Gastronomie & Tourismus,36,"['Beschäftigungsmöglichkeiten finden Sport', 'und Fitnesskaufleute überwiegend in Betrieben der Fitness', 'und Freizeitwirtschaft, wie z.B. Fitnesscentern, Fitnessanlagen, aber auch in Freizeitparks sowie bei Sportverbänden, Sportvereinen oder in Sportämtern.']","['Mitwirken bei der Entwicklung und Erarbeitung von Konzepten über Sport', 'und sonstige Dienstleistungsangebote, Mitwirken bei der Planung und Koordinierung des täglichen Sportbetriebes und Sichern der dafür nötigen technischen Voraussetzungen (Sportgeräte, Räume, Plätze), Anwenden von sozialen und kommunikativen Fähigkeiten, Gestalten von Organisationsabläufen und Verwaltungsprozessen, team', 'und kundenorientiertes Arbeiten, Einsetzen von Methoden der Arbeitsplanung und', 'kontrolle, Bearbeiten von Geschäftsvorgängen des Rechnungswesens und Durchführen von Kalkulationen, Nutzen von Informations', 'und Kommunikationssystemen, Informieren, Beraten und Betreuen der Mitglieder, Kunden und Interessenten, Beobachten des Marktgeschehens und Erarbeiten von Marketingkonzepten, Erstellen, Auswerten und Präsentieren von Statistiken, Bearbeiten von personalwirtschaftlichen Vorgängen, Mitwirken bei der Planung, Organisation und Durchführung von Sportveranstaltungen, Kontrollieren der Einhaltung der Sicherheitsnormen im Sportbereich, Mitwirken bei der Verwaltung von Sportstätten, Beschaffen von Waren und Dienstleistungen.']",https://www.bibb.de/dienst/berufesuche/de/index_berufesuche.php/profile/apprenticeship/101007,"Tätigkeitsfelder: Beschäftigungsmöglichkeiten finden Sport, und Fitnesskaufleute überwiegend in Betrieben der Fitness, und Freizeitwirtschaft, wie z.B. Fitnesscentern, Fitnessanlagen, aber auch in Freizeitparks sowie bei Sportverbänden, Sportvereinen oder in Sportämtern.; Profil: Mitwirken bei der Entwicklung und Erarbeitung von Konzepten über Sport, und sonstige Dienstleistungsangebote, Mitwirken bei der Planung und Koordinierung des täglichen Sportbetriebes und Sichern der dafür nötigen technischen Voraussetzungen (Sportgeräte, Räume, Plätze), Anwenden von sozialen und kommunikativen Fähigkeiten, Gestalten von Organisationsabläufen und Verwaltungsprozessen, team, und kundenorientiertes Arbeiten, Einsetzen von Methoden der Arbeitsplanung und, kontrolle, Bearbeiten von Geschäftsvorgängen des Rechnungswesens und Durchführen von Kalkulationen, Nutzen von Informations, und Kommunikationssystemen, Informieren, Beraten und Betreuen der Mitglieder, Kunden und Interessenten, Beobachten des Marktgeschehens und Erarbeiten von Marketingkonzepten, Erstellen, Auswerten und Präsentieren von Statistiken, Bearbeiten von personalwirtschaftlichen Vorgängen, Mitwirken bei der Planung, Organisation und Durchführung von Sportveranstaltungen, Kontrollieren der Einhaltung der Sicherheitsnormen im Sportbereich, Mitwirken bei der Verwaltung von Sportstätten, Beschaffen von Waren und Dienstleistungen.",['Beschäftigungsmöglichkeiten finden Sport'],42.89332296192285,-79.14457301725781
235,,"Tourismus-, Hotel- und Gaststättenberufe",Gastronomie & Tourismus,36,"['Sportfachleute sind in der Sportwirtschaft, insbesondere im Geschäfts', ', Sport', 'und Trainingsbetrieb von Sportvereinen und', 'verbänden sowie in Sport', 'und Fitnessstudios tätig.']","['Informieren, Beraten und Betreuen der Mitglieder und Kunden über Sportangebote sowie gesundheitliche Aspekte von Bewegung und Ernährung, Entwickeln und Erarbeiten von Konzepten für den Breiten', 'und Wettkampfsport, Sicherstellen des organisatorischen Ablaufs des Sport', ',Trainings', 'und Wettkampfbetriebes, Trainieren und Beraten der Sportlerinnen/ Sportler in einer Sportart und Anwenden der sportartspezifischen Regeln, Planen, Koordinieren, Organisieren und Durchführen sportartübergreifender und sportartspezifischer Trainings', 'und Wettkampfveranstaltungen, Herstellen bedarfsgerechter und situationsbedingter Trainings', 'und Wettkampfbedingungen, Betreuen Sportlerinnen/ Sportler im Training und Wettkampf, Durchführen von Leistungsbeobachtungen und Ziehen von Schlussfolgerungen, Veranlassen der Pflege und Wartung der Sportgeräte und', 'stätten und der dazugehörigen Anlagen, Fertigkeiten, Kenntnisse und Fähigkeiten zur Ausübung von Trainings¬', 'und Betreuungstätigkeiten, die dem ""Lizenzierten Fitnesstrainer Deutscher Sportstudio', 'Verband DSSV"", der ""Übungsleiter/ Übungsleiterin', 'C', 'Lizenz des Deutschen Olympischen Sportbund (DOSB)"" sowie der ""Trainer', 'Lizenz und Trainer', 'B', 'Lizenz des DOSB"" entsprechen, Beschaffen von Sportgeräten, Waren und Dienstleistungen, Bearbeiten der Geschäftsvorgänge des Rechnungswesens und Durchführen von Kalkulationen, Erstellen, Auswerten und Präsentieren von Statistiken, team', 'und kundenorientiertes Arbeiten unter Nutzung von sozialen und kommunikativen Kompetenzen.']",https://www.bibb.de/dienst/berufesuche/de/index_berufesuche.php/profile/apprenticeship/090907,"Tätigkeitsfelder: Sportfachleute sind in der Sportwirtschaft, insbesondere im Geschäfts, , Sport, und Trainingsbetrieb von Sportvereinen und, verbänden sowie in Sport, und Fitnessstudios tätig.; Profil: Informieren, Beraten und Betreuen der Mitglieder und Kunden über Sportangebote sowie gesundheitliche Aspekte von Bewegung und Ernährung, Entwickeln und Erarbeiten von Konzepten für den Breiten, und Wettkampfsport, Sicherstellen des organisatorischen Ablaufs des Sport, ,Trainings, und Wettkampfbetriebes, Trainieren und Beraten der Sportlerinnen/ Sportler in einer Sportart und Anwenden der sportartspezifischen Regeln, Planen, Koordinieren, Organisieren und Durchführen sportartübergreifender und sportartspezifischer Trainings, und Wettkampfveranstaltungen, Herstellen bedarfsgerechter und situationsbedingter Trainings, und Wettkampfbedingungen, Betreuen Sportlerinnen/ Sportler im Training und Wettkampf, Durchführen von Leistungsbeobachtungen und Ziehen von Schlussfolgerungen, Veranlassen der Pflege und Wartung der Sportgeräte und, stätten und der dazugehörigen Anlagen, Fertigkeiten, Kenntnisse und Fähigkeiten zur Ausübung von Trainings¬, und Betreuungstätigkeiten, die dem ""Lizenzierten Fitnesstrainer Deutscher Sportstudio, Verband DSSV"", der ""Übungsleiter/ Übungsleiterin, C, Lizenz des Deutschen Olympischen Sportbund (DOSB)"" sowie der ""Trainer, Lizenz und Trainer, B, Lizenz des DOSB"" entsprechen, Beschaffen von Sportgeräten, Waren und Dienstleistungen, Bearbeiten der Geschäftsvorgänge des Rechnungswesens und Durchführen von Kalkulationen, Erstellen, Auswerten und Präsentieren von Statistiken, team, und kundenorientiertes Arbeiten unter Nutzung von sozialen und kommunikativen Kompetenzen.","['Sport', 'und Trainingsbetrieb von Sportvereinen und', 'verbänden sowie in Sport', 'und Fitnessstudios tätig', 'Trainings', 'Verband DSSV der Übungsleiter/ Übungsleiterin', 'Lizenz und Trainer']",-6.535496990423929,-33.122347574152
236,,"Tourismus-, Hotel- und Gaststättenberufe",Gastronomie & Tourismus,36,[],[],https://www.bibb.de/dienst/berufesuche/de/index_berufesuche.php/profile/apprenticeship/verank26,,[],-362.29674520471417,191.99426007981612
237,,Verkaufsberufe,Wirtschaft & Verwaltung,36,"['Automobilkaufleute arbeiten in Betrieben der Kraftfahrzeugbranche, vorwiegend in Autohäusern, bei Fahrzeugimporteuren sowie Automobilherstellern.']","['Ein', 'und Verkaufen von Teilen und Zubehör, Dokumentieren und Kontrollieren von Warenlieferungen, Anwenden von Lagerwirtschaftskonzepten, Kalkulieren von Verkaufspreisen, Führen von Beratungs', ', Verkaufs', 'und Reklamationsgesprächen unter Berücksichtigung der Werkstattprozesse im Rahmen des Kundendienstes, Bearbeiten von Gewährleistungs', ', Garantie', 'und Kulanzanträgen, Planen, Durchführen und Bewerten von Marketingmaßnahmen, Einkaufen von Fahrzeugen über verschiedene Vertriebswege für den Fahrzeughandel, Bereitstellen von Fahrzeugen für den Fahrzeughandel, Vorbereiten und Vermitteln von Finanzierungs', ', Leasing', ', Versicherungs', 'und Garantieverträgen, Mitwirken bei der Personalbedarfsermittlung und der Personalbeschaffung, Planen des Personaleinsatzes, Ermitteln von Prämien und Provisionen, Vorbereiten von Entgeltabrechnungen, Unterstützen der kaufmännischen Planung, Steuerung und Kontrolle in den Geschäftsfeldern, Ermitteln und Beurteilen betrieblicher Kennzahlen sowie Aufbereiten für unternehmerische Entscheidungen.']",https://www.bibb.de/dienst/berufesuche/de/index_berufesuche.php/profile/apprenticeship/201015,"Tätigkeitsfelder: Automobilkaufleute arbeiten in Betrieben der Kraftfahrzeugbranche, vorwiegend in Autohäusern, bei Fahrzeugimporteuren sowie Automobilherstellern.; Profil: Ein, und Verkaufen von Teilen und Zubehör, Dokumentieren und Kontrollieren von Warenlieferungen, Anwenden von Lagerwirtschaftskonzepten, Kalkulieren von Verkaufspreisen, Führen von Beratungs, , Verkaufs, und Reklamationsgesprächen unter Berücksichtigung der Werkstattprozesse im Rahmen des Kundendienstes, Bearbeiten von Gewährleistungs, , Garantie, und Kulanzanträgen, Planen, Durchführen und Bewerten von Marketingmaßnahmen, Einkaufen von Fahrzeugen über verschiedene Vertriebswege für den Fahrzeughandel, Bereitstellen von Fahrzeugen für den Fahrzeughandel, Vorbereiten und Vermitteln von Finanzierungs, , Leasing, , Versicherungs, und Garantieverträgen, Mitwirken bei der Personalbedarfsermittlung und der Personalbeschaffung, Planen des Personaleinsatzes, Ermitteln von Prämien und Provisionen, Vorbereiten von Entgeltabrechnungen, Unterstützen der kaufmännischen Planung, Steuerung und Kontrolle in den Geschäftsfeldern, Ermitteln und Beurteilen betrieblicher Kennzahlen sowie Aufbereiten für unternehmerische Entscheidungen.","['Ein', 'Verkaufs', 'Garantie', 'Leasing', 'Versicherungs']",-55.644406498796734,-7.705307532842515
238,,Verkaufsberufe,Wirtschaft & Verwaltung,36,"['Buchhändler/Buchhändlerinnen sind in Buchhandlungen, Buchverlagen, Antiquariaten und im Zwischenbuchhandel sowie im Versandbuchhandel und in Online', 'Shops tätig.']","['Anwenden fachbezogener Bibliographien und Nachschlagesysteme, Nutzen gewonnener Informationen im Kundenservice, Zusammenstellen und Präsentieren eines marktorientierten Sortiments, Beraten von Kunden über Literatur und Fachliteratur, Verkaufen von Büchern, Zeitschriften sowie sonstigen Medien in gedruckter und digitaler Form, Umsetzen des kulturpolitischen Auftrags, Anwenden von Warenwirtschaftssystemen und Umsetzen von Konzepten der Lagerlogistik, Bestellen und Einkaufen unter betriebswirtschaftlichen Aspekten, Auswerten von Kennziffern und Statistiken für die Erfolgskontrolle und Aufbereiten der Ergebnisse, Steuerung und Kontrolle buchhändlerischer Prozesse, Nutzen verschiedener Vertriebswege, Beobachten des Marktes, Entwickeln und Umsetzen von Marketingkonzepten, Durchführen von qualitätssichernden Maßnahmen, Anwenden von branchenspezifischen Informations', 'und Kommunikationstechniken in der Geschäftsabwicklung, team', ', erfolgs', 'und kundenorientiertes Arbeiten und Nutzen von sozialen und kommunikativen Kompetenzen, Kooperieren mit Bildungs', 'und Kultureinrichtungen sowie Branchenorganisationen, Zusammenarbeit mit Autoren, Verlagen, dem Zwischenbuchhandel und Antiquariaten im Rahmen der Wertschöpfungskette.']",https://www.bibb.de/dienst/berufesuche/de/index_berufesuche.php/profile/apprenticeship/39185,"Tätigkeitsfelder: Buchhändler/Buchhändlerinnen sind in Buchhandlungen, Buchverlagen, Antiquariaten und im Zwischenbuchhandel sowie im Versandbuchhandel und in Online, Shops tätig.; Profil: Anwenden fachbezogener Bibliographien und Nachschlagesysteme, Nutzen gewonnener Informationen im Kundenservice, Zusammenstellen und Präsentieren eines marktorientierten Sortiments, Beraten von Kunden über Literatur und Fachliteratur, Verkaufen von Büchern, Zeitschriften sowie sonstigen Medien in gedruckter und digitaler Form, Umsetzen des kulturpolitischen Auftrags, Anwenden von Warenwirtschaftssystemen und Umsetzen von Konzepten der Lagerlogistik, Bestellen und Einkaufen unter betriebswirtschaftlichen Aspekten, Auswerten von Kennziffern und Statistiken für die Erfolgskontrolle und Aufbereiten der Ergebnisse, Steuerung und Kontrolle buchhändlerischer Prozesse, Nutzen verschiedener Vertriebswege, Beobachten des Marktes, Entwickeln und Umsetzen von Marketingkonzepten, Durchführen von qualitätssichernden Maßnahmen, Anwenden von branchenspezifischen Informations, und Kommunikationstechniken in der Geschäftsabwicklung, team, , erfolgs, und kundenorientiertes Arbeiten und Nutzen von sozialen und kommunikativen Kompetenzen, Kooperieren mit Bildungs, und Kultureinrichtungen sowie Branchenorganisationen, Zusammenarbeit mit Autoren, Verlagen, dem Zwischenbuchhandel und Antiquariaten im Rahmen der Wertschöpfungskette.","['Shops tätig', 'erfolgs']",-33.93639509002842,24.287647620360087
239,,Verkaufsberufe,Wirtschaft & Verwaltung,36,[],[],https://www.bibb.de/dienst/berufesuche/de/index_berufesuche.php/profile/apprenticeship/6841101,,[],-362.29674520471417,191.99426007981612
240,,Verkaufsberufe,Wirtschaft & Verwaltung,36,"['Fachverkäufer/innen im Lebensmittelhandwerk sind in Bäckereien, Fleischereien, Konditoreien und Einzelhandelsgeschäften tätig. Darüber hinaus können sie auch in der Gastronomie beschäftigt sein, vorrangig im Verpflegungsbereich bei Catering', 'Unternehmen oder in der Hotellerie.']","['Bedienen der Kunden und Entgegennehmen von Bestellungen, Beraten der Kunden über Rohstoffe, Zutaten, Herstellungsverfahren und die Verwendung von Erzeugnissen oder Produkten, Berücksichtigen von Kundenerwartungen und betrieblichen Verhaltensformen, Führen von Verkaufs', ', Beratungs', 'und Informationsgesprächen, Beraten der Kunden über betrieblichen Veranstaltungsservice, Herstellen und Veredeln von Produkten und Gerichten, Servieren von Gerichten, Entgegennehmen und sachgerechtes Lagern von Waren, Verpacken von Waren, Präsentieren von Waren und Erzeugnissen, Dekorieren von Auslagen und Verkaufsräumen, Anwenden unterschiedlicher Formen der Werbung, Vorbereiten, Bedienen, Pflegen und Reinigen von Anlagen, Maschinen und Geräten, Beachten lebensmittel', 'und gewerberechtlicher Bestimmungen, Abwickeln von Kassiervorgängen, Erstellen von Lieferscheinen und Rechnungen, Führen von Wareneingangs', 'und Warenbestandslisten, Unterbreiten von Angeboten, Durchführen der Inventur, Planen der Arbeitsabläufe teamorientiert, Kontrollieren und Beurteilen der Arbeitsergebnisse und Anwenden von Qualitätsmanagementsystemen, Anwenden von Verfahren und Instrumenten der elektronischen Kommunikation.']",https://www.bibb.de/dienst/berufesuche/de/index_berufesuche.php/profile/apprenticeship/53455jk7,"Tätigkeitsfelder: Fachverkäufer/innen im Lebensmittelhandwerk sind in Bäckereien, Fleischereien, Konditoreien und Einzelhandelsgeschäften tätig. Darüber hinaus können sie auch in der Gastronomie beschäftigt sein, vorrangig im Verpflegungsbereich bei Catering, Unternehmen oder in der Hotellerie.; Profil: Bedienen der Kunden und Entgegennehmen von Bestellungen, Beraten der Kunden über Rohstoffe, Zutaten, Herstellungsverfahren und die Verwendung von Erzeugnissen oder Produkten, Berücksichtigen von Kundenerwartungen und betrieblichen Verhaltensformen, Führen von Verkaufs, , Beratungs, und Informationsgesprächen, Beraten der Kunden über betrieblichen Veranstaltungsservice, Herstellen und Veredeln von Produkten und Gerichten, Servieren von Gerichten, Entgegennehmen und sachgerechtes Lagern von Waren, Verpacken von Waren, Präsentieren von Waren und Erzeugnissen, Dekorieren von Auslagen und Verkaufsräumen, Anwenden unterschiedlicher Formen der Werbung, Vorbereiten, Bedienen, Pflegen und Reinigen von Anlagen, Maschinen und Geräten, Beachten lebensmittel, und gewerberechtlicher Bestimmungen, Abwickeln von Kassiervorgängen, Erstellen von Lieferscheinen und Rechnungen, Führen von Wareneingangs, und Warenbestandslisten, Unterbreiten von Angeboten, Durchführen der Inventur, Planen der Arbeitsabläufe teamorientiert, Kontrollieren und Beurteilen der Arbeitsergebnisse und Anwenden von Qualitätsmanagementsystemen, Anwenden von Verfahren und Instrumenten der elektronischen Kommunikation.","['Unternehmen oder in der Hotellerie', 'Beratungs']",83.57773014050565,-70.42707188323676
241,,Verkaufsberufe,Wirtschaft & Verwaltung,36,"['Fachverkäufer/innen im Lebensmittelhandwerk sind in Bäckereien, Fleischereien, Konditoreien und Einzelhandelsgeschäften tätig. Darüber hinaus können sie auch in der Gastronomie beschäftigt sein, vorrangig im Verpflegungsbereich bei Catering', 'Unternehmen oder in der Hotellerie.']","['Bedienen der Kunden und Entgegennehmen von Bestellungen, Beraten der Kunden über Rohstoffe, Zutaten, Herstellungsverfahren und die Verwendung von Erzeugnissen oder Produkten, Berücksichtigen von Kundenerwartungen und betrieblichen Verhaltensformen, Führen von Verkaufs', ', Beratungs', 'und Informationsgesprächen, Beraten der Kunden über betrieblichen Veranstaltungsservice, Herstellen und Veredeln von Produkten und Gerichten, Servieren von Gerichten, Entgegennehmen und sachgerechtes Lagern von Waren, Verpacken von Waren, Präsentieren von Waren und Erzeugnissen, Dekorieren von Auslagen und Verkaufsräumen, Anwenden unterschiedlicher Formen der Werbung, Vorbereiten, Bedienen, Pflegen und Reinigen von Anlagen, Maschinen und Geräten, Beachten lebensmittel', 'und gewerberechtlicher Bestimmungen, Abwickeln von Kassiervorgängen, Erstellen von Lieferscheinen und Rechnungen, Führen von Wareneingangs', 'und Warenbestandslisten, Unterbreiten von Angeboten, Durchführen der Inventur, Planen der Arbeitsabläufe teamorientiert, Kontrollieren und Beurteilen der Arbeitsergebnisse und Anwenden von Qualitätsmanagementsystemen, Anwenden von Verfahren und Instrumenten der elektronischen Kommunikation.']",https://www.bibb.de/dienst/berufesuche/de/index_berufesuche.php/profile/apprenticeship/53455jk7,"Tätigkeitsfelder: Fachverkäufer/innen im Lebensmittelhandwerk sind in Bäckereien, Fleischereien, Konditoreien und Einzelhandelsgeschäften tätig. Darüber hinaus können sie auch in der Gastronomie beschäftigt sein, vorrangig im Verpflegungsbereich bei Catering, Unternehmen oder in der Hotellerie.; Profil: Bedienen der Kunden und Entgegennehmen von Bestellungen, Beraten der Kunden über Rohstoffe, Zutaten, Herstellungsverfahren und die Verwendung von Erzeugnissen oder Produkten, Berücksichtigen von Kundenerwartungen und betrieblichen Verhaltensformen, Führen von Verkaufs, , Beratungs, und Informationsgesprächen, Beraten der Kunden über betrieblichen Veranstaltungsservice, Herstellen und Veredeln von Produkten und Gerichten, Servieren von Gerichten, Entgegennehmen und sachgerechtes Lagern von Waren, Verpacken von Waren, Präsentieren von Waren und Erzeugnissen, Dekorieren von Auslagen und Verkaufsräumen, Anwenden unterschiedlicher Formen der Werbung, Vorbereiten, Bedienen, Pflegen und Reinigen von Anlagen, Maschinen und Geräten, Beachten lebensmittel, und gewerberechtlicher Bestimmungen, Abwickeln von Kassiervorgängen, Erstellen von Lieferscheinen und Rechnungen, Führen von Wareneingangs, und Warenbestandslisten, Unterbreiten von Angeboten, Durchführen der Inventur, Planen der Arbeitsabläufe teamorientiert, Kontrollieren und Beurteilen der Arbeitsergebnisse und Anwenden von Qualitätsmanagementsystemen, Anwenden von Verfahren und Instrumenten der elektronischen Kommunikation.","['Unternehmen oder in der Hotellerie', 'Beratungs']",83.57773014050565,-70.42707188323676
242,,Verkaufsberufe,Wirtschaft & Verwaltung,36,"['Fotomedienfachleute arbeiten in Betrieben der Fotowirtschaft, insbesondere in Einzelhandelsunternehmen, in Fach', 'und Großlaboren, bei Fotografen, in der Industrie, in Bild', 'Agenturen und weiteren Dienstleistungsunternehmen.']","['Kundenorientiertes Informieren und Beraten über foto', 'und videobezogene Produkte und Dienstleistungen sowie über die Gestaltung und Realisierung von Foto', 'und Videoaufnahmen, Verkaufen von Produkten und Dienstleistungen, Erstellen von fotografischen Aufnahmen nach Vorgaben und eigenen Vorstellungen, Einsetzen von Techniken zur Bildbearbeitung und Bildkorrektur, Bereitstellen von Bilddaten für die weitere Verwendung, Nutzen von verschiedenen Bildausgabetechniken, Beobachten marktrelevanter Entwicklungen, Erschließen der Kundenbedürfnisse, Durchführen von Kundenschulungen, Durchführen von Kalkulationen und Anwenden betrieblicher Controllinginstrumente, Mitwirken bei Planung und Durchführung von Vertrieb und Marketing, Planen und Realisieren der Beschaffung von Waren und Dienstleistungen, team', 'und prozessorientiertes Arbeiten.']",https://www.bibb.de/dienst/berufesuche/de/index_berufesuche.php/profile/apprenticeship/dsfsdf,"Tätigkeitsfelder: Fotomedienfachleute arbeiten in Betrieben der Fotowirtschaft, insbesondere in Einzelhandelsunternehmen, in Fach, und Großlaboren, bei Fotografen, in der Industrie, in Bild, Agenturen und weiteren Dienstleistungsunternehmen.; Profil: Kundenorientiertes Informieren und Beraten über foto, und videobezogene Produkte und Dienstleistungen sowie über die Gestaltung und Realisierung von Foto, und Videoaufnahmen, Verkaufen von Produkten und Dienstleistungen, Erstellen von fotografischen Aufnahmen nach Vorgaben und eigenen Vorstellungen, Einsetzen von Techniken zur Bildbearbeitung und Bildkorrektur, Bereitstellen von Bilddaten für die weitere Verwendung, Nutzen von verschiedenen Bildausgabetechniken, Beobachten marktrelevanter Entwicklungen, Erschließen der Kundenbedürfnisse, Durchführen von Kundenschulungen, Durchführen von Kalkulationen und Anwenden betrieblicher Controllinginstrumente, Mitwirken bei Planung und Durchführung von Vertrieb und Marketing, Planen und Realisieren der Beschaffung von Waren und Dienstleistungen, team, und prozessorientiertes Arbeiten.",['und prozessorientiertes Arbeiten'],8.77157056668874,-44.42672247409487
243,,Verkaufsberufe,Wirtschaft & Verwaltung,36,"['Kaufleute im Einzelhandel sind in Handelsunternehmen mit unterschiedlichen Größen, Betriebsformen und Sortimenten oder als selbstständige Kaufleute tätig. Die Verkaufstätigkeit ist einer der Schwerpunkte ihres kaufmännischen Aufgabenfeldes. Darüber hinaus steuern sie den Waren', 'und Datenfluss in beratungs', 'und selbstbedienungsorientierten Betrieben.']","['Anbieten und Verkaufen von Waren und Dienstleistungen, Informieren und Beraten der Kunden unter Einsatz von Warenkenntnissen, auch in einer Fremdsprache, Bedienen und Abrechnen der Kasse sowie Abwickeln des Zahlungsverkehrs, Mitwirken bei der Sortimentsgestaltung, Ermitteln des Warenbedarfs, Beschaffen von Waren, Platzieren und Präsentieren von Waren im Verkaufsraum, Mitwirken bei Werbemaßnahmen, Kontrollieren und Pflegen von Warenbeständen, Mitwirken bei der Warenannahme und', 'kontrolle, Mitwirken bei logistischen Prozessen im Unternehmen, Auszeichnen und Lagern von Waren, Mitwirken beim Umsetzen einer Multi', 'Channel', 'Strategie, Auswerten von Kennziffern und Statistiken für die Erfolgskontrolle, Mitwirken bei der Planung und Organisation von Arbeitsprozessen, Planen des Personaleinsatzes im eigenen Arbeitsbereich, team', ', kunden', 'und prozessorientiertes Arbeiten, Anwenden von Informations', 'und Kommunikationstechniken, Berücksichtigen von Aspekten der Nachhaltigkeit., Sie verfügen über vertiefte Qualifikationen in einem der Bereiche: Sicherstellung der Warenpräsenz, Beratung von Kunden,, Kassensystemdaten und Kundenservice sowie Werbung und Verkaufsförderung., Darüber hinaus verfügen sie über vertiefte Qualifikationen in drei der Bereiche: Beratung von Kunden in komplexen Situationen, Beschaffung von Waren, Warenbestandssteuerung und kaufmännische Steuerung und Kontrolle, Marketingmaßnahmen, E', 'Commerce, Mitarbeiterführung und', 'entwicklung sowie Vorbereitung unternehmerischer Selbständigkeit.']",https://www.bibb.de/dienst/berufesuche/de/index_berufesuche.php/profile/apprenticeship/100815,"Tätigkeitsfelder: Kaufleute im Einzelhandel sind in Handelsunternehmen mit unterschiedlichen Größen, Betriebsformen und Sortimenten oder als selbstständige Kaufleute tätig. Die Verkaufstätigkeit ist einer der Schwerpunkte ihres kaufmännischen Aufgabenfeldes. Darüber hinaus steuern sie den Waren, und Datenfluss in beratungs, und selbstbedienungsorientierten Betrieben.; Profil: Anbieten und Verkaufen von Waren und Dienstleistungen, Informieren und Beraten der Kunden unter Einsatz von Warenkenntnissen, auch in einer Fremdsprache, Bedienen und Abrechnen der Kasse sowie Abwickeln des Zahlungsverkehrs, Mitwirken bei der Sortimentsgestaltung, Ermitteln des Warenbedarfs, Beschaffen von Waren, Platzieren und Präsentieren von Waren im Verkaufsraum, Mitwirken bei Werbemaßnahmen, Kontrollieren und Pflegen von Warenbeständen, Mitwirken bei der Warenannahme und, kontrolle, Mitwirken bei logistischen Prozessen im Unternehmen, Auszeichnen und Lagern von Waren, Mitwirken beim Umsetzen einer Multi, Channel, Strategie, Auswerten von Kennziffern und Statistiken für die Erfolgskontrolle, Mitwirken bei der Planung und Organisation von Arbeitsprozessen, Planen des Personaleinsatzes im eigenen Arbeitsbereich, team, , kunden, und prozessorientiertes Arbeiten, Anwenden von Informations, und Kommunikationstechniken, Berücksichtigen von Aspekten der Nachhaltigkeit., Sie verfügen über vertiefte Qualifikationen in einem der Bereiche: Sicherstellung der Warenpräsenz, Beratung von Kunden,, Kassensystemdaten und Kundenservice sowie Werbung und Verkaufsförderung., Darüber hinaus verfügen sie über vertiefte Qualifikationen in drei der Bereiche: Beratung von Kunden in komplexen Situationen, Beschaffung von Waren, Warenbestandssteuerung und kaufmännische Steuerung und Kontrolle, Marketingmaßnahmen, E, Commerce, Mitarbeiterführung und, entwicklung sowie Vorbereitung unternehmerischer Selbständigkeit.","['und Datenfluss in beratungs', 'und selbstbedienungsorientierten Betrieben', 'Channel', 'kunden', 'Commerce Mitarbeiterführung und']",-29.9560311515194,-52.34895339717702
244,,Verkaufsberufe,Wirtschaft & Verwaltung,36,"['Musikfachhändler und Musikfachhändlerinnen arbeiten in Unternehmen der Musikwirtschaft, zum Beispiel in Musikfachgeschäften,im Musik', 'Versandhandel und in Online', 'Shops, im Großhandel für Musikalien, Musikinstrumente und Tonträger, in Musikabteilungen von Warenhäusern sowie in Fachmärkten, in Musikverlagen, in Betrieben der Veranstaltungsbranche, in der Musikindustrie und bei Instrumentenherstellern.']","['Verkaufen von fachbezogenen Waren und Dienstleistungen wie Musikinstrumente und Zubehör, Musikalien und Tonträger, Informieren und Beraten der Kunden, vorwiegend Musiker und Musikinteressierte, über fachbezogene Waren und Dienstleistungen, Nutzen der Kenntnisse über Musik', 'und Notenlehre, Musikgeschichte, Musikliteratur, Kunst', 'und Kulturgeschichte sowie über die Herstellung und Verwendung von Instrumenten und Tonträgern, Berücksichtigen von Urheber', ', Leistungsschutz', 'und Verwertungsrechten, Anwenden von fachbezogenen Bibliographien und Nachschlagewerken, Mitwirken bei der Sortimentsgestaltung unter Berücksichtigung der Marktentwicklung, Mitwirken bei Planung und Durchführung von verkaufsfördernden Maßnahmen in Vertrieb und Marketing, Platzieren und Präsentieren der Waren, Mitwirken an warenwirtschaftlichen Prozessen wie Einkauf, Lagerung und Vertrieb, Durchführen von Erfolgskontrollen und damit verbundenes Ableiten von Maßnahmen, Kooperieren mit Konzertveranstaltern, Bühnen, Medienanstalten und der Tonträgerindustrie, Mitwirken bei der Personaleinsatzplanung, team', ', kunden', ', service', 'und prozessorientiertes Arbeiten.']",https://www.bibb.de/dienst/berufesuche/de/index_berufesuche.php/profile/apprenticeship/223098,"Tätigkeitsfelder: Musikfachhändler und Musikfachhändlerinnen arbeiten in Unternehmen der Musikwirtschaft, zum Beispiel in Musikfachgeschäften,im Musik, Versandhandel und in Online, Shops, im Großhandel für Musikalien, Musikinstrumente und Tonträger, in Musikabteilungen von Warenhäusern sowie in Fachmärkten, in Musikverlagen, in Betrieben der Veranstaltungsbranche, in der Musikindustrie und bei Instrumentenherstellern.; Profil: Verkaufen von fachbezogenen Waren und Dienstleistungen wie Musikinstrumente und Zubehör, Musikalien und Tonträger, Informieren und Beraten der Kunden, vorwiegend Musiker und Musikinteressierte, über fachbezogene Waren und Dienstleistungen, Nutzen der Kenntnisse über Musik, und Notenlehre, Musikgeschichte, Musikliteratur, Kunst, und Kulturgeschichte sowie über die Herstellung und Verwendung von Instrumenten und Tonträgern, Berücksichtigen von Urheber, , Leistungsschutz, und Verwertungsrechten, Anwenden von fachbezogenen Bibliographien und Nachschlagewerken, Mitwirken bei der Sortimentsgestaltung unter Berücksichtigung der Marktentwicklung, Mitwirken bei Planung und Durchführung von verkaufsfördernden Maßnahmen in Vertrieb und Marketing, Platzieren und Präsentieren der Waren, Mitwirken an warenwirtschaftlichen Prozessen wie Einkauf, Lagerung und Vertrieb, Durchführen von Erfolgskontrollen und damit verbundenes Ableiten von Maßnahmen, Kooperieren mit Konzertveranstaltern, Bühnen, Medienanstalten und der Tonträgerindustrie, Mitwirken bei der Personaleinsatzplanung, team, , kunden, , service, und prozessorientiertes Arbeiten.","['Versandhandel und in Online', 'Leistungsschutz', 'kunden', 'service', 'und prozessorientiertes Arbeiten']",-30.471167277749498,-49.92021068512871
245,,Verkaufsberufe,Wirtschaft & Verwaltung,36,"['Der Pharmazeutisch', 'kaufmännische Angestellte und die Pharmazeutisch', 'kaufmännische Angestellte ist in Apotheken, Krankenhausapotheken, der pharmazeutischen Industrie, im pharmazeutischen Großhandel, bei Krankenkassen, in Apothekerkammern und', 'verbänden tätig.']","['Bestellen und Einkaufen von Arzneimitteln und apothekenüblichen Waren unter Berücksichtigung rechtlicher und betriebswirtschaftlicher Aspekte, Lagern des Apothekensortiments unter Berücksichtigung rechts', 'und produktspezifischer Bestimmungen, Pflegen und Kontrollieren des Lagerbestandes und Optimieren der Lagerlogistik, Anwenden apothekenspezifischer Informations', 'und Kommunikationssysteme, Bilden und Kalkulieren von Preisen, Durchführen von Leistungsabrechnungen, Abwickeln des Zahlungsverkehrs, Ausüben von Tätigkeiten der kaufmännischen Steuerung und Kontrolle, Durchführen von Tätigkeiten nach Apothekenbetriebsordnung sowie Vorbereiten apothekenrelevanter Dokumentationen, Gestalten und Pflegen von Beziehungen zu Kunden und Geschäftspartnern, Planen, Durchführen und Auswerten von Marketingmaßnahmen, Präsentieren apothekenüblicher Waren und apothekenpflichtiger Arzneimittel, Entwickeln und Anwenden apothekenspezifischer qualitätssichernder Maßnahmen, Führen von Beratungs', 'und Verkaufsgesprächen über apothekenübliche Waren, Durchführen apothekenspezifischer Dienstleistungen.']",https://www.bibb.de/dienst/berufesuche/de/index_berufesuche.php/profile/apprenticeship/300112,"Tätigkeitsfelder: Der Pharmazeutisch, kaufmännische Angestellte und die Pharmazeutisch, kaufmännische Angestellte ist in Apotheken, Krankenhausapotheken, der pharmazeutischen Industrie, im pharmazeutischen Großhandel, bei Krankenkassen, in Apothekerkammern und, verbänden tätig.; Profil: Bestellen und Einkaufen von Arzneimitteln und apothekenüblichen Waren unter Berücksichtigung rechtlicher und betriebswirtschaftlicher Aspekte, Lagern des Apothekensortiments unter Berücksichtigung rechts, und produktspezifischer Bestimmungen, Pflegen und Kontrollieren des Lagerbestandes und Optimieren der Lagerlogistik, Anwenden apothekenspezifischer Informations, und Kommunikationssysteme, Bilden und Kalkulieren von Preisen, Durchführen von Leistungsabrechnungen, Abwickeln des Zahlungsverkehrs, Ausüben von Tätigkeiten der kaufmännischen Steuerung und Kontrolle, Durchführen von Tätigkeiten nach Apothekenbetriebsordnung sowie Vorbereiten apothekenrelevanter Dokumentationen, Gestalten und Pflegen von Beziehungen zu Kunden und Geschäftspartnern, Planen, Durchführen und Auswerten von Marketingmaßnahmen, Präsentieren apothekenüblicher Waren und apothekenpflichtiger Arzneimittel, Entwickeln und Anwenden apothekenspezifischer qualitätssichernder Maßnahmen, Führen von Beratungs, und Verkaufsgesprächen über apothekenübliche Waren, Durchführen apothekenspezifischer Dienstleistungen.","['Der Pharmazeutisch', 'kaufmännische Angestellte und die Pharmazeutisch', 'verbänden tätig']",-91.1978705898206,30.928369835075763
246,,Verkaufsberufe,Wirtschaft & Verwaltung,36,[],[],https://www.bibb.de/dienst/berufesuche/de/index_berufesuche.php/profile/apprenticeship/6861101,,[],-362.29674520471417,191.99426007981612
247,,Verkaufsberufe,Wirtschaft & Verwaltung,24,"['Verkäufer und Verkäuferinnen sind in Handelsunternehmen mit unterschiedlichen Größen, Betriebsformen und Sortimenten tätig. Die Verkaufstätigkeit ist der Mittelpunkt ihres kaufmännischen Aufgabenfeldes.']","['Anbieten und Verkaufen von Waren und Dienstleistungen, Informieren und Beraten der Kunden, auch in einer Fremdsprache, Einsetzen von Warenkenntnissen, Platzieren und Präsentieren der Waren im Verkaufsraum, Mitwirken bei Werbemaßnahmen, Bedienen und Abrechnen der Kasse sowie Abwickeln des Zahlungsverkehrs, Kontrollieren und Pflegen von Warenbeständen, Mitwirken bei der Warenannahme und', 'kontrolle, Auszeichnen und Lagern der Waren, Nutzen warenwirtschaftlicher Kennziffer, team', ', kunden', 'und prozessorientiertes Arbeiten, Anwenden von Informations', 'und Kommunikationstechniken, Berücksichtigen von Aspekten der Nachhaltigkeit, Verkäuferinnen und Verkäufer verfügen über vertiefte Qualifikationen in einem der Bereiche: Sicherstellung der Warenpräsenz, Beratung von Kunden, Kassensystemdaten und Kundenservice sowie Werbung und Verkaufsförderung.']",https://www.bibb.de/dienst/berufesuche/de/index_berufesuche.php/profile/apprenticeship/110815,"Tätigkeitsfelder: Verkäufer und Verkäuferinnen sind in Handelsunternehmen mit unterschiedlichen Größen, Betriebsformen und Sortimenten tätig. Die Verkaufstätigkeit ist der Mittelpunkt ihres kaufmännischen Aufgabenfeldes.; Profil: Anbieten und Verkaufen von Waren und Dienstleistungen, Informieren und Beraten der Kunden, auch in einer Fremdsprache, Einsetzen von Warenkenntnissen, Platzieren und Präsentieren der Waren im Verkaufsraum, Mitwirken bei Werbemaßnahmen, Bedienen und Abrechnen der Kasse sowie Abwickeln des Zahlungsverkehrs, Kontrollieren und Pflegen von Warenbeständen, Mitwirken bei der Warenannahme und, kontrolle, Auszeichnen und Lagern der Waren, Nutzen warenwirtschaftlicher Kennziffer, team, , kunden, und prozessorientiertes Arbeiten, Anwenden von Informations, und Kommunikationstechniken, Berücksichtigen von Aspekten der Nachhaltigkeit, Verkäuferinnen und Verkäufer verfügen über vertiefte Qualifikationen in einem der Bereiche: Sicherstellung der Warenpräsenz, Beratung von Kunden, Kassensystemdaten und Kundenservice sowie Werbung und Verkaufsförderung.",['kunden'],-43.66788622675744,-45.62307208587397
248,,Verkehrs- und Logistikberufe (außer Fahrzeugführung),Logistik,36,['Eisenbahner und Eisenbahnerinnen in der Zugverkehrssteuerung arbeiten auf zentralen und dezentralen Stellwerkssystemen und in Betriebszentralen.'],"['Sicheres Bedienen von Stellwerkseinrichtungen, Sicheres Leiten des Fahrdienstes bei Regelbetrieb, Sicheres Leiten des Fahrdienstes bei Abweichungen vom Regelbetrieb, Sicheres Leiten des Fahrdienstes bei Störungen und gefährlichen Ereignissen, Mitwirken an Trassenplanung, Trassenkonstruktion und Koordinierungsprozessen EIU', 'EVU, Organisation des Ausbildungsbetriebes, Berufsbildung sowie Arbeits', 'und Tarifrecht, Ergreifen von Sicherheits', 'und Gesundheitsschutz bei der Arbeit, Durchführen von Maßnahmen zur Nachhaltigkeit, zum Umweltschutz sowie zur Sicherheit und zum Gesundheitsschutz am Arbeitsplatz, Digitalisierte Arbeitswelt, Durchführen von qualitätssichernden Maßnahmen, Einhalten von Sicherheitsmanagementsystemen, Einsetzen von betrieblicher und technischer Kommunikation, Führen von Kundengesprächen.']",https://www.bibb.de/dienst/berufesuche/de/index_berufesuche.php/profile/apprenticeship/eiz22,"Tätigkeitsfelder: Eisenbahner und Eisenbahnerinnen in der Zugverkehrssteuerung arbeiten auf zentralen und dezentralen Stellwerkssystemen und in Betriebszentralen.; Profil: Sicheres Bedienen von Stellwerkseinrichtungen, Sicheres Leiten des Fahrdienstes bei Regelbetrieb, Sicheres Leiten des Fahrdienstes bei Abweichungen vom Regelbetrieb, Sicheres Leiten des Fahrdienstes bei Störungen und gefährlichen Ereignissen, Mitwirken an Trassenplanung, Trassenkonstruktion und Koordinierungsprozessen EIU, EVU, Organisation des Ausbildungsbetriebes, Berufsbildung sowie Arbeits, und Tarifrecht, Ergreifen von Sicherheits, und Gesundheitsschutz bei der Arbeit, Durchführen von Maßnahmen zur Nachhaltigkeit, zum Umweltschutz sowie zur Sicherheit und zum Gesundheitsschutz am Arbeitsplatz, Digitalisierte Arbeitswelt, Durchführen von qualitätssichernden Maßnahmen, Einhalten von Sicherheitsmanagementsystemen, Einsetzen von betrieblicher und technischer Kommunikation, Führen von Kundengesprächen.",['und Tarifrecht Ergreifen von Sicherheits'],-116.23284400564205,11.099384458925828
249,,Verkehrs- und Logistikberufe (außer Fahrzeugführung),Logistik,36,"['Fachkräfte für Hafenlogistik arbeiten auf Umschlagsterminals sowie in Lägern für Stück', 'und Massengut in See', 'und Binnenhäfen.']","['Annehmen von Export', 'und Importgütern von verschiedenen Verkehrsmitteln und Prüfen der Lieferung an Hand der Begleitpapiere, Durchführen von Güterkontrollen auf Quantität, Qualität, Identität und Beschaffenheit und Dokumentieren des Ergebnisses, Auswählen von Containern für Transporte', 'Planen, Durchführen, Kontrollieren und Dokumentieren der Beladungen, Zusammenstellen von Gütern zu Ladungseinheiten, Verladen und Sichern in Transportmitteln, Kundenorientiertes Planen und Organisieren der Arbeitsabläufe, Mitwirken bei logistischen Planungs', 'und Organisationsprozessen und Durchführen von qualitätssichernden Maßnahmen, Anforderungsgerechtes Lagern von Gütern und Bearbeiten der Lagergüter zur Werterhaltung bzw. entsprechend dem Kundenauftrag, Bearbeiten von Versand', 'und Umschlagspapieren, Kontrollieren, Verladen und Sichern von Gefahrgut und Anwenden von Maßnahmen zur Gefahrenvermeidung, Einsetzen von Arbeits', 'und Fördermitteln, Arbeiten im Team, Kommunizieren und Kooperieren mit vorausgehenden und nachfolgenden Dienstleistern und Anwenden von Fremdsprachenkenntnissen.']",https://www.bibb.de/dienst/berufesuche/de/index_berufesuche.php/profile/apprenticeship/se995765,"Tätigkeitsfelder: Fachkräfte für Hafenlogistik arbeiten auf Umschlagsterminals sowie in Lägern für Stück, und Massengut in See, und Binnenhäfen.; Profil: Annehmen von Export, und Importgütern von verschiedenen Verkehrsmitteln und Prüfen der Lieferung an Hand der Begleitpapiere, Durchführen von Güterkontrollen auf Quantität, Qualität, Identität und Beschaffenheit und Dokumentieren des Ergebnisses, Auswählen von Containern für Transporte, Planen, Durchführen, Kontrollieren und Dokumentieren der Beladungen, Zusammenstellen von Gütern zu Ladungseinheiten, Verladen und Sichern in Transportmitteln, Kundenorientiertes Planen und Organisieren der Arbeitsabläufe, Mitwirken bei logistischen Planungs, und Organisationsprozessen und Durchführen von qualitätssichernden Maßnahmen, Anforderungsgerechtes Lagern von Gütern und Bearbeiten der Lagergüter zur Werterhaltung bzw. entsprechend dem Kundenauftrag, Bearbeiten von Versand, und Umschlagspapieren, Kontrollieren, Verladen und Sichern von Gefahrgut und Anwenden von Maßnahmen zur Gefahrenvermeidung, Einsetzen von Arbeits, und Fördermitteln, Arbeiten im Team, Kommunizieren und Kooperieren mit vorausgehenden und nachfolgenden Dienstleistern und Anwenden von Fremdsprachenkenntnissen.","['und Massengut in See', 'und Binnenhäfen', 'Annehmen von Export']",52.29567570437124,-91.96233163945632
250,,Verkehrs- und Logistikberufe (außer Fahrzeugführung),Logistik,24,"['Fachkräfte für Kurier', ', Express', 'und Postdienstleistungen sind in Unternehmen tätig, die den Transport kleinteiliger und zeitkritischer Sendungen und sonstige logistische Dienstleistungen planen, organisieren, steuern, überwachen und abwickeln. Sie arbeiten vor allem in den Bereichen Auftragsannahme, Umschlag und Zustellung.']","['Planen der Auslieferfolge und Zustellen der Sendungen, Sortieren und Vorbereiten der Sendungen für den weiteren Versandweg, Durchführen von Nachbereitungen von Zustellungen, Annehmen von Aufträgen und Sendungen, Entgegennehmen und Abrechnen von Zahlungen, Bearbeiten von Sendungsdokumentationen, Informieren der Kunden über Dienstleistungen des Unternehmens, Entgegennehmen der Kundenwünsche und situationsgerechte Kommunikation, Mitwirken bei qualitätssichernden Maßnahmen, Nutzen von Informations', 'und Kommunikationssystemen.']",https://www.bibb.de/dienst/berufesuche/de/index_berufesuche.php/profile/apprenticeship/hgzt6574,"Tätigkeitsfelder: Fachkräfte für Kurier, , Express, und Postdienstleistungen sind in Unternehmen tätig, die den Transport kleinteiliger und zeitkritischer Sendungen und sonstige logistische Dienstleistungen planen, organisieren, steuern, überwachen und abwickeln. Sie arbeiten vor allem in den Bereichen Auftragsannahme, Umschlag und Zustellung.; Profil: Planen der Auslieferfolge und Zustellen der Sendungen, Sortieren und Vorbereiten der Sendungen für den weiteren Versandweg, Durchführen von Nachbereitungen von Zustellungen, Annehmen von Aufträgen und Sendungen, Entgegennehmen und Abrechnen von Zahlungen, Bearbeiten von Sendungsdokumentationen, Informieren der Kunden über Dienstleistungen des Unternehmens, Entgegennehmen der Kundenwünsche und situationsgerechte Kommunikation, Mitwirken bei qualitätssichernden Maßnahmen, Nutzen von Informations, und Kommunikationssystemen.","['Fachkräfte für Kurier', 'Express', 'und Kommunikationssystemen']",-89.05610474753462,-21.18682507882362
251,,Verkehrs- und Logistikberufe (außer Fahrzeugführung),Logistik,36,"['Fachkräfte für Lagerlogistik sind in Industrie', ', Handels', 'und Speditionsbetrieben sowie bei weiteren logistischen Dienstleistern tätig. Ihre Arbeitsaufgaben umfassen alle Tätigkeiten der Lagerlogistik.']","['Mitwirken bei logistischen Planungs', 'und Organisationsprozessen, Annehmen der Güter und Prüfen der Lieferung anhand der Begleitpapiere, Transportieren und Zuleiten der Güter zum betrieblichen Bestimmungsort, Auspacken, Sortieren und Lagern der Güter anforderungsgerecht und nach wirtschaftlichen Grundsätzen unter Beachtung der Lagerordnung, Durchführen von Bestandskontrollen und Maßnahmen der Bestandspflege, Kommissionieren und Verpacken der Güter für Sendungen und Zusammenstellen zu Ladeeinheiten, Kennzeichnen, Beschriften und Sichern von Sendungen nach gesetzlichen Vorgaben, Erstellen von Ladelisten/ Beladeplänen unter Beachtung von Ladevorschriften, Verladen und Verstauen der Sendungen anhand der Begleitpapiere in Transportmittel und Anwenden der Verschlussvorschriften, Bearbeiten der Versand', 'und Begleitpapiere und Erstellen von Versandaufzeichnungen, Mitwirken bei der Erstellung der Tourenpläne, Planen, Organisieren und Überwachen des Einsatzes von Arbeits', 'und Fördermitteln, Anwenden betrieblicher Informations', 'und Kommunikationssysteme, Standardsoftware und arbeitsplatzbezogener Software, Kommunizieren und Kooperieren mit vorausgehenden und nachfolgenden Funktionsbereichen, Anwenden fachspezifischer Fremdsprachenkenntnisse, Mitwirken bei qualitätssichernden Maßnahmen.']",https://www.bibb.de/dienst/berufesuche/de/index_berufesuche.php/profile/apprenticeship/89787i6u,"Tätigkeitsfelder: Fachkräfte für Lagerlogistik sind in Industrie, , Handels, und Speditionsbetrieben sowie bei weiteren logistischen Dienstleistern tätig. Ihre Arbeitsaufgaben umfassen alle Tätigkeiten der Lagerlogistik.; Profil: Mitwirken bei logistischen Planungs, und Organisationsprozessen, Annehmen der Güter und Prüfen der Lieferung anhand der Begleitpapiere, Transportieren und Zuleiten der Güter zum betrieblichen Bestimmungsort, Auspacken, Sortieren und Lagern der Güter anforderungsgerecht und nach wirtschaftlichen Grundsätzen unter Beachtung der Lagerordnung, Durchführen von Bestandskontrollen und Maßnahmen der Bestandspflege, Kommissionieren und Verpacken der Güter für Sendungen und Zusammenstellen zu Ladeeinheiten, Kennzeichnen, Beschriften und Sichern von Sendungen nach gesetzlichen Vorgaben, Erstellen von Ladelisten/ Beladeplänen unter Beachtung von Ladevorschriften, Verladen und Verstauen der Sendungen anhand der Begleitpapiere in Transportmittel und Anwenden der Verschlussvorschriften, Bearbeiten der Versand, und Begleitpapiere und Erstellen von Versandaufzeichnungen, Mitwirken bei der Erstellung der Tourenpläne, Planen, Organisieren und Überwachen des Einsatzes von Arbeits, und Fördermitteln, Anwenden betrieblicher Informations, und Kommunikationssysteme, Standardsoftware und arbeitsplatzbezogener Software, Kommunizieren und Kooperieren mit vorausgehenden und nachfolgenden Funktionsbereichen, Anwenden fachspezifischer Fremdsprachenkenntnisse, Mitwirken bei qualitätssichernden Maßnahmen.","['Fachkräfte für Lagerlogistik sind in Industrie', 'Handels', 'Mitwirken bei logistischen Planungs']",-77.8619756348313,-52.76939439706736
252,,Verkehrs- und Logistikberufe (außer Fahrzeugführung),Logistik,24,"['Fachlageristen / Fachlageristinnen sind in Industrie', ', Handels', 'und Speditionsbetrieben sowie bei weiteren logistischen Dienstleistern tätig. Ihre Arbeitsaufgaben umfassen Tätigkeiten im Rahmen des Güterumschlags und der Güterlagerung.']","['Annehmen der Güter, Prüfen der Lieferung anhand der Begleitpapiere, Transportieren und Zuleiten der Güter zum betrieblichen Bestimmungsort, Auspacken und Sortieren der Güter, Anforderungsgerechtes Lagern der Güter nach wirtschaftlichen Grundsätzen unter Beachtung der Lagerordnung, Durchführen von Kontrollen, Kommissionieren und Bestandspflege, Verpacken von Gütern und Sendungen, Zusammenstellen von Gütern zu Ladeeinheiten, Kennzeichnen, Beschriften und Sichern von Sendungen nach gesetzlichen Vorgaben, Verladen und Verstauen von Sendungen im Transportmittel anhand der Begleitpapiere, Anwenden der Verschlussvorschriften, Nutzen und Pflegen von Arbeits', 'und Fördermitteln, Anwendung betrieblicher Informations', 'und Kommunikationssysteme sowie arbeitsplatzbezogener Software, Kundenorientiertes Arbeiten und Abstimmen im Team, Beachtung der Grundsätze der Arbeitssicherheit, des Gesundheitsschutzes bei der Arbeit, des Umweltschutzes und der rationellen Energieverwendung, Mitwirken bei qualitätssichernden Maßnahmen.']",https://www.bibb.de/dienst/berufesuche/de/index_berufesuche.php/profile/apprenticeship/786uz879,"Tätigkeitsfelder: Fachlageristen / Fachlageristinnen sind in Industrie, , Handels, und Speditionsbetrieben sowie bei weiteren logistischen Dienstleistern tätig. Ihre Arbeitsaufgaben umfassen Tätigkeiten im Rahmen des Güterumschlags und der Güterlagerung.; Profil: Annehmen der Güter, Prüfen der Lieferung anhand der Begleitpapiere, Transportieren und Zuleiten der Güter zum betrieblichen Bestimmungsort, Auspacken und Sortieren der Güter, Anforderungsgerechtes Lagern der Güter nach wirtschaftlichen Grundsätzen unter Beachtung der Lagerordnung, Durchführen von Kontrollen, Kommissionieren und Bestandspflege, Verpacken von Gütern und Sendungen, Zusammenstellen von Gütern zu Ladeeinheiten, Kennzeichnen, Beschriften und Sichern von Sendungen nach gesetzlichen Vorgaben, Verladen und Verstauen von Sendungen im Transportmittel anhand der Begleitpapiere, Anwenden der Verschlussvorschriften, Nutzen und Pflegen von Arbeits, und Fördermitteln, Anwendung betrieblicher Informations, und Kommunikationssysteme sowie arbeitsplatzbezogener Software, Kundenorientiertes Arbeiten und Abstimmen im Team, Beachtung der Grundsätze der Arbeitssicherheit, des Gesundheitsschutzes bei der Arbeit, des Umweltschutzes und der rationellen Energieverwendung, Mitwirken bei qualitätssichernden Maßnahmen.",['Handels'],-89.45542860834662,-24.030292917370566
253,,Verkehrs- und Logistikberufe (außer Fahrzeugführung),Logistik,36,"['Kaufleute für Kurier', ', Express', 'und Postdienstleistungen sind in Unternehmen tätig, die den Transport kleinteiliger und zeitkritischer Sendungen und sonstige logistische Dienstleistungen planen, organisieren, steuern, überwachen und abwickeln.']","['Planen und Organisieren der Beförderung und des Umschlags von Sendungen sowie ergänzenden logistischen Leistungen unter Beachtung von Rechtsvorschriften, Wirtschaftlichkeit und Belangen des Umweltschutzes, Planen, Steuern und Überwachen des Zusammenwirkens der an der Leistungserstellung Beteiligten und Sicherstellen des Informationsflusses, Erarbeiten von Angeboten, Verkaufen von Dienstleistungen und Abschließen von Verträgen, Bearbeiten personalwirtschaftlicher Fragen, Ermitteln der Kundenwünsche, Beraten der Kunden und Erteilen von Auskünften auch in einer Fremdsprache, Beobachten des Marktes und Mitwirken bei der Entwicklung des Dienstleistungsangebotes, Umsetzen der Qualitätsziele, Ergreifen von Maßnahmen bei Leistungsstörungen und Bearbeiten von Kundenreklamationen, Durchführen von Kalkulationen und Mitwirken bei der kaufmännischen Steuerung und Kontrolle, Nutzen von Informations', 'und Kommunikationssystemen.']",https://www.bibb.de/dienst/berufesuche/de/index_berufesuche.php/profile/apprenticeship/98oilkmn,"Tätigkeitsfelder: Kaufleute für Kurier, , Express, und Postdienstleistungen sind in Unternehmen tätig, die den Transport kleinteiliger und zeitkritischer Sendungen und sonstige logistische Dienstleistungen planen, organisieren, steuern, überwachen und abwickeln.; Profil: Planen und Organisieren der Beförderung und des Umschlags von Sendungen sowie ergänzenden logistischen Leistungen unter Beachtung von Rechtsvorschriften, Wirtschaftlichkeit und Belangen des Umweltschutzes, Planen, Steuern und Überwachen des Zusammenwirkens der an der Leistungserstellung Beteiligten und Sicherstellen des Informationsflusses, Erarbeiten von Angeboten, Verkaufen von Dienstleistungen und Abschließen von Verträgen, Bearbeiten personalwirtschaftlicher Fragen, Ermitteln der Kundenwünsche, Beraten der Kunden und Erteilen von Auskünften auch in einer Fremdsprache, Beobachten des Marktes und Mitwirken bei der Entwicklung des Dienstleistungsangebotes, Umsetzen der Qualitätsziele, Ergreifen von Maßnahmen bei Leistungsstörungen und Bearbeiten von Kundenreklamationen, Durchführen von Kalkulationen und Mitwirken bei der kaufmännischen Steuerung und Kontrolle, Nutzen von Informations, und Kommunikationssystemen.","['Kaufleute für Kurier', 'Express', 'und Kommunikationssystemen']",14.097151313898841,-87.82320909115207
254,,Verkehrs- und Logistikberufe (außer Fahrzeugführung),Logistik,36,"['Kaufleute für Spedition und Logistikdienstleistung sind in Unternehmen tätig, die den Transport von Gütern und sonstige logistische Dienstleistungen planen, organisieren, steuern, überwachen und abwickeln.']","['Planen und Organisieren des Güterversands, des Umschlags und der Lagerung und weiterer logistischer Leistungen unter Beachtung einschlägiger Rechtsvorschriften und der Belange des Umweltschutzes, Steuern und Überwachen des Zusammenwirkens der an Logistikketten beteiligten Personen und Einrichtungen, Nutzen der Möglichkeiten, Sendungen zu größeren Ladeeinheiten zusammenzufassen, Besorgen des Versicherungsschutzes, Berücksichtigen von Zoll', 'und außenwirtschaftlichen Bestimmungen, Nutzen von Informations', 'und Kommunikationstechnologien, Beschaffen und Zurverfügungstellen von Informationen, Korrespondieren und Kommunizieren mit ausländischen Geschäftspartnern und Kunden in englischer Sprache und Bearbeiten englischsprachiger Dokumente, Ermitteln von Kundenwünschen, Beraten und Betreuen von Kunden, Ermitteln und Bewerten Leistungsangebote des Transport', 'und Logistikmarkts, Kalkulieren von Preisen, Erarbeiten von Angeboten und Vorbereiten von Verträgen, Bearbeiten von Kundenreklamationen und Schadenmeldungen und Veranlassen von Schadenregulierungen, Durchführen von Zahlungsvorgängen und Vorgängen des Mahnwesens, Mitwirken bei der Ermittlung von Kosten und Erträgen sowie bei der kaufmännischen Steuerung, Beobachten des Markts und Mitwirken an der Weiterentwicklung des Leistungsangebots ihres Unternehmens, Mitwirken beim Aufbau von Netzwerken zur Zusammenfassung, Beförderung und Auslieferung von Ladungen, Mitarbeiten bei der Entwicklung von Logistikkonzepten, selbständiges Wahrnehmen der Aufgaben im Rahmen betrieblicher Anweisungen und der maßgebenden Rechtsvorschriften.']",https://www.bibb.de/dienst/berufesuche/de/index_berufesuche.php/profile/apprenticeship/6564564,"Tätigkeitsfelder: Kaufleute für Spedition und Logistikdienstleistung sind in Unternehmen tätig, die den Transport von Gütern und sonstige logistische Dienstleistungen planen, organisieren, steuern, überwachen und abwickeln.; Profil: Planen und Organisieren des Güterversands, des Umschlags und der Lagerung und weiterer logistischer Leistungen unter Beachtung einschlägiger Rechtsvorschriften und der Belange des Umweltschutzes, Steuern und Überwachen des Zusammenwirkens der an Logistikketten beteiligten Personen und Einrichtungen, Nutzen der Möglichkeiten, Sendungen zu größeren Ladeeinheiten zusammenzufassen, Besorgen des Versicherungsschutzes, Berücksichtigen von Zoll, und außenwirtschaftlichen Bestimmungen, Nutzen von Informations, und Kommunikationstechnologien, Beschaffen und Zurverfügungstellen von Informationen, Korrespondieren und Kommunizieren mit ausländischen Geschäftspartnern und Kunden in englischer Sprache und Bearbeiten englischsprachiger Dokumente, Ermitteln von Kundenwünschen, Beraten und Betreuen von Kunden, Ermitteln und Bewerten Leistungsangebote des Transport, und Logistikmarkts, Kalkulieren von Preisen, Erarbeiten von Angeboten und Vorbereiten von Verträgen, Bearbeiten von Kundenreklamationen und Schadenmeldungen und Veranlassen von Schadenregulierungen, Durchführen von Zahlungsvorgängen und Vorgängen des Mahnwesens, Mitwirken bei der Ermittlung von Kosten und Erträgen sowie bei der kaufmännischen Steuerung, Beobachten des Markts und Mitwirken an der Weiterentwicklung des Leistungsangebots ihres Unternehmens, Mitwirken beim Aufbau von Netzwerken zur Zusammenfassung, Beförderung und Auslieferung von Ladungen, Mitarbeiten bei der Entwicklung von Logistikkonzepten, selbständiges Wahrnehmen der Aufgaben im Rahmen betrieblicher Anweisungen und der maßgebenden Rechtsvorschriften.",[],82.54779812581988,-116.94582711355136
255,,Verkehrs- und Logistikberufe (außer Fahrzeugführung),Logistik,36,"['Kaufleute im Eisenbahn', 'und Straßenverkehr sind in Betrieben tätig, die Verkehrs', 'und Infrastrukturleistungen auf Schiene und der Straße anbieten. Sie arbeiten in den Bereichen Produktion, Leistungs', 'und Infrastrukturplanung, Vertriebssteuerung, Absatz, Marketing, Qualitätsmanagement, Personalverwaltung, Einkauf, Materialwirtschaft, Rechnungswesen und Controlling.']","['Ermitteln der Verkehrswege, Verkehrsmittel und Verkehrsverbindungen und Organisieren von Transporten und Transportketten unter ökonomischen und ökologischen Gesichtspunkten, Bearbeiten von Transportverträgen unter Beachtung gesetzlicher und vertraglicher Bestimmungen, Kalkulieren der Preise für nationale wie internationale Transporte, Arbeiten in der Produktionsplanung und Fahrplanerstellung, Mitwirken bei der Planung und Umsetzung von Änderungen in den Prozeßabläufen bei Transporten und daraus folgend, der Infrastruktur (z.B. Fahrzeuge, Werkstätten, Containerumschlaganlagen, Schienennetze), unter betriebswirtschaftlichen und logistischen Aspekten, Mitwirken an Markt', 'und Wettbewerbsanalysen für die Durchführung von Marketingmaßnahmen und Durchführen von Erfolgskontrollen bei abgeschlossenen Maßnahmen, Ermitteln der Kundenwünsche, Beraten und Betreuen der Kunden, Ausarbeiten von entsprechenden Angeboten und Verkaufen der Leistungen des Betriebes, Bearbeiten von Reklamationen und Durchführen von Schadensregulierungen, Nutzen von fremdsprachlichen Informationsunterlagen des Betriebes, Korrespondieren und Kommunizieren in typischen Situationen mit Kunden in einer fremden Sprache, Mitwirken bei der Kosten', 'und Leistungsrechnung sowie dem Controlling, Ausführen von Aufgaben der Materialwirtschaft und des Einkaufs, Wahrnehmen von Planungsaufgaben bei der Personalverwaltung, Beraten der Mitarbeiter, Bearbeiten von Vorgängen aus dem Bereich des Personalservices (Führung der Personalakten und Einsichtgewährung, Entgeltabrechnung, Sozialabgaben, Arbeitszeiterfassungen) und Durchführen von Personaleinsatzplanungen.']",https://www.bibb.de/dienst/berufesuche/de/index_berufesuche.php/profile/apprenticeship/7123101,"Tätigkeitsfelder: Kaufleute im Eisenbahn, und Straßenverkehr sind in Betrieben tätig, die Verkehrs, und Infrastrukturleistungen auf Schiene und der Straße anbieten. Sie arbeiten in den Bereichen Produktion, Leistungs, und Infrastrukturplanung, Vertriebssteuerung, Absatz, Marketing, Qualitätsmanagement, Personalverwaltung, Einkauf, Materialwirtschaft, Rechnungswesen und Controlling.; Profil: Ermitteln der Verkehrswege, Verkehrsmittel und Verkehrsverbindungen und Organisieren von Transporten und Transportketten unter ökonomischen und ökologischen Gesichtspunkten, Bearbeiten von Transportverträgen unter Beachtung gesetzlicher und vertraglicher Bestimmungen, Kalkulieren der Preise für nationale wie internationale Transporte, Arbeiten in der Produktionsplanung und Fahrplanerstellung, Mitwirken bei der Planung und Umsetzung von Änderungen in den Prozeßabläufen bei Transporten und daraus folgend, der Infrastruktur (z.B. Fahrzeuge, Werkstätten, Containerumschlaganlagen, Schienennetze), unter betriebswirtschaftlichen und logistischen Aspekten, Mitwirken an Markt, und Wettbewerbsanalysen für die Durchführung von Marketingmaßnahmen und Durchführen von Erfolgskontrollen bei abgeschlossenen Maßnahmen, Ermitteln der Kundenwünsche, Beraten und Betreuen der Kunden, Ausarbeiten von entsprechenden Angeboten und Verkaufen der Leistungen des Betriebes, Bearbeiten von Reklamationen und Durchführen von Schadensregulierungen, Nutzen von fremdsprachlichen Informationsunterlagen des Betriebes, Korrespondieren und Kommunizieren in typischen Situationen mit Kunden in einer fremden Sprache, Mitwirken bei der Kosten, und Leistungsrechnung sowie dem Controlling, Ausführen von Aufgaben der Materialwirtschaft und des Einkaufs, Wahrnehmen von Planungsaufgaben bei der Personalverwaltung, Beraten der Mitarbeiter, Bearbeiten von Vorgängen aus dem Bereich des Personalservices (Führung der Personalakten und Einsichtgewährung, Entgeltabrechnung, Sozialabgaben, Arbeitszeiterfassungen) und Durchführen von Personaleinsatzplanungen.",['Kaufleute im Eisenbahn'],5.45120341678552,-67.41686755981823
256,,Verkehrs- und Logistikberufe (außer Fahrzeugführung),Logistik,36,"['Luftverkehrskaufleute sind in Unternehmen der Luftverkehrs', 'und Logistikwirtschaft tätig.']","['Anwenden der Instrumente der kaufmännischen Steuerung und Kontrolle, Gestalten von Kundenbeziehungen und Vertrieb von Dienstleistungen, Unterstützen der Entwicklung von Marketingkonzepten und Umsetzen von Marketingmaßnahmen, Steuern der Passagier', 'und Flugzeugabfertigung, Koordinieren von Luftfrachtabfertigungsprozessen, Umsetzen von Luftsicherheitsvorgaben, Gestalten von personalwirtschaftlichen Prozessen, Mitwirken bei Vertragsgestaltungen und Durchführen von Einkaufsprozessen, Gestalten von Terminalprozessen, Fachbezogene Anwendung der englischen Sprache.']",https://www.bibb.de/dienst/berufesuche/de/index_berufesuche.php/profile/apprenticeship/g345,"Tätigkeitsfelder: Luftverkehrskaufleute sind in Unternehmen der Luftverkehrs, und Logistikwirtschaft tätig.; Profil: Anwenden der Instrumente der kaufmännischen Steuerung und Kontrolle, Gestalten von Kundenbeziehungen und Vertrieb von Dienstleistungen, Unterstützen der Entwicklung von Marketingkonzepten und Umsetzen von Marketingmaßnahmen, Steuern der Passagier, und Flugzeugabfertigung, Koordinieren von Luftfrachtabfertigungsprozessen, Umsetzen von Luftsicherheitsvorgaben, Gestalten von personalwirtschaftlichen Prozessen, Mitwirken bei Vertragsgestaltungen und Durchführen von Einkaufsprozessen, Gestalten von Terminalprozessen, Fachbezogene Anwendung der englischen Sprache.",['und Logistikwirtschaft tätig'],-49.31783916002908,66.83759701539623
257,,Verkehrs- und Logistikberufe (außer Fahrzeugführung),Logistik,36,['Servicekaufleute im Luftverkehr sind in Unternehmen der Luftverkehrswirtschaft tätig.'],"['Koordinieren der Vorgänge bei der Abfertigung von Flugzeugen, Einchecken und Boarden von Passagieren, Beraten und Betreuen von Passagieren unter Berücksichtigung der Bedürfnisse besonderer Personengruppen sowie soziokultureller Besonderheiten, Durchführen der Gepäckermittlung und Bearbeiten von Reklamationen, Aufzeigen von Lösungsmöglichkeiten bei Konfliktsituationen, Informieren von Kunden über Sicherheitseinrichtungen und', 'verfahren und Einleiten von Maßnahmen in Notfallsituationen, Durchführen von Marketingmaßnahmen, Bearbeiten von Zahlungs', 'und Abrechnungsvorgängen, Bearbeiten von Kundenbeschwerden, Fachbezogenes Anwenden der englischen Sprache, Verkaufen von Waren und Dienstleistungen, Unterstützen von personalwirtschaftlichen Prozessen.']",https://www.bibb.de/dienst/berufesuche/de/index_berufesuche.php/profile/apprenticeship/565gdgf,"Tätigkeitsfelder: Servicekaufleute im Luftverkehr sind in Unternehmen der Luftverkehrswirtschaft tätig.; Profil: Koordinieren der Vorgänge bei der Abfertigung von Flugzeugen, Einchecken und Boarden von Passagieren, Beraten und Betreuen von Passagieren unter Berücksichtigung der Bedürfnisse besonderer Personengruppen sowie soziokultureller Besonderheiten, Durchführen der Gepäckermittlung und Bearbeiten von Reklamationen, Aufzeigen von Lösungsmöglichkeiten bei Konfliktsituationen, Informieren von Kunden über Sicherheitseinrichtungen und, verfahren und Einleiten von Maßnahmen in Notfallsituationen, Durchführen von Marketingmaßnahmen, Bearbeiten von Zahlungs, und Abrechnungsvorgängen, Bearbeiten von Kundenbeschwerden, Fachbezogenes Anwenden der englischen Sprache, Verkaufen von Waren und Dienstleistungen, Unterstützen von personalwirtschaftlichen Prozessen.",[],-37.26742282447678,-4.970751841786567
258,,Verkehrs- und Logistikberufe (außer Fahrzeugführung),Logistik,36,"['Straßenwärter/innen sind in erster Linie im Öffentlichen Dienst bei den Straßenbauverwaltungen beschäftigt. Sie arbeiten bei den für Straßenunterhaltung zuständigen Abteilungen der Städte, Gemeinden, Kreise sowie in den Straßen', 'und Autobahnmeistereien der einzelnen Bundesländer und in privaten Betrieben der gewerblichen Wirtschaft.']","['Planen der Arbeitsabläufe, Kontrollieren und Beurteilen der Arbeitsergebnisse und Anwenden von qualitätssichernden Maßnahmen sowie Maßnahmen des betriebswirtschaftlichen Handelns, Einrichten, Sichern und Räumen der Arbeitsstellen, Erstellen und Anwenden von technischen Unterlagen, Durchführen von Messungen, Handhaben und Warten von Werkzeugen, Geräten, Maschinen und technischen Einrichtungen, Führen von Fahrzeugen und Fahrzeugkombinationen der Führerscheinklasse CE im öffentlichen Straßenverkehr, Absichern von Unfallstellen durch Aufbauen der notwendigen Verkehrszeichen und Absperreinrichtungen, Einleiten von Maßnahmen der ersten Hilfe, Erstatten von Meldungen zu Unfällen und Räumen der Unfallstellen, Wählen, Prüfen und Lagern von Baumaterialien, Be', 'und Verarbeiten von Werk', 'und Hilfsstoffen und Durchführen von Bau', 'und Bauinstandhaltungsmaßnahmen im Mauer', 'und Stahlbetonbau an Bauwerken, Durchführen von Bau', 'und Instandhaltungsmaßnahmen im Tiefbau an Straßen und Straßennebenanlagen und Abstimmen der Maßnahmen mit anderen, Anlegen und Pflegen von Grünflächen, Pflanzen und Pflegen von Gehölzen, Kontrollieren und Fällen von Bäumen, Durchführen von Maßnahmen des Winterdienstes, Auswählen und Aufbringen das Streugutes unter Verwendung von Fahrzeugen der Führerscheinklasse CE, Durchführen von Aufgaben der Streckenwartung, Anbringen und Instandhalten von Verkehrszeichen und Verkehrseinrichtungen, Veranlassen von Maßnahmen an Verkehrssicherungs', 'und Telematiksystemen, Umgang mit modernen Informations', 'und Kommunikationstechniken.']",https://www.bibb.de/dienst/berufesuche/de/index_berufesuche.php/profile/apprenticeship/67584930,"Tätigkeitsfelder: Straßenwärter/innen sind in erster Linie im Öffentlichen Dienst bei den Straßenbauverwaltungen beschäftigt. Sie arbeiten bei den für Straßenunterhaltung zuständigen Abteilungen der Städte, Gemeinden, Kreise sowie in den Straßen, und Autobahnmeistereien der einzelnen Bundesländer und in privaten Betrieben der gewerblichen Wirtschaft.; Profil: Planen der Arbeitsabläufe, Kontrollieren und Beurteilen der Arbeitsergebnisse und Anwenden von qualitätssichernden Maßnahmen sowie Maßnahmen des betriebswirtschaftlichen Handelns, Einrichten, Sichern und Räumen der Arbeitsstellen, Erstellen und Anwenden von technischen Unterlagen, Durchführen von Messungen, Handhaben und Warten von Werkzeugen, Geräten, Maschinen und technischen Einrichtungen, Führen von Fahrzeugen und Fahrzeugkombinationen der Führerscheinklasse CE im öffentlichen Straßenverkehr, Absichern von Unfallstellen durch Aufbauen der notwendigen Verkehrszeichen und Absperreinrichtungen, Einleiten von Maßnahmen der ersten Hilfe, Erstatten von Meldungen zu Unfällen und Räumen der Unfallstellen, Wählen, Prüfen und Lagern von Baumaterialien, Be, und Verarbeiten von Werk, und Hilfsstoffen und Durchführen von Bau, und Bauinstandhaltungsmaßnahmen im Mauer, und Stahlbetonbau an Bauwerken, Durchführen von Bau, und Instandhaltungsmaßnahmen im Tiefbau an Straßen und Straßennebenanlagen und Abstimmen der Maßnahmen mit anderen, Anlegen und Pflegen von Grünflächen, Pflanzen und Pflegen von Gehölzen, Kontrollieren und Fällen von Bäumen, Durchführen von Maßnahmen des Winterdienstes, Auswählen und Aufbringen das Streugutes unter Verwendung von Fahrzeugen der Führerscheinklasse CE, Durchführen von Aufgaben der Streckenwartung, Anbringen und Instandhalten von Verkehrszeichen und Verkehrseinrichtungen, Veranlassen von Maßnahmen an Verkehrssicherungs, und Telematiksystemen, Umgang mit modernen Informations, und Kommunikationstechniken.","['und Verarbeiten von Werk', 'und Hilfsstoffen und Durchführen von Bau', 'und Bauinstandhaltungsmaßnahmen im Mauer', 'und Kommunikationstechniken']",170.09819776170224,-144.460386864098
259,,"Werbung, Marketing, kaufmännische und redaktionelle Medienberufe",Wirtschaft & Verwaltung,36,"['Kaufleute für Dialogmarketing sind in Call Centern, in Servicecentern von Industrie', ', Handels', 'und Dienstleistungsunternehmen und in anderen dialogorientierten Organisationseinheiten tätig.']","['Kommunizieren und Korrespondieren mit Auftraggebern und Kunden, Planen, Organisieren, Kontrollieren und Dokumentieren von Kampagnen und Projekten, Planen und Durch führen von Maßnahmen zu Personalbeschaffung,', 'einführung,', 'einsatz und', 'entwicklung, Steuerung und Kontrolle der Projektabwicklung unter betriebswirtschaftlicher Sicht, insbesondere mit Hilfe Call Center', 'spezifischer Kennzahlen und Steuergrößen, Bearbeiten von Aufgaben mit Unterstützung von Informations', 'und Kommunikationssystemen, Mitwirken bei Angebotsgestaltung, Vertragsanbahnung und Vertragsabschlüssen, Kalkulieren von Angeboten, Präsentieren und Verkaufen von kundenorientierten Produkten oder Dienstleistungen für Auftraggeber, Bearbeiten von Anfragen, Aufträgen und Reklamationen von Auftraggebern und Kunden, Prüfen der Auftragsdurchführung mit Hilfe von Qualitätssicherungsinstrumenten, Beobachten der Markt und Wettbewerber und Mitwirken bei der Gestaltung des Dienstleistungsangebotes.']",https://www.bibb.de/dienst/berufesuche/de/index_berufesuche.php/profile/apprenticeship/h161205,"Tätigkeitsfelder: Kaufleute für Dialogmarketing sind in Call Centern, in Servicecentern von Industrie, , Handels, und Dienstleistungsunternehmen und in anderen dialogorientierten Organisationseinheiten tätig.; Profil: Kommunizieren und Korrespondieren mit Auftraggebern und Kunden, Planen, Organisieren, Kontrollieren und Dokumentieren von Kampagnen und Projekten, Planen und Durch führen von Maßnahmen zu Personalbeschaffung,, einführung,, einsatz und, entwicklung, Steuerung und Kontrolle der Projektabwicklung unter betriebswirtschaftlicher Sicht, insbesondere mit Hilfe Call Center, spezifischer Kennzahlen und Steuergrößen, Bearbeiten von Aufgaben mit Unterstützung von Informations, und Kommunikationssystemen, Mitwirken bei Angebotsgestaltung, Vertragsanbahnung und Vertragsabschlüssen, Kalkulieren von Angeboten, Präsentieren und Verkaufen von kundenorientierten Produkten oder Dienstleistungen für Auftraggeber, Bearbeiten von Anfragen, Aufträgen und Reklamationen von Auftraggebern und Kunden, Prüfen der Auftragsdurchführung mit Hilfe von Qualitätssicherungsinstrumenten, Beobachten der Markt und Wettbewerber und Mitwirken bei der Gestaltung des Dienstleistungsangebotes.","['Handels', 'einführung', 'einsatz und']",-22.434612779130813,-49.87886855999921
260,,"Werbung, Marketing, kaufmännische und redaktionelle Medienberufe",Wirtschaft & Verwaltung,36,"['Kaufleute für Marketingkommunikation sind bei Agenturen, Beratungsunternehmen und Dienstleistern sowie in Marketing', 'und Kommunikationsabteilungen von Unternehmen, Non', 'Profit', 'Organisationen und öffentlichen Institutionen tätig.']","['beraten Kunden in Fragen der Marketingkommunikation, beobachten und analysieren Märkte und bestimmen Zielgruppen, entwickeln integrierte Kommunikationskonzepte für Kampagnen und Einzelmaßnahmen, koordinieren den Kommunikationsmix und bewerten dessen Wirksamkeit, steuern die kreative Umsetzung, organisieren und kontrollieren Herstellungsprozesse von Kommunikationsmitteln, planen und kontrollieren den Einsatz von Medien und Maßnahmen, sichern die Qualität der arbeitsteilig erbrachten Leistungen, entwickeln vertragliche Grundlagen für die Zusammenarbeit und für den Erwerb von Rechten und Lizenzen, planen, kalkulieren und kontrollieren Projektbudgets und wenden betriebliche Controllinginstrumente an.']",https://www.bibb.de/dienst/berufesuche/de/index_berufesuche.php/profile/apprenticeship/n7636646,"Tätigkeitsfelder: Kaufleute für Marketingkommunikation sind bei Agenturen, Beratungsunternehmen und Dienstleistern sowie in Marketing, und Kommunikationsabteilungen von Unternehmen, Non, Profit, Organisationen und öffentlichen Institutionen tätig.; Profil: beraten Kunden in Fragen der Marketingkommunikation, beobachten und analysieren Märkte und bestimmen Zielgruppen, entwickeln integrierte Kommunikationskonzepte für Kampagnen und Einzelmaßnahmen, koordinieren den Kommunikationsmix und bewerten dessen Wirksamkeit, steuern die kreative Umsetzung, organisieren und kontrollieren Herstellungsprozesse von Kommunikationsmitteln, planen und kontrollieren den Einsatz von Medien und Maßnahmen, sichern die Qualität der arbeitsteilig erbrachten Leistungen, entwickeln vertragliche Grundlagen für die Zusammenarbeit und für den Erwerb von Rechten und Lizenzen, planen, kalkulieren und kontrollieren Projektbudgets und wenden betriebliche Controllinginstrumente an.",['Profit'],-127.36055191825825,32.423345799149196
261,,"Werbung, Marketing, kaufmännische und redaktionelle Medienberufe",Wirtschaft & Verwaltung,36,"['Kaufleute für audiovisuelle Medien arbeiten in der Medienbranche, z.B. in den Bereichen Fernsehen und Rundfunk, Film', ', Video', 'und Musikproduktion, Filmtheater und Multimedia.']","['Kennen der Produkte und Dienstleistungen sowie der Produktionsformen und Abläufe im eigenen Unternehmen und in der Branche, Durchführen von kaufmännischen, organisatorischen und logistischen Aufgaben im Rahmen der Planung, Herstellung und Vermarktung audiovisueller Medien unter Beachtung der Wirtschaftlichkeit des Handelns, Analysieren und Beurteilen von Konzepten, Produkten und Dienstleistungen des Unternehmens unter Berücksichtigung wirtschaftlicher, rechtlicher und technischer Gesichtspunkte und Beachten von künstlerischen und gestalterischen Aspekten, Planen des Einsatzes von Personal', 'und Materialressourcen für die Medienproduktion, Prüfen von Finanzierungsmöglichkeiten und Durchführen von Kalkulationen, Beraten der Kunden über Produkte und Dienstleistungen, Führen von Verhandlungen mit Anbietern und Kunden, Erwerben und Verwerten von Rechten und Lizenzen, Beschaffen von Equipment und Organisieren des Einsatzes, Beobachten des Marktes für Medienprodukte und Dienstleistungen, Entwickeln von Marketingkonzepten, Vermarkten der Produkte und Dienstleistungen des Unternehmens, Organisieren des Vertriebs der Produkte, Auswerten von Kennzahlen und Statistiken zur Erfolgskontrolle, Nutzen von Informations', 'und Kommunikationssystemen, team', 'und projektorientiertes Arbeiten.']",https://www.bibb.de/dienst/berufesuche/de/index_berufesuche.php/profile/apprenticeship/7034101,"Tätigkeitsfelder: Kaufleute für audiovisuelle Medien arbeiten in der Medienbranche, z.B. in den Bereichen Fernsehen und Rundfunk, Film, , Video, und Musikproduktion, Filmtheater und Multimedia.; Profil: Kennen der Produkte und Dienstleistungen sowie der Produktionsformen und Abläufe im eigenen Unternehmen und in der Branche, Durchführen von kaufmännischen, organisatorischen und logistischen Aufgaben im Rahmen der Planung, Herstellung und Vermarktung audiovisueller Medien unter Beachtung der Wirtschaftlichkeit des Handelns, Analysieren und Beurteilen von Konzepten, Produkten und Dienstleistungen des Unternehmens unter Berücksichtigung wirtschaftlicher, rechtlicher und technischer Gesichtspunkte und Beachten von künstlerischen und gestalterischen Aspekten, Planen des Einsatzes von Personal, und Materialressourcen für die Medienproduktion, Prüfen von Finanzierungsmöglichkeiten und Durchführen von Kalkulationen, Beraten der Kunden über Produkte und Dienstleistungen, Führen von Verhandlungen mit Anbietern und Kunden, Erwerben und Verwerten von Rechten und Lizenzen, Beschaffen von Equipment und Organisieren des Einsatzes, Beobachten des Marktes für Medienprodukte und Dienstleistungen, Entwickeln von Marketingkonzepten, Vermarkten der Produkte und Dienstleistungen des Unternehmens, Organisieren des Vertriebs der Produkte, Auswerten von Kennzahlen und Statistiken zur Erfolgskontrolle, Nutzen von Informations, und Kommunikationssystemen, team, und projektorientiertes Arbeiten.","['Video', 'und Musikproduktion Filmtheater und Multimedia', 'und Kommunikationssystemen team', 'und projektorientiertes Arbeiten']",50.20196508536954,-84.17957446986317
262,,"Werbung, Marketing, kaufmännische und redaktionelle Medienberufe",Wirtschaft & Verwaltung,36,"['Medienkaufleute Digital und Print sind in Verlagen und Medienhäusern tätig, die gedruckte und digitale Medien herausgeben sowie Dienstleistungen anbieten.']","['Beobachten der unterschiedlichen Medienmärkte und der für sie relevanten gesellschaftlichen und technischen Entwicklungen, Mitwirken an der Produkt', 'und Programmplanung, Anwenden presse', 'und urheberrechtlicher Bestimmungen und Berücksichtigen branchenspezifischer Rahmenbedingungen, Mitarbeiten an der Entwicklung von Marketingkonzepten und Umsetzen von Marketingkonzepten, Beraten der Kunden über Medienprodukte und Dienstleistungen, Verkaufen von Digital', 'und Printprodukten und Anbieten von Media', 'und Dienstleistungen, Mitwirken bei der Gestaltung und Herstellung von Medienprodukten, Bearbeiten von Aufgaben in Vertrieb und Marketing, Berechnen von Produktions', 'und Vertriebskosten, Durchführen von Kalkulationen und Anwenden betrieblicher Controllinginstrumente, Mitwirken bei Kauf und Verkauf von Rechten und Lizenzen, Einkaufen von Arbeits', 'und Produktionsmittel sowie Dienstleistungen.']",https://www.bibb.de/dienst/berufesuche/de/index_berufesuche.php/profile/apprenticeship/n2345645,"Tätigkeitsfelder: Medienkaufleute Digital und Print sind in Verlagen und Medienhäusern tätig, die gedruckte und digitale Medien herausgeben sowie Dienstleistungen anbieten.; Profil: Beobachten der unterschiedlichen Medienmärkte und der für sie relevanten gesellschaftlichen und technischen Entwicklungen, Mitwirken an der Produkt, und Programmplanung, Anwenden presse, und urheberrechtlicher Bestimmungen und Berücksichtigen branchenspezifischer Rahmenbedingungen, Mitarbeiten an der Entwicklung von Marketingkonzepten und Umsetzen von Marketingkonzepten, Beraten der Kunden über Medienprodukte und Dienstleistungen, Verkaufen von Digital, und Printprodukten und Anbieten von Media, und Dienstleistungen, Mitwirken bei der Gestaltung und Herstellung von Medienprodukten, Bearbeiten von Aufgaben in Vertrieb und Marketing, Berechnen von Produktions, und Vertriebskosten, Durchführen von Kalkulationen und Anwenden betrieblicher Controllinginstrumente, Mitwirken bei Kauf und Verkauf von Rechten und Lizenzen, Einkaufen von Arbeits, und Produktionsmittel sowie Dienstleistungen.","['und Programmplanung Anwenden presse', 'und Printprodukten und Anbieten von Media', 'und Produktionsmittel sowie Dienstleistungen']",13.050807467799142,-56.35420897376496
263,,"Werbung, Marketing, kaufmännische und redaktionelle Medienberufe",Wirtschaft & Verwaltung,24,"['Servicefachkräfte für Dialogmarketing sind in Call Centern, Servicecentern von Industrie', ', Handels', 'und Dienstleistungsunternehmen und in anderen dialogorientierten Organisationseinheiten tätig.']","['Kommunizieren und Korrespondieren mit Kunden, bei gleichzeitiger Nutzung von Informations', 'und Kommunikationssystemen, Bearbeiten von Kundenanfragen, Aufträgen und Reklamationen, Analysieren des Bedarfs, Beraten von Kunden und Anbieten von kundenspezifischen Problemlösungen, situationsangepasstes Einsetzen rhetorischer Mittel und Gesprächsführungstechniken, kundenorientiertes Präsentieren und Verkaufen von Produkten und Dienstleistungen, aktive Kontaktaufnahme mit potenziellen Kunden und Interessenten, Mitwirken bei der Vorbereitung von Projekten, Durchführen von Projekten im Team und Dokumentieren der Projektergebnisse, Berücksichtigen spezifischer Kennzahlen und Steuerungsgrößen für das Projektcontrolling, Nutzen von Datenbanken, Pflegen und Sichern von Daten, Anwenden einschlägiger Rechts', ', Datenschutz', 'und Sicherheitsvorschriften.']",https://www.bibb.de/dienst/berufesuche/de/index_berufesuche.php/profile/apprenticeship/n5453542,"Tätigkeitsfelder: Servicefachkräfte für Dialogmarketing sind in Call Centern, Servicecentern von Industrie, , Handels, und Dienstleistungsunternehmen und in anderen dialogorientierten Organisationseinheiten tätig.; Profil: Kommunizieren und Korrespondieren mit Kunden, bei gleichzeitiger Nutzung von Informations, und Kommunikationssystemen, Bearbeiten von Kundenanfragen, Aufträgen und Reklamationen, Analysieren des Bedarfs, Beraten von Kunden und Anbieten von kundenspezifischen Problemlösungen, situationsangepasstes Einsetzen rhetorischer Mittel und Gesprächsführungstechniken, kundenorientiertes Präsentieren und Verkaufen von Produkten und Dienstleistungen, aktive Kontaktaufnahme mit potenziellen Kunden und Interessenten, Mitwirken bei der Vorbereitung von Projekten, Durchführen von Projekten im Team und Dokumentieren der Projektergebnisse, Berücksichtigen spezifischer Kennzahlen und Steuerungsgrößen für das Projektcontrolling, Nutzen von Datenbanken, Pflegen und Sichern von Daten, Anwenden einschlägiger Rechts, , Datenschutz, und Sicherheitsvorschriften.","['Handels', 'Datenschutz', 'und Sicherheitsvorschriften']",-5.068862075268063,-38.4096116667896
